SKU,Product,Shipments with extra charge,Extra charged ($),By service,By type
LX4040BLKNOMAT,Thin Border Picture Frame | Shatter-Resistant | No Mat | Tabletop/Wall Display - Americanflat - 40x40 / Black,89,13205.81,"FedEx (service not itemized) $13,205.81","Billed above label cost $13,205.81"
WB3636BLK,Gallery Poster Frame without Mat | Epic Collection - 36x36 / Black,47,3144.05,"FedEx (service not itemized) $3,144.05","Billed above label cost $3,144.05"
WMW2840BLK2436,Oversized Gallery Picture Frame with Mat | Hudson Collection - 28x40 / Black / 24x36,127,1332.21,"FedEx (service not itemized) $1,332.21","Billed above label cost $1,332.21"
WB2840BLK,Epic Poster Frame - 28x40 / Black,20,1296.38,"FedEx (service not itemized) $1,296.38","Billed above label cost $1,296.38"
WB3030BLKPC,"Americanflat 30x30 Poster frame, Black",60,1220.37,"FedEx (service not itemized) $1,220.37","Billed above label cost $1,220.37"
MP-WPC-GSD-2840-WHITE-2436,"Americanflat 28x40 Gallery-Style Picture Frame with Mat to Secure Artwork, Prints, and Photos - White",25,1138.41,FedEx (service not itemized) $538.31; UPS Ground Saver $511.70; UPS (service not itemized) $88.40,Billed above label cost $626.71; Carrier re-rate after label $511.70
MP-WPC-GSD-2840-BLACK-2436,"Americanflat 28x40 Gallery-Style Picture Frame with Mat to Secure Artwork, Prints, and Photos - Black",38,1107.21,"FedEx (service not itemized) $1,107.21","Billed above label cost $1,107.21"
LX2828BLK2424,Picture Frame | Includes Mat | Slim Molding | Streamline Collection - 28x28 with 24x24 Mat / Black / 1 Pack,39,936.05,UPS Ground Saver $761.39; FedEx (service not itemized) $144.27; UPS (service not itemized) $30.39,Carrier re-rate after label $791.78; Billed above label cost $144.27
MP-WPC-GSD-2436-BLACK-2030,"Americanflat 24x36 Gallery-Style Picture Frame with Mat to Secure Artwork, Prints, and Photos - Black",66,921.15,FedEx (service not itemized) $921.15,Billed above label cost $921.15
LX2436BLK,Americanflat 24x36 Poster Frame with Polished Plexiglass - Streamline Collection - Thin Border Picture Frame for Wall Display - Black,97,898.37,UPS Ground Saver $555.67; USPS Ground Advantage $225.62; FedEx (service not itemized) $69.03; UPS (service not itemized) $48.05,Carrier re-rate after label $805.03; Billed above label cost $93.34
DM1248BK,Americanflat 15x51 Over The Door Mirror - Hanging Full Length Mirrors with Engineered Wood - Modern Mirror for Living Room - Mirrors for Wall Display,49,880.96,FedEx (service not itemized) $880.96,Billed above label cost $880.96
MP-WPC-GSD-2228-BLACK-1824,"Americanflat 22x28 Gallery-Style Picture Frame with Mat to Secure Artwork, Prints, and Photos - Black",70,651.56,UPS Ground Saver $546.58; FedEx (service not itemized) $49.64; UPS (service not itemized) $35.84; USPS Ground Advantage $19.50,Carrier re-rate after label $583.64; Billed above label cost $67.92
WB2030OAKPC,Gallery Poster Frame with Wood Grain Finish | Epic Collection - 20x30 / Pine,86,600.76,UPS Ground Saver $480.66; FedEx (service not itemized) $120.10,Carrier re-rate after label $480.66; Billed above label cost $120.10
LX2030BLK,Poster Frame | Slim Molding | Streamline Collection - Black / 20x30,108,586.13,UPS Ground Saver $535.07; FedEx (service not itemized) $44.38; UPS (service not itemized) $6.68,Carrier re-rate after label $535.75; Billed above label cost $50.38
MP-MDF-2436-WHITE,Americanflat Poster Frame 24x36 Inches - White Engineered Wood Picture Frame with Plexiglass Cover,27,558.11,USPS Ground Advantage $474.07; FedEx (service not itemized) $78.04; UPS Ground Saver $6.00,Carrier re-rate after label $480.07; Billed above label cost $78.04
WB2740WHT,Poster Frames | Polished Plexiglass | Wide Modern Design - Americanflat - 27x40 / White,4,548.25,FedEx (service not itemized) $548.25,Billed above label cost $548.25
WB2030LWOOD,Americanflat 20x30 Poster Frame in Light Wood with Polished Plexiglass - Horizontal and Vertical Formats with Included Hanging Hardware,75,524.25,UPS Ground Saver $390.07; FedEx (service not itemized) $134.17,Carrier re-rate after label $390.07; Billed above label cost $134.17
WB2740BLK,Gallery Poster Frame without Mat | Epic Collection - 27x40 / Black,29,506.51,FedEx (service not itemized) $506.51,Billed above label cost $506.51
WMW2024BLK1620,"Americanflat 20x24 Picture Frame with Polished Plexiglass, Use as 16x20 Frame with Mat or 20x24 Frame Without Mat, Hudson Collection, Black",81,469.6,USPS Ground Advantage $287.05; UPS Ground Saver $145.78; FedEx (service not itemized) $36.78,Carrier re-rate after label $432.83; Billed above label cost $36.78
WMW2840PBRASS2436,Oversized Gallery Picture Frame with Mat | Hudson Collection - 28x40 / Gold,15,460.57,FedEx (service not itemized) $460.57,Billed above label cost $460.57
MW0824BLK,Americanflat 8x24 Picture Frame in Black - Composite Wood with Shatter Resistant Glass - Horizontal and Vertical Formats for Wall,175,453.64,UPS Ground Saver $373.32; UPS (service not itemized) $65.46; FedEx (service not itemized) $8.14; USPS Ground Advantage $6.72,Carrier re-rate after label $427.87; Billed above label cost $25.77
WB2030BKPC,Poster Frames | Polished Plexiglass | Wide Modern Design - Americanflat - 20x30 / Black,30,444.1,UPS Ground Saver $292.22; FedEx (service not itemized) $107.61; UPS (service not itemized) $39.88; USPS Ground Advantage $4.39,Carrier re-rate after label $296.61; Billed above label cost $147.49
LX2840BLK2436,Picture Frame | Includes Mat | Slim Molding | Streamline Collection - 28x40 / Black,21,443.8,UPS Ground Saver $242.92; FedEx (service not itemized) $200.88,Carrier re-rate after label $242.92; Billed above label cost $200.88
WB2430BLK,"Americanflat 24x30 Picture Frame with Polished Plexiglass, Epic Collection, Gallery Wall Frames with Engineered Wood, Black",27,432.98,FedEx (service not itemized) $432.98,Billed above label cost $432.98
LX2840WHT2436,Picture Frame | Includes Mat | Slim Molding | Streamline Collection - 28x40 with 24x36 Mat / White / 1 Pack,17,403.16,FedEx (service not itemized) $403.16,Billed above label cost $403.16
LX1624BLKNOMAT,Americanflat 16x24 Poster Frame with Polished Plexiglass - Streamline Collection - Thin Border Picture Frame for Wall Display - Black,133,402.73,UPS Ground Saver $258.04; UPS (service not itemized) $89.76; FedEx (service not itemized) $31.51; USPS Ground Advantage $23.42,Carrier re-rate after label $356.82; Billed above label cost $45.91
WB2632BLK2228,Americanflat 26x32 Picture Frame  - Use as 22x28 Frame with Mat or Display 26x32 Photo Without Mat - Epic Collection - Black,18,395.1,FedEx (service not itemized) $395.10,Billed above label cost $395.10
LX2432BLKNOMAT,Americanflat 24x32 Poster Frame with Polished Plexiglass - Streamline Collection - Thin Border Picture Frame for Wall Display - Black,57,386.32,UPS Ground Saver $329.06; FedEx (service not itemized) $37.27; UPS (service not itemized) $20.00,Carrier re-rate after label $329.06; Billed above label cost $57.27
LX2840GLD2436,Americanflat 28x40 Poster Frame with Polished Plexiglass - 24x36 Frame with Mat or Display 28x40 Photo Without Mat - Streamline Collection - Gold,73,384.63,FedEx (service not itemized) $384.63,Billed above label cost $384.63
LX2228WHT1824,Americanflat 22x28 Poster Frame with Polished Plexiglass - Use as 18x24 Frame with Mat or 22x28 Frame Without Mat - Streamline Collection - White,42,352.97,UPS Ground Saver $258.91; USPS Ground Advantage $90.52; FedEx (service not itemized) $3.54,Carrier re-rate after label $349.43; Billed above label cost $3.54
DM1248DWOOD,Americanflat 15x51 Over The Door Mirror - Hanging Full Length Mirrors with Engineered Wood - Modern Mirror for Bedroom - Mirrors for Wall Display,18,351.76,FedEx (service not itemized) $351.76,Billed above label cost $351.76
LX1824BLK,Americanflat 18x24 Poster Frame with Polished Plexiglass - Streamline Collection - Thin Border Picture Frame for Wall Display - Black,119,350.98,UPS Ground Saver $301.71; FedEx (service not itemized) $42.57; UPS (service not itemized) $4.00; USPS Ground Advantage $2.70,Carrier re-rate after label $304.42; Billed above label cost $46.57
WB2840NAOAK2436,"Americanflat 28x40 Poster Frame with Polished Plexiglass, Use as 24x36 Frame with Mat or 28x40 Frame Without Mat, Epic Collection, Natural Oak",5,328.6,FedEx (service not itemized) $328.60,Billed above label cost $328.60
WB3040BLKPC,Poster Frames | Polished Plexiglass | Wide Modern Design - Americanflat - 30x40 / Black,11,328.2,FedEx (service not itemized) $328.20,Billed above label cost $328.20
WB2436BKPC,Americanflat 24x36 Poster Frame with Polished Plexiglass - Epic Collection - Gallery Wall Frames with Engineered Wood - Black,43,321.7,FedEx (service not itemized) $320.06; UPS (service not itemized) $1.64,Billed above label cost $321.70
MP-WPC-GSD-2024-BLACK-1620,"Americanflat 20x24 Gallery-Style Picture Frame with Mat to Secure Artwork, Prints, and Photos - Black",31,316.37,FedEx (service not itemized) $237.35; UPS Ground Saver $64.73; UPS (service not itemized) $9.00; USPS Ground Advantage $5.28,Billed above label cost $246.35; Carrier re-rate after label $70.02
WB2525BLK,Americanflat 25x25 Picture Frame  - Epic Collection - Square Picture Frame with Engineered Wood - Wide Photo Frames for Wall display - Black,10,304.87,FedEx (service not itemized) $304.87,Billed above label cost $304.87
MPCANFA281P17124362SET,Americanflat 24x36 Black and White Modern Canvas Wall Art - Set of 2,6,288.0,UPS Ground Saver $252.47; UPS (service not itemized) $35.53,Carrier re-rate after label $252.47; Billed above label cost $35.53
WMW2840MAH2436,Oversized Gallery Picture Frame with Mat | Hudson Collection - 28x40 / Brown,13,281.7,FedEx (service not itemized) $281.70,Billed above label cost $281.70
LX3040BLKNOMAT,"Americanflat 30x40 Poster Frame with Polished Plexiglass, Streamline Collection, Thin Border Picture Frame for Wall Display, , Black",26,273.63,UPS Ground Saver $137.72; FedEx (service not itemized) $132.91; USPS Ground Advantage $3.00,Carrier re-rate after label $140.72; Billed above label cost $132.91
WMW2424BLK2020,Americanflat 24x24 Picture Frame with Polished Plexiglass - Use as 20x20 Frame with Mat or 24x24 Frame Without Mat - Hudson Collection - Black,76,271.94,UPS Ground Saver $135.22; FedEx (service not itemized) $74.45; USPS Ground Advantage $56.72; UPS (service not itemized) $5.55,Carrier re-rate after label $180.09; Billed above label cost $91.85
WB2028BLK1624,"Americanflat 20x28 Picture Frame with Polished Plexiglass, Use as 16x24 Frame with Mat or 20x28 Frame Without Mat, Epic Collection, Black",44,263.55,UPS Ground Saver $191.76; FedEx (service not itemized) $30.99; UPS (service not itemized) $25.75; USPS Ground Advantage $15.06,Carrier re-rate after label $215.17; Billed above label cost $48.39
MW1436BLKNOMAT,Americanflat 14x36 Poster Frame  -- Gallery-Style Frames Made of Engineered Wood - Photo Frame for Wall Display - Black,42,256.54,UPS Ground Saver $194.80; FedEx (service not itemized) $28.16; USPS Ground Advantage $22.58; UPS (service not itemized) $11.00,Carrier re-rate after label $217.38; Billed above label cost $39.16
LX2020WHT810NF,Thin Border Picture Frame | Shatter-Resistant Plexiglass | Wall Art Display - 20x20 / White / 8x10,8,249.54,FedEx (service not itemized) $249.54,Billed above label cost $249.54
LX1236BLKNOMAT,Americanflat 12x36 Picture Frame with Polished Plexiglass - Thin Border Picture Frame for Wall Display - Hanging Hardware Included - Black,36,247.01,UPS Ground Saver $125.82; USPS Ground Advantage $89.52; FedEx (service not itemized) $25.67; UPS (service not itemized) $6.00,Carrier re-rate after label $215.34; Billed above label cost $31.67
LX2428BLK2024,"Americanflat 24x28 Picture Frame with Polished Plexiglass, Use as 20x24 Frame with Mat or 24x28 Frame Without Mat, Streamline Collection, ,  Black",23,244.97,USPS Ground Advantage $114.59; UPS Ground Saver $69.73; FedEx (service not itemized) $44.03; UPS (service not itemized) $16.62,Carrier re-rate after label $200.94; Billed above label cost $44.03
WMW1624PBRASS1218,Oversized Gallery Picture Frame with Mat | Hudson Collection - 16X24 / Gold / 12x18,3,236.91,FedEx (service not itemized) $236.91,Billed above label cost $236.91
MP-PVC-LX-1824-BLACK-810-3PK,Americanflat Picture Frame with Mat | Set of 3 | Slim Molding - 18 x 24 / Black,71,233.96,UPS Ground Saver $109.13; UPS (service not itemized) $68.26; FedEx (service not itemized) $56.57,Carrier re-rate after label $136.72; Billed above label cost $97.24
LX2424BLK1114,Americanflat 24x24 Picture Frame with Polished Plexiglass - Use as 11x14 Frame with Mat or 24x24 Frame Without Mat - Streamline Collection - Black,68,225.63,UPS Ground Saver $152.12; FedEx (service not itemized) $40.14; USPS Ground Advantage $21.18; UPS (service not itemized) $12.18,Carrier re-rate after label $185.49; Billed above label cost $40.14
WB1824DWOOD,Americanflat 18x24 Poster Frame in Driftwood with Polished Plexiglass-Horizontal and Vertical Formats with Included Hanging Hardware,78,217.57,UPS Ground Saver $170.30; FedEx (service not itemized) $34.33; UPS (service not itemized) $9.46; USPS Ground Advantage $3.48,Carrier re-rate after label $183.24; Billed above label cost $34.33
SIF2436BLK,Snap-In Poster Frame Without Mat - Americanflat - 24x36 / Black,9,216.03,FedEx (service not itemized) $134.50; UPS Ground Saver $46.52; USPS Ground Advantage $27.83; UPS (service not itemized) $7.18,Billed above label cost $134.50; Carrier re-rate after label $81.53
WMW2840GREY2436,"Americanflat 28x40 Picture Frame with Polished Plexiglass, Use as 24x36 Frame with Mat or 28x40 Frame Without Mat, Hudson Collection, Grey Wood",8,209.56,FedEx (service not itemized) $209.56,Billed above label cost $209.56
A281P227PILL1414SP,"Americanflat 14x14 Decorative Throw Pillow with Sewn-in Insert - Soft Square All-in-One Cushion for Sofa, Couch or Bed - Sepia",33,204.82,FedEx (service not itemized) $204.82,Billed above label cost $204.82
WB2436LWOODPC,Gallery Poster Frame with Wood Grain Finish | Epic Collection - 24x36 / Lightwood,23,195.86,UPS Ground Saver $140.33; FedEx (service not itemized) $49.53; UPS (service not itemized) $6.00,Carrier re-rate after label $140.33; Billed above label cost $55.53
WMW2434BLK2030,"Americanflat 24x34 Poster Frame with Polished Plexiglass, Use as 20x30 Frame with Mat or 24x34 Frame without Mat, Hudson Collection, Black",29,191.09,FedEx (service not itemized) $191.09,Billed above label cost $191.09
MP-ALU-AL-1620-GOLD-1114,Americanflat Aluminum 16 x 20 Picture Frame - Gold,33,189.54,UPS Ground Saver $176.08; USPS Ground Advantage $7.50; FedEx (service not itemized) $3.96; UPS (service not itemized) $2.00,Carrier re-rate after label $183.58; Billed above label cost $5.96
WB1927BLKPC,"Americanflat 19x27 Poster frame, Black",30,187.13,UPS Ground Saver $163.88; UPS (service not itemized) $22.62; FedEx (service not itemized) $0.63,Carrier re-rate after label $180.50; Billed above label cost $6.63
CFF1020WHT357,Americanflat 5x7 Picture Frame Collage with Shatter-Resistant Glass - Fits Three 5x7 Photos or use as One 10x20 Picture Frame - White,34,182.45,USPS Ground Advantage $169.92; UPS Ground Saver $9.48; FedEx (service not itemized) $3.05,Carrier re-rate after label $179.40; Billed above label cost $3.05
MW0824WALNUT546,Americanflat 8x24 Collage Picture Frame with Five 4x6 Displays in Walnut - Composite Wood with Shatter Resistant Glass,28,181.33,USPS Ground Advantage $171.25; USPS (service not itemized) $9.84; FedEx (service not itemized) $0.24,Carrier re-rate after label $181.09; Billed above label cost $0.24
WMW1620BLK1216,"Americanflat 16x20 Picture Frame with Polished Plexiglass, Use as 12x16 Frame with Mat or 16x20 Frame Without Mat, Hudson Collection, Black",35,181.03,USPS Ground Advantage $108.46; FedEx (service not itemized) $60.16; USPS (service not itemized) $12.41,Carrier re-rate after label $127.41; Billed above label cost $53.62
MP-PVC-LX-2740-BLACK,Americanflat 27x40 Poster Frame - Perfect for Photos and Artwork - Black,10,178.97,FedEx (service not itemized) $178.97,Billed above label cost $178.97
MPCANGWA281P17223040,"Americanflat Canvas Wall Art Featuring Blue, Grey, Green and White Tones - Gallery Wrap - Lake Landscape Wall Art",3,176.51,UPS Ground Saver $176.51,Carrier re-rate after label $176.51
WB1620BLKPC1417,"Americanflat 16x20 Poster frame with Mat for 14x17, Black",59,174.88,UPS Ground Saver $160.68; USPS Ground Advantage $7.50; FedEx (service not itemized) $6.71,Carrier re-rate after label $168.17; Billed above label cost $6.71
LX2434BLK2030,Americanflat 24x34 Poster Frame with Polished Plexiglass - Use as 20x30 Frame with Mat or 24x34 Frame Without Mat - Streamline Collection - Black,25,174.68,UPS Ground Saver $135.11; FedEx (service not itemized) $39.55; UPS (service not itemized) $0.01,Carrier re-rate after label $135.11; Billed above label cost $39.56
WB2024WALNUT,Americanflat 20x24 Poster Frame in Walnut with Polished Plexiglass - Horizontal and Vertical Formats with Included Hanging Hardware,38,172.76,UPS Ground Saver $167.87; FedEx (service not itemized) $4.90,Carrier re-rate after label $167.87; Billed above label cost $4.90
MPCANGWA281P17133040,Abstract Earth Tones Canvas Wall Art with Hand-Painted Accents and Gold Foil - Gallery Wrap - 30x40,4,171.98,UPS Ground Saver $171.98,Carrier re-rate after label $171.98
BSBLRNGDCBLK,Americanflat 12.9x15.5 Baseball Display Case Holds Up to 12 Baseballs or Champion Ring - Display Case with Polished Plexiglass - Black,25,169.1,UPS Ground Saver $95.82; USPS Ground Advantage $29.57; FedEx (service not itemized) $28.46; UPS (service not itemized) $15.25,Carrier re-rate after label $140.64; Billed above label cost $28.46
MP-PVC-LX-2027-BLACK,Americanflat 20x27 Poster Frame - Perfect for Photos and Artwork - Black,56,166.46,UPS Ground Saver $145.91; FedEx (service not itemized) $16.90; UPS (service not itemized) $3.65,Carrier re-rate after label $145.91; Billed above label cost $20.55
MP-PVC-LX-2230-BLACK,Americanflat 22x30 Poster Frame - Perfect for Photos and Artwork - Black,25,163.73,UPS Ground Saver $147.57; FedEx (service not itemized) $16.16,Carrier re-rate after label $147.57; Billed above label cost $16.16
LX1422BLKNOMAT,"Americanflat 14x22 Poster Frame with Polished Plexiglass, Streamline Collection, Thin Border Picture Frame for Wall Display, , Black",43,157.74,USPS Ground Advantage $104.14; UPS Ground Saver $40.38; UPS (service not itemized) $12.52; FedEx (service not itemized) $0.71,Carrier re-rate after label $152.60; Billed above label cost $5.13
WB2228WHPC,Gallery Poster Frame with Wood Grain Finish | Epic Collection - 22x28 / White,16,157.15,USPS Ground Advantage $69.17; UPS Ground Saver $67.03; FedEx (service not itemized) $20.95,Carrier re-rate after label $136.20; Billed above label cost $20.95
WB2434BLK2030,Epic Matted Poster Frame - 24x34 / Black / 20x30,10,156.62,FedEx (service not itemized) $156.62,Billed above label cost $156.62
LX8511BLK,Americanflat 8.5x11 Picture Frame with Shatter-Resistant Glass - Streamline Collection - Thin Border Photo Frame for Wall - Black,38,155.01,UPS Ground Saver $117.75; UPS (service not itemized) $31.90; USPS Ground Advantage $4.83; FedEx (service not itemized) $0.54,Carrier re-rate after label $145.76; Billed above label cost $9.26
LX1218BLK,Picture Frame | Slim Molding | Streamline Collection - 12x18 / Black,23,154.47,FedEx (service not itemized) $131.59; UPS Ground Saver $17.09; USPS Ground Advantage $5.79,Billed above label cost $131.59; Carrier re-rate after label $22.88
MW0824BK546,Americanflat Picture Frame | Collage | Five 4x6 Openings with Classic Molding | Signature Collection - 8x24 / Black,57,153.79,UPS Ground Saver $141.63; USPS Ground Advantage $9.85; UPS (service not itemized) $2.01; FedEx (service not itemized) $0.30,Carrier re-rate after label $153.49; Billed above label cost $0.30
CF1620BLK9OP,"Americanflat 16x20 Collage Picture Frame  - Multi Picture Frames Fit One 6x8, Four 5x7 and Four 4x4 Photos or Use as One 16x20 Frame -- Black",53,153.55,UPS Ground Saver $151.21; FedEx (service not itemized) $2.34,Carrier re-rate after label $151.21; Billed above label cost $2.34
WB2436MAHPC,Gallery Poster Frame with Wood Grain Finish | Epic Collection - 24x36 / Mahogany,15,153.33,USPS Ground Advantage $92.96; FedEx (service not itemized) $54.37; UPS Ground Saver $6.00,Carrier re-rate after label $98.96; Billed above label cost $54.37
WB2424BLKPC,Americanflat 24x24 Poster Frame in Black with Polished Plexiglass - Horizontal and Vertical Formats with Included Hanging Hardware,16,153.14,FedEx (service not itemized) $153.14,Billed above label cost $153.14
FLAGCASEBR,Americanflat Large Flag Display Case for Burial Flag - Fits Folded 5 x 9.5' Flag - Military Flag Case - Silhouette Collection - Mahogany,23,151.51,UPS Ground Saver $128.44; USPS Ground Advantage $15.85; FedEx (service not itemized) $7.22,Carrier re-rate after label $144.29; Billed above label cost $7.22
MW0824WHT546,Americanflat 8x24 Collage Picture Frame with Five 4x6 Displays in White - Composite Wood with Shatter Resistant Glass,35,150.48,USPS Ground Advantage $71.89; UPS Ground Saver $54.48; UPS (service not itemized) $23.31; FedEx (service not itemized) $0.80,Carrier re-rate after label $145.68; Billed above label cost $4.80
WB2228PBRASS,Gallery Poster Frame with Wood Grain Finish | Epic Collection - 22x28 / Gold,9,149.29,UPS Ground Saver $115.97; FedEx (service not itemized) $33.32,Carrier re-rate after label $115.97; Billed above label cost $33.32
A2BLK,A-Sized Picture Frame | A Frames Collection | Modern Decor - A2 (16.5x23.4) / Black / 1 Pack,33,146.48,UPS Ground Saver $103.27; USPS Ground Advantage $23.42; FedEx (service not itemized) $19.79,Carrier re-rate after label $126.69; Billed above label cost $19.79
MP-PVC-LX-2026-BLACK,Americanflat 20x26 Poster Frame - Perfect for Photos and Artwork - Black,35,143.13,FedEx (service not itemized) $75.43; UPS Ground Saver $55.36; UPS (service not itemized) $9.82; USPS Ground Advantage $2.51,Billed above label cost $75.52; Carrier re-rate after label $67.60
MP-WPC-GSD-2228-WHITE-1824,"Americanflat 22x28 Gallery-Style Picture Frame with Mat to Secure Artwork, Prints, and Photos - White",12,139.57,UPS Ground Saver $87.41; FedEx (service not itemized) $52.17,Carrier re-rate after label $87.41; Billed above label cost $52.17
GSD2228BLK1824,Gallery Picture Frame with Mat | Soho Collection - 22x28 / Black / 18x24,19,139.41,UPS Ground Saver $100.35; FedEx (service not itemized) $39.06,Carrier re-rate after label $100.35; Billed above label cost $39.06
LX3030BLKNOMAT,Poster Frame | Slim Molding | Streamline Collection - Black / 30x30,5,136.98,FedEx (service not itemized) $72.66; UPS Ground Saver $38.30; USPS Ground Advantage $26.02,Billed above label cost $72.66; Carrier re-rate after label $64.32
A3BK,Americanflat A3 Picture Frame with Shatter-Resistant Glass - 11.7x16.5 Frame with Engineered Wood - Signature Collection - Black,31,136.49,UPS Ground Saver $100.92; UPS (service not itemized) $18.57; FedEx (service not itemized) $14.64; USPS Ground Advantage $2.36,Carrier re-rate after label $121.66; Billed above label cost $14.83
MP-MDF-2030-WHITE,Americanflat Poster Frame 20x30 Inches - White Engineered Wood Picture Frame with Plexiglass Cover,11,135.22,USPS Ground Advantage $123.95; UPS Ground Saver $8.58; FedEx (service not itemized) $2.68,Carrier re-rate after label $132.53; Billed above label cost $2.68
WMW2228BLK1824,"Americanflat 22x28 Poster Frame with Polished Plexiglass, Use as 18x24 Frame with Mat or 22x28 Frame Without Mat, Hudson Collection, Black",44,133.69,FedEx (service not itemized) $127.69; UPS Ground Saver $6.00,Billed above label cost $127.69; Carrier re-rate after label $6.00
LX2024WHT1620,Americanflat 20x24 Picture Frame with Polished Plexiglass - Use as 16x20 Frame with Mat or 20x24 Frame Without Mat - Streamline Collection - White,53,132.24,UPS Ground Saver $105.69; USPS Ground Advantage $13.46; UPS (service not itemized) $8.71; FedEx (service not itemized) $4.37,Carrier re-rate after label $119.16; Billed above label cost $13.08
WB2632WHT2228,Epic Matted Poster Frame - 26x32 / White / 22x28,10,131.61,FedEx (service not itemized) $131.61,Billed above label cost $131.61
WB2638BLK,Gallery Poster Frame without Mat | Epic Collection - 26x38 / Black,6,130.35,FedEx (service not itemized) $130.35,Billed above label cost $130.35
WB2535BLK,"Americanflat 25x35 Poster Frame with Polished Plexiglass, Epic Collection, Gallery Wall Frames with Engineered Wood, Black",5,128.34,FedEx (service not itemized) $128.34,Billed above label cost $128.34
LX2228BLK,"Americanflat 22x28 Poster frame, Black",26,126.27,UPS Ground Saver $116.61; FedEx (service not itemized) $7.23; UPS (service not itemized) $1.67; USPS Ground Advantage $0.76,Carrier re-rate after label $119.04; Billed above label cost $7.23
MW1117BK,Americanflat 11x17 Picture Frame in Black - Legal Sized Paper Display - Composite Wood with Shatter Resistant Glass,32,122.01,UPS Ground Saver $93.70; FedEx (service not itemized) $17.93; UPS (service not itemized) $8.48; USPS Ground Advantage $1.90,Carrier re-rate after label $95.61; Billed above label cost $26.40
LX1224BLKNOMAT,Americanflat 12x24 Picture Frame with Polished Plexiglass - Streamline - Thin Border Picture Frame - Hanging Hardware Included - Black,40,121.33,UPS Ground Saver $69.10; USPS Ground Advantage $45.80; FedEx (service not itemized) $6.43,Carrier re-rate after label $114.90; Billed above label cost $6.43
WB2436PBRASSPC,Gallery Poster Frame with Wood Grain Finish | Epic Collection - 24x36 / Gold,10,118.0,USPS Ground Advantage $62.81; FedEx (service not itemized) $55.19,Carrier re-rate after label $62.81; Billed above label cost $55.19
PS1114NAOAK8102PK,Americanflat 11x14 Picture Frame with Polished Plexiglass - Set of 2 - Use as 8x10 Frame with Mat or Display 11x14 Photo Without Mat - Galleria,29,114.92,FedEx (service not itemized) $114.92,Billed above label cost $114.92
343143029216837648,Americanflat 18x24 Kids Jersey Frame Display Case - Shadow Box Frame - Black,4,114.55,UPS Ground Saver $114.55,Carrier re-rate after label $114.55
CF1212BLK446,Americanflat 4x6 Collage Picture Frame with Shatter-Resistant Glass - Fits Four 4x6 Photos or Use as One 12x12 Picture Frame - Black,43,113.91,UPS Ground Saver $106.33; USPS Ground Advantage $5.18; FedEx (service not itemized) $2.39,Carrier re-rate after label $109.32; Billed above label cost $4.58
MP-PVC-LX-2525-BLACK,Americanflat 25x25 Poster Frame - Perfect for Photos and Artwork - Black,14,113.14,USPS Ground Advantage $59.86; FedEx (service not itemized) $22.55; UPS Ground Saver $16.61; UPS (service not itemized) $14.12,Carrier re-rate after label $97.39; Billed above label cost $15.75
SBD1114BLK,"Americanflat Front Opening 11x14 Shadow Box Frame with Shatter-Resistant Glass, Silhouette Collection, Shadow Box Display Case for Tabletop, Black",30,110.95,USPS Ground Advantage $71.33; UPS Ground Saver $30.17; UPS (service not itemized) $6.12; FedEx (service not itemized) $3.33,Carrier re-rate after label $101.50; Billed above label cost $9.45
WB1824BKPC,Americanflat 18x24 inch Black Poster Frame | Polished Plexiglass. Hanging Hardware Included!,25,107.4,UPS Ground Saver $62.13; FedEx (service not itemized) $35.90; UPS (service not itemized) $5.62; USPS Ground Advantage $3.75,Carrier re-rate after label $65.88; Billed above label cost $41.52
MP-PVC-LX-1236-BLACK,Americanflat 12x36 Poster Frame - Perfect for Photos and Artwork - Black,13,107.0,USPS Ground Advantage $54.97; UPS (service not itemized) $35.81; UPS Ground Saver $16.22,Carrier re-rate after label $83.00; Billed above label cost $24.00
MP-PVC-LX-1216-BLACK,Americanflat 12x16 Poster Frame - Perfect for Photos and Artwork - Black,23,105.1,UPS Ground Saver $77.68; FedEx (service not itemized) $12.22; USPS Ground Advantage $7.91; UPS (service not itemized) $7.29,Carrier re-rate after label $84.54; Billed above label cost $20.56
LX1216BLKNOMAT,Picture Frame | Slim Molding | Streamline Collection - 12x16,43,103.88,UPS Ground Saver $91.33; FedEx (service not itemized) $9.52; USPS Ground Advantage $3.03,Carrier re-rate after label $87.86; Billed above label cost $16.03
CF2020BLK11OP,"Americanflat 20x20 Collage Picture Frame  - Multi Picture Frames Fit One 8x10, Four 5x5 and Six 4x6 Photos or Use as One 20x20 Frame -- Black",37,101.84,UPS Ground Saver $81.93; USPS (service not itemized) $8.44; USPS Ground Advantage $5.26; UPS (service not itemized) $4.38; FedEx (service not itemized) $1.83,Carrier re-rate after label $95.63; Billed above label cost $6.21
WB1722BLKPC,"Americanflat 17x22 Poster frame, Black",46,101.11,UPS Ground Saver $61.25; FedEx (service not itemized) $26.33; UPS (service not itemized) $9.73; USPS Ground Advantage $3.80,Carrier re-rate after label $74.78; Billed above label cost $26.33
WB1824WALNUT,Americanflat 18x24 Poster Frame in Walnut with Polished Plexiglass-Horizontal and Vertical Formats with Included Hanging Hardware,35,100.88,UPS Ground Saver $72.17; UPS (service not itemized) $17.69; FedEx (service not itemized) $11.02,Carrier re-rate after label $89.86; Billed above label cost $11.02
WB2030DWOOD,Gallery Poster Frame with Wood Grain Finish | Epic Collection - 20x30 / Driftwood,13,100.8,UPS Ground Saver $67.58; FedEx (service not itemized) $27.22; UPS (service not itemized) $6.00,Carrier re-rate after label $67.58; Billed above label cost $33.22
WB1620NAOAK,Americanflat 16x20 Picture Frame  - Wide Picture Frames Made of Engineered Wood for Vertical or Horizontal Wall Display - Natural Oak,36,99.9,UPS Ground Saver $99.00; USPS Ground Advantage $0.70; FedEx (service not itemized) $0.20,Carrier re-rate after label $99.70; Billed above label cost $0.20
WB2834BLK2430,Black Picture Frame With Mat | Plexiglass Cover | Wall Display | Modern Design - Americanflat - 28x34,5,98.31,FedEx (service not itemized) $98.31,Billed above label cost $98.31
MP-PES-SHOW-A405P233-7174,71x74 Botanical Boho Shower Curtain - 100% Polyester - Water-Resistant Bath Curtain,31,97.67,UPS Ground Saver $83.03; UPS (service not itemized) $12.85; USPS Ground Advantage $1.79,Carrier re-rate after label $97.67
LX2020BLK810NF,Americanflat 20x20 Picture Frame with Polished Plexiglass - Use as 8x10 Frame with Mat or 20x20 Frame Without Mat - Streamline Collection - Black,27,96.32,USPS Ground Advantage $86.67; FedEx (service not itemized) $7.65; UPS Ground Saver $2.00,Carrier re-rate after label $88.67; Billed above label cost $7.65
MP-WPC-GSD-2028-BLACK,"Americanflat 20x28 Gallery-Style Picture Frame to Secure Artwork, Prints, and Photos - Black",16,95.09,UPS Ground Saver $86.89; FedEx (service not itemized) $8.20,Carrier re-rate after label $83.64; Billed above label cost $11.45
WB2228WALNUT,Gallery Poster Frame with Wood Grain Finish | Epic Collection - 22x28 / Walnut,11,94.94,UPS Ground Saver $65.34; FedEx (service not itemized) $29.61,Carrier re-rate after label $65.34; Billed above label cost $29.61
MP-MDF-WMW-1117-BLACK-812,Americanflat 11x17 Wide Molding Picture Frame - Black,17,92.95,UPS Ground Saver $91.71; FedEx (service not itemized) $1.24,Carrier re-rate after label $91.71; Billed above label cost $1.24
WMW2834BLK2430,Hudson Picture Frame - 28x34 / Black / 24x30,6,91.15,FedEx (service not itemized) $91.15,Billed above label cost $91.15
LX1620BLK,Americanflat 16x20 Poster Frame with Polished Plexiglass - Streamline Collection - Thin Border Picture Frame for Wall Display - Black,24,91.08,USPS Ground Advantage $60.08; UPS Ground Saver $28.10; FedEx (service not itemized) $2.91,Carrier re-rate after label $88.17; Billed above label cost $2.91
GSD2840BLK2436,Gallery Picture Frame with Mat | Soho Collection - 28x40 / Black / 24x36,2,90.78,UPS Ground Saver $90.78,Carrier re-rate after label $90.78
WMW2028BLK1624,"Americanflat 20x28 Picture Frame with Polished Plexiglass, Use as 16x24 Frame with Mat or 20x28 Frame Without Mat, Hudson Collection, Black",34,87.52,FedEx (service not itemized) $87.52,Billed above label cost $69.04; Carrier re-rate after label $18.48
MPCANFA281P17233040,Americanflat 30x40 Nature-Inspired Canvas Wall Art with Gold Foil,2,86.71,UPS Ground Saver $86.71,Carrier re-rate after label $86.71
MP-PVC-PS-1216-NAOAK-8511-5PK,Americanflat 5 Pack of 12x16 Frames with 8.5x11 Mat - Plexiglass Cover - Natural Oak,22,85.83,UPS Ground Saver $66.19; UPS (service not itemized) $10.82; USPS Ground Advantage $6.02; FedEx (service not itemized) $2.80,Carrier re-rate after label $83.04; Billed above label cost $2.80
MP-WPC-GSD-1620-BLACK-1114,"Americanflat 16x20 Gallery-Style Picture Frame with Mat to Secure Artwork, Prints, and Photos - Black",24,85.29,UPS Ground Saver $45.28; FedEx (service not itemized) $35.92; USPS Ground Advantage $2.08; UPS (service not itemized) $2.01,Carrier re-rate after label $49.37; Billed above label cost $35.92
WMW2840WHT2436,Oversized Gallery Picture Frame with Mat | Hudson Collection - 28x40 / White / 24x36,6,85.18,FedEx (service not itemized) $85.18,Billed above label cost $85.18
LX1420BLK1117,Picture Frame | Includes Mat | Slim Molding | Streamline Collection - 14x20 with 11x17 Mat / Black / 1 Pack,21,84.87,UPS Ground Saver $83.05; USPS Ground Advantage $1.50; FedEx (service not itemized) $0.32,Carrier re-rate after label $84.55; Billed above label cost $0.32
LX1122BLKNOMAT,Americanflat 11x22 Newspaper Frame Polished Plexiglass - Display Assorted Media Articles - Thin Border Picture Frame for Wall Display - Black,34,84.06,UPS Ground Saver $75.66; UPS (service not itemized) $8.40,Carrier re-rate after label $82.06; Billed above label cost $2.00
LX1215BLKNOMAT,Americanflat 12x15 Picture Frame  - Streamline Collection - Thin Border Picture Frame for Wall Display - Hanging Hardware Included - Black,13,81.47,UPS Ground Saver $56.27; USPS Ground Advantage $17.32; USPS (service not itemized) $4.22; UPS (service not itemized) $3.15; FedEx (service not itemized) $0.51,Carrier re-rate after label $80.96; Billed above label cost $0.51
WB2436WHPC,Americanflat 24x36 inch White Poster Frame | Polished Plexiglass. Hanging Hardware Included!,13,81.21,FedEx (service not itemized) $81.21,Billed above label cost $81.21
PILL1616BLUEABST001,"Americanflat 16x16 Decorative Throw Pillow with Sewn-in Insert - Soft Square All-in-One Cushion for Sofa, Couch or Bed - Blue",16,80.2,FedEx (service not itemized) $68.10; USPS (service not itemized) $12.10,Billed above label cost $80.20
WB2030WALNUT,Gallery Poster Frame with Wood Grain Finish | Epic Collection - 20x30 / Walnut,12,78.99,UPS Ground Saver $50.62; FedEx (service not itemized) $28.37,Carrier re-rate after label $50.62; Billed above label cost $28.37
BATBSBLDCBLK,Baseball Memorabilia Display Cases | Bat Display + Baseball Display | All-Star Collection - Bat & Baseball,7,78.25,UPS Ground Saver $72.28; FedEx (service not itemized) $5.97,Carrier re-rate after label $72.28; Billed above label cost $5.97
MP-PVC-PS-1218-WHITE-1117-2PK,Americanflat 2 Pack of 12x18 Frames with 11x17 Mat - Plexiglass Cover - White,18,75.33,USPS Ground Advantage $44.84; USPS (service not itemized) $30.00; FedEx (service not itemized) $0.49,Carrier re-rate after label $74.84; Billed above label cost $0.49
PILL1616NAVYLINE001,"Americanflat 16x16 Decorative Throw Pillow with Sewn-in Insert - Soft Square All-in-One Cushion for Sofa, Couch or Bed - Blue and White",15,74.77,FedEx (service not itemized) $74.77,Billed above label cost $74.77
A281P222SHOW7174,"Americanflat 71 x 74 Shower Curtain, Green Sleeves I by PI Creative Art",16,74.55,UPS (service not itemized) $40.79; UPS Ground Saver $25.83; FedEx (service not itemized) $6.27; USPS Ground Advantage $1.66,Carrier re-rate after label $67.45; Billed above label cost $7.10
MPCANFA281P6916202SET,Americanflat 16x20 Botanical Canvas Wall Art Featuring Black Line Flowers with Grey Hand-Painted and Gold Foil Accents - Set of 2 - Modern Wall Art,3,74.26,UPS Ground Saver $74.26,Carrier re-rate after label $74.26
WB1930BLK,Americanflat 19x30 Picture Frame  - Black Picture Frame - Wide Photo Frames Made of Engineered Wood - Epic Collection - Black,9,74.24,UPS Ground Saver $56.76; FedEx (service not itemized) $17.48,Carrier re-rate after label $56.76; Billed above label cost $17.48
MP-WPC-GSD-2024-WHITE-1620,"Americanflat 20x24 Gallery-Style Picture Frame with Mat to Secure Artwork, Prints, and Photos - White",17,73.17,FedEx (service not itemized) $43.74; UPS Ground Saver $28.08; UPS (service not itemized) $1.35,Billed above label cost $43.74; Carrier re-rate after label $29.43
KAF8511BK,Kids Art Frame - Front opening Wall Display for Artworks - Black,33,72.45,FedEx (service not itemized) $26.66; UPS Ground Saver $22.05; UPS (service not itemized) $13.40; USPS Ground Advantage $10.34,Carrier re-rate after label $40.66; Billed above label cost $31.79
MP-MDF-2436-BLACK,Gallery Poster Frame with Wood Grain Finish | Epic Collection - 24x36 / Black,13,72.08,FedEx (service not itemized) $41.69; USPS Ground Advantage $30.39,Billed above label cost $41.69; Carrier re-rate after label $30.39
KAF8511WH,Americanflat 10x12.5 Kids Artwork Picture Frame in White- Displays 8.5x11 With Mat and 10x12.5 Without Mat - My Mini Masterpiece,26,71.85,UPS Ground Saver $51.93; USPS Ground Advantage $9.54; UPS (service not itemized) $6.95; FedEx (service not itemized) $3.43,Carrier re-rate after label $62.74; Billed above label cost $9.10
MP-MDF-MW-1114-WHITE-7SET,Americanflat 7 Piece Gallery Wall Frame Set to Enhance Wall Decor - White,28,71.06,FedEx (service not itemized) $71.06,Billed above label cost $71.06
LX2424WHT1114,Americanflat 24x24 Picture Frame with Polished Plexiglass - Use as 11x14 Frame with Mat or 24x24 Frame Without Mat - Streamline Collection - White,20,70.51,UPS (service not itemized) $26.97; USPS Ground Advantage $23.85; UPS Ground Saver $19.48; FedEx (service not itemized) $0.21,Carrier re-rate after label $68.30; Billed above label cost $2.21
MP-PVC-LX-1836-BLACK,Americanflat 18x36 Poster Frame - Perfect for Photos and Artwork - Black,8,70.48,UPS Ground Saver $32.00; FedEx (service not itemized) $28.75; UPS (service not itemized) $9.73,Carrier re-rate after label $41.73; Billed above label cost $28.75
427003095462690826,Americanflat Poster Frame with Mat - Large Picture Frame - Polished Plexiglass Cover - Hanging Hardware for Horizontal and Vertical Display - Black,3,69.54,FedEx (service not itemized) $69.54,Billed above label cost $69.54
WB1316BLK,Americanflat 13x16 Picture Frame Polished Plexiglass - Home Gallery Wall Decor for Photos and Art Signature Collection Professional Quality - Black,2,69.47,FedEx (service not itemized) $69.47,Billed above label cost $69.47
WMW1010WHT88,Americanflat 10x10 Picture Frame with Shatter-Resistant Glass - 8x8 with Mat or 10x10 Without Mat - Hudson - Wide Square Frames - White,19,69.28,FedEx (service not itemized) $48.54; UPS Ground Saver $19.24; USPS Ground Advantage $1.50,Billed above label cost $48.54; Carrier re-rate after label $20.74
MP-PVC-LX-1826-BLACK,Americanflat 18x26 Poster Frame - Perfect for Photos and Artwork - Black,23,68.21,UPS Ground Saver $68.21,Carrier re-rate after label $68.21
MP-PVC-LX-1620-1616-BLK-4SET,Americanflat Set of 4 Picture Frames  | Gallery Wall Frame Set | Black - 16 x 20 / Black,21,68.06,FedEx (service not itemized) $27.55; UPS Ground Saver $22.14; UPS (service not itemized) $18.37,Carrier re-rate after label $36.51; Billed above label cost $31.55
LX2026WHT1114,Americanflat 20x26 Picture Frame with Polished Plexiglass - Use as 11x14 Frame with Mat or 20x26 Frame Without Mat - Streamline Collection - White,5,67.5,FedEx (service not itemized) $46.57; USPS Ground Advantage $13.38; UPS Ground Saver $7.55,Billed above label cost $46.57; Carrier re-rate after label $20.93
PILL2020NAVYLINE001,"Americanflat 20x20 Decorative Throw Pillow with Sewn-in Insert - Soft Square All-in-One Cushion for Sofa, Couch or Bed - Blue and White",11,67.48,FedEx (service not itemized) $55.38; USPS (service not itemized) $12.10,Billed above label cost $67.48
GSD1620BLK1114,"Gallery Picture Frame with Mat | Soho Collection - 16"" x 20"" / Black",8,66.99,FedEx (service not itemized) $46.98; UPS Ground Saver $20.01,Billed above label cost $46.98; Carrier re-rate after label $20.01
MP-WPC-GSD-1212-BLACK-1010,"Americanflat 12x12 Gallery-Style Picture Frame with Mat to Secure Artwork, Prints, and Photos - Black",11,65.61,UPS Ground Saver $38.97; FedEx (service not itemized) $20.97; USPS Ground Advantage $5.68,Carrier re-rate after label $38.97; Billed above label cost $26.64
MW0816BK3,Americanflat Collage Picture Frame in Black with Three Displays of 4 x 6 Shatter Resistant Glass for Wall - 8x14 - Pack of 1,34,65.16,USPS Ground Advantage $28.84; UPS Ground Saver $23.39; UPS (service not itemized) $12.93; FedEx (service not itemized) $0.01,Carrier re-rate after label $60.50; Billed above label cost $4.67
MW1122BK,Americanflat 11x22 Newspaper Frame In Black - Assorted Media Article Cover Frame - Hanging Hardware Included,21,65.05,UPS Ground Saver $57.23; USPS Ground Advantage $7.82,Carrier re-rate after label $65.05
WB2432BLKPC,Americanflat 24X32 Poster Frame in Black - Composite Wood with Polished Plexiglass  with Hanging Hardware Included,8,64.78,FedEx (service not itemized) $64.78,Billed above label cost $64.78
OCFBAM1114GLD810,Americanflat 11x14 Picture Frame with Bamboo-Style Molding and Shatter-Resistant Glass - Elegant Gold Bamboo Frames for Tabletop or Wall,7,64.14,FedEx (service not itemized) $64.14,Billed above label cost $64.14
MP-ALU-FF-1620-BLACK,Americanflat Floating Aluminum & Plexiglass Frame - 16x20 - Black,23,63.84,UPS Ground Saver $44.66; UPS (service not itemized) $11.75; FedEx (service not itemized) $7.43,Carrier re-rate after label $56.41; Billed above label cost $7.43
LX1836BLKNOMAT,Americanflat 18x36 Picture Frame with Polished Plexiglass - Streamline Collection - Thin Border Picture Frame for Wall Display - Black,9,63.33,UPS Ground Saver $30.00; FedEx (service not itemized) $22.99; UPS (service not itemized) $10.34,Carrier re-rate after label $40.34; Billed above label cost $22.99
MPCANFA281P17241530,"Americanflat Canvas Wall Art Featuring Beige Sand, Blue Ocean and White Sky - Coastal Beach Wall Art",9,62.91,UPS Ground Saver $45.48; USPS Ground Advantage $11.81; FedEx (service not itemized) $5.62,Carrier re-rate after label $57.29; Billed above label cost $5.62
MP-PS-1114-BLACK-810-5PK,Americanflat 5 Pack of 11x14 Frames with 8x10 Mat - Plexiglass Cover - Black,11,62.75,UPS Ground Saver $51.30; UPS (service not itemized) $7.89; USPS Ground Advantage $2.87; FedEx (service not itemized) $0.69,Carrier re-rate after label $59.19; Billed above label cost $3.55
WB2228BLK1824,"Americanflat 22x28 Poster Frame with Polished Plexiglass, Use as 18x24 Frame with Mat or 22x28 Frame Without Mat, Epic Collection, Black",12,62.1,FedEx (service not itemized) $62.10,Billed above label cost $62.10
WMW1616BLK1212,Oversized Gallery Picture Frame with Mat | Hudson Collection - 16x16 / Black / 12x12,17,62.03,USPS Ground Advantage $54.61; FedEx (service not itemized) $7.42,Carrier re-rate after label $54.61; Billed above label cost $7.42
KAFBLK-2PACK,Americanflat Kids Art Frame with Mat | Holds up to 100 Artworks - 8.5x11 / Black / 2 pack,16,61.27,USPS Ground Advantage $34.53; FedEx (service not itemized) $19.76; UPS Ground Saver $6.97,Carrier re-rate after label $41.50; Billed above label cost $19.76
MW1319WALNUT,Americanflat 13x19 Picture Frame in Walnut - Composite Wood with Shatter Resistant Glass,18,60.65,USPS Ground Advantage $27.51; UPS Ground Saver $23.18; UPS (service not itemized) $8.83; FedEx (service not itemized) $1.12,Carrier re-rate after label $59.52; Billed above label cost $1.12
MP-PVC-LX-2430-BLACK,Americanflat 24x30 Poster Frame - Perfect for Photos and Artwork - Black,8,60.42,FedEx (service not itemized) $30.42; UPS Ground Saver $30.00,Billed above label cost $30.42; Carrier re-rate after label $30.00
DF0811B,Americanflat 11x14 Black Diploma Frame | Displays 8.5x11 Diplomas with Mat or 11x14 Inch Without Mat. Shatter-Resistant Glass.,13,59.43,UPS Ground Saver $22.93; UPS (service not itemized) $22.25; FedEx (service not itemized) $14.25,Carrier re-rate after label $45.18; Billed above label cost $14.25
JRSYDCBLK,Lockable Jersey Display Case with Hanger for Adults & Kids | All-Star Collection - Black / Adults,14,57.99,FedEx (service not itemized) $57.99,Billed above label cost $57.99
MP-MDF-WBDIST-1824-DBLUE,Americanflat Rustic Picture Frame - Unique Farmhouse Look - 18x24 - Rustic Turquoise,19,57.8,UPS Ground Saver $57.74; FedEx (service not itemized) $0.06,Carrier re-rate after label $57.74; Billed above label cost $0.06
WB2436PNICKELPC,Epic Poster Frame - 24x36 / Silver,2,57.09,USPS Ground Advantage $57.09,Carrier re-rate after label $57.09
MP-PVC-PS-1114-NAOAK-810-5PK,Americanflat 5 Pack of 11x14 Frames with 8x10 Mat - Plexiglass Cover - Oak,12,57.04,UPS Ground Saver $24.46; USPS Ground Advantage $17.74; FedEx (service not itemized) $14.84,Carrier re-rate after label $49.11; Billed above label cost $7.93
WB2424BLK2020,Black Picture Frame With Mat | Plexiglass Cover | Wall Display | Modern Design - Americanflat - 24x24 / Black / 20x20,17,56.69,FedEx (service not itemized) $31.75; UPS Ground Saver $24.94,Billed above label cost $31.75; Carrier re-rate after label $24.94
PHFR50LARGE,Black Adjustable Easel Stand | Tabletop Display for Frames - Americanflat - 50 / Black,3,56.66,FedEx (service not itemized) $56.66,Billed above label cost $56.66
MW1236BLK,Picture Frame | Classic Molding | Signature Collection - Americanflat - Black / 12x36,7,56.22,USPS Ground Advantage $41.36; UPS Ground Saver $12.00; USPS (service not itemized) $2.86,Carrier re-rate after label $56.22
MP-PVC-PS-1319-NAOAK-1117-2PK,Americanflat 2 Pack of 13x19 Frames with 11x17 Mat - Plexiglass Cover - Natural Oak,20,55.73,UPS Ground Saver $30.96; USPS Ground Advantage $22.15; FedEx (service not itemized) $2.63,Carrier re-rate after label $53.10; Billed above label cost $2.63
MP-MDF-WB-1224-BLACK,Americanflat 12x24 Picture Frame - Composite Wood and Plexiglass Cover - Black,11,55.69,UPS (service not itemized) $40.71; USPS Ground Advantage $10.68; USPS (service not itemized) $4.22; FedEx (service not itemized) $0.08,Carrier re-rate after label $43.23; Billed above label cost $12.46
LX1010BLKNOMAT,"Americanflat 10x10 Picture Frame with Shatter-Resistant Glass - Streamline Collection - Thin Square Picture Frame for Tabletop and Wall Display, Black",14,55.57,UPS Ground Saver $37.72; FedEx (service not itemized) $17.85,Carrier re-rate after label $55.05; Billed above label cost $0.52
LX1414BLKNOMAT,Picture Frame | Slim Molding | Streamline Collection - 14x14,32,55.38,UPS Ground Saver $38.86; USPS Ground Advantage $10.12; FedEx (service not itemized) $6.40,Carrier re-rate after label $48.98; Billed above label cost $6.40
GSD1122BLK,Americanflat 11x22 Newspaper Frame with Polished Plexiglass - Soho Collection - Gallery Style Deep Molding Frame for Wall Display - Black,18,55.38,UPS Ground Saver $53.25; UPS (service not itemized) $2.00; FedEx (service not itemized) $0.13,Carrier re-rate after label $53.25; Billed above label cost $2.13
MP-MDF-JRSY-2331-MAHOGANY,"Americanflat Lockable Jersey Display Case - Baseball, Basketball, Football Shirt 21x31 Mahogany",4,55.37,FedEx (service not itemized) $55.37,Billed above label cost $55.37
WB2030PNICKEL,Americanflat 20x30 Poster Frame in Silver with Polished Plexiglass - Horizontal and Vertical Formats with Included Hanging Hardware,9,55.34,UPS Ground Saver $36.14; FedEx (service not itemized) $19.20,Carrier re-rate after label $36.14; Billed above label cost $19.20
MP-MDF-A2-WHITE,Americanflat A2 Picture Frame - White 16.5x23.4 Frame with Engineered Wood and Polished Plexiglass for Wall Display,28,55.28,UPS Ground Saver $46.36; FedEx (service not itemized) $8.01; USPS Ground Advantage $0.91,Carrier re-rate after label $47.27; Billed above label cost $8.01
SIFBLK24363PK,Fusion Picture Frame - 24x36 / Black / 3 Pack,9,55.23,UPS Ground Saver $36.00; FedEx (service not itemized) $19.23,Carrier re-rate after label $36.00; Billed above label cost $19.23
MP-PVC-LX-2436-WHITE,Americanflat 24x36 Poster Frame - Perfect for Photos and Artwork - White,8,55.21,FedEx (service not itemized) $55.21,Billed above label cost $55.21
LX2424BLK1212,Thin Border Picture Frame | Shatter-Resistant Plexiglass | Wall Art Display - 24x24 / Black / 12x12,5,55.18,FedEx (service not itemized) $55.18,Billed above label cost $55.18
MP-PVC-LX-2020-BLACK-810-3PK,Americanflat 20x20 Picture Frame with Mat | Set of 3 | Black Slim Molding - 20 x 20 / Black,11,54.89,USPS Ground Advantage $50.96; FedEx (service not itemized) $3.93,Carrier re-rate after label $50.96; Billed above label cost $3.93
257803228629352575,Americanflat Picture Frame with Mat - Photo Frame for Wall Display - Shatter Resistant Glass - Adjustable Hanging Hardware - Includes Easel - Black,1,54.61,FedEx (service not itemized) $54.61,Billed above label cost $54.61
MPCANFA302P024362SET,Americanflat Black and White Modern Canvas Wall Art - Set of 2 - Abstract Wall Art - 24x36,1,54.3,UPS Ground Saver $54.30,Carrier re-rate after label $54.30
PS0808WHT555PK,Americanflat 8x8 Picture Frame  - Set of 5 - Use as 5x5 Frame with Mat or 8x8 Frame Without Mat - Gallery Frames for Tabletop and Wall Display - White,16,54.05,UPS Ground Saver $43.09; UPS (service not itemized) $9.24; USPS Ground Advantage $1.18; FedEx (service not itemized) $0.54,Carrier re-rate after label $53.51; Billed above label cost $0.54
MP-MDF-JRSY-2331-WHITE,"Americanflat Lockable Jersey Display Case - Baseball, Basketball, Football Shirt 21x31 White",6,53.29,FedEx (service not itemized) $53.29,Billed above label cost $53.29
WMW2424NAOAK2020,Oversized Gallery Picture Frame with Mat | Hudson Collection - 24x24 / Natural Oak / 20x20,28,53.1,UPS Ground Saver $37.44; FedEx (service not itemized) $10.90; USPS Ground Advantage $4.76,Carrier re-rate after label $42.20; Billed above label cost $10.90
LX2020BLKNOMAT,Americanflat 20x20 Poster Frame in Black - Thin Border Photo Frame with Polished Plexiglass - Horizontal and Vertical Formats for Wall,23,53.08,UPS Ground Saver $44.40; FedEx (service not itemized) $5.31; USPS Ground Advantage $3.37,Carrier re-rate after label $47.77; Billed above label cost $5.31
MW0808OAK,Americanflat 8x8 Picture Frame in Oak - Displays 4x4 With Mat and 8x8 Without Mat - Composite Wood with Shatter Resistant Glass  and Tabletop,10,53.03,FedEx (service not itemized) $21.93; UPS Ground Saver $14.52; USPS Ground Advantage $10.32; UPS (service not itemized) $6.27,Carrier re-rate after label $31.11; Billed above label cost $21.93
MW1122OAK,Americanflat 11x22 Newspaper Frame - Oak Color - Assorted Media Article Cover Frame - Hanging Hardware Included,14,52.92,UPS Ground Saver $45.02; USPS Ground Advantage $7.90,Carrier re-rate after label $52.92
WB2639BLK,Gallery Poster Frame without Mat | Epic Collection - 26x39 / Black,2,52.63,FedEx (service not itemized) $52.63,Billed above label cost $52.63
MW1216OAK812,Americanflat 12x16 Picture Frame in Oak - Displays 8x12 With Mat and 12x16 Without Mat - Composite Wood with Shatter Resistant Glass,11,52.6,UPS Ground Saver $48.45; USPS Ground Advantage $3.92; FedEx (service not itemized) $0.22,Carrier re-rate after label $52.38; Billed above label cost $0.22
WB2230BLK,Epic Poster Frame - 22x30 / Black,6,52.6,FedEx (service not itemized) $52.60,Billed above label cost $52.60
MPCANGWA281P8016203SET,Americanflat 16x20 Botanical Canvas Wall Art Featuring Cream Leaf Silhouettes - Black Background - Set of 3 - Gallery Wrap - Modern Wall Art,10,52.36,UPS Ground Saver $42.24; USPS Ground Advantage $10.12,Carrier re-rate after label $52.36
WB1218BKPC,Poster Frames | Polished Plexiglass | Wide Modern Design - Americanflat - 12x18 / Black,6,52.05,FedEx (service not itemized) $51.24; UPS Ground Saver $0.81,Billed above label cost $51.24; Carrier re-rate after label $0.81
WB1824PBRASS,Americanflat 18x24 Poster Frame in Gold with Polished Plexiglass-Horizontal and Vertical Formats with Included Hanging Hardware,19,51.9,UPS Ground Saver $48.14; UPS (service not itemized) $3.09; FedEx (service not itemized) $0.68,Carrier re-rate after label $48.14; Billed above label cost $3.77
WB1620OAK,Americanflat 16x20 Poster Frame in Oak with Polished Plexiglass - Horizontal and Vertical Formats with Included Hanging Hardware,21,51.49,UPS Ground Saver $41.76; UPS (service not itemized) $9.73,Carrier re-rate after label $51.49
MP-PVC-LX-0606-BLACK-44,"Americanflat 6x6 Picture Frame with 4x4 Mat - Modern Design, Shatter-Resistant Glass - Black",21,51.47,UPS Ground Saver $44.13; UPS (service not itemized) $6.86; FedEx (service not itemized) $0.47,Carrier re-rate after label $44.01; Billed above label cost $7.46
MP-PVC-LX-0912-BLACK-68-2PK,"Americanflat 9x12 Picture Frame with Mat for 6x8 - Modern Design, Shatter-Resistant Glass, PVC Frame 2 Pack - Black",17,51.42,UPS Ground Saver $27.17; USPS Ground Advantage $24.19; FedEx (service not itemized) $0.06,Carrier re-rate after label $51.36; Billed above label cost $0.06
PS1620BK11142PK,"Americanflat 16x20 Picture Frame with Mat for 11x14, Black, 2 Pack",12,51.35,USPS Ground Advantage $40.61; FedEx (service not itemized) $10.74,Carrier re-rate after label $50.34; Billed above label cost $1.01
517544302918549510,Americanflat 24x36 Black and White Modern Canvas Wall Art - Set of 2,1,50.91,UPS Ground Saver $50.91,Carrier re-rate after label $50.91
CPT5060FH111,"Americanflat 100% Cotton Throw Blanket for Couch - 50x60 -  Rustic Cream Throw Blanket for Bed, Sofa or Chair [Cream & Beige Plaid]",20,50.38,UPS (service not itemized) $23.08; UPS Ground Saver $22.55; FedEx (service not itemized) $4.75,Carrier re-rate after label $44.28; Billed above label cost $6.10
WB2024BLK1620,Black Picture Frame With Mat | Plexiglass Cover | Wall Display | Modern Design - Americanflat - 20x24,14,50.14,UPS Ground Saver $40.49; FedEx (service not itemized) $7.65; UPS (service not itemized) $2.00,Carrier re-rate after label $40.49; Billed above label cost $9.65
MP-PVC-PS-1515-BLACK-1212-5PK,Americanflat 5 Pack of 15x15 Frames with 12x12 Mat - Plexiglass Cover - Black,8,50.01,USPS Ground Advantage $47.77; FedEx (service not itemized) $2.24,Carrier re-rate after label $47.77; Billed above label cost $2.24
WMW2228NAOAK1824,Oversized Gallery Picture Frame with Mat | Hudson Collection - 22x28 / Natural Oak / 18x24,16,49.9,FedEx (service not itemized) $49.90; UPS Ground Saver $0.00,Billed above label cost $49.90; Carrier re-rate after label $0.00
MP-PVC-LX-1620-BLACK,Americanflat 16x20 Poster Frame - Perfect for Photos and Artwork - Black,11,49.39,USPS Ground Advantage $34.17; UPS (service not itemized) $9.22; UPS Ground Saver $6.00,Carrier re-rate after label $49.39
WB2030DSTPC,Americanflat 20x30 Poster Frame in Grey with Polished Plexiglass - Horizontal and Vertical Formats - Wall Mounted,7,49.06,FedEx (service not itemized) $24.67; UPS Ground Saver $24.39,Billed above label cost $24.67; Carrier re-rate after label $24.39
WB1824LWOOD,Americanflat 18x24 Poster Frame in Light Wood with Polished Plexiglass-Horizontal and Vertical Formats with Included Hanging Hardware,20,48.95,UPS Ground Saver $38.88; FedEx (service not itemized) $8.07; UPS (service not itemized) $2.00,Carrier re-rate after label $38.88; Billed above label cost $10.07
WB1624BLK,"Americanflat 16x24 Poster Frame with Polished Plexiglass, Epic Collection, Gallery Wall Frames with Engineered Wood, Black",22,48.79,UPS Ground Saver $45.35; FedEx (service not itemized) $3.44,Carrier re-rate after label $45.35; Billed above label cost $3.44
340171477224013901,Americanflat 23x31 Lockable Jersey Display Case - Jersey Shadow Box Frame - Includes Built-in Hook for Jersey - Anti-Theft Lock - Polished Plexiglass Cover - Hanging Hardware,10,48.26,FedEx (service not itemized) $48.26,Billed above label cost $48.26
LX1020BLKNOMAT,Americanflat 10x20 Picture Frame with Polished Plexiglass - Streamline Collection - Thin Border Picture Frame for Wall Display - Black,20,47.87,UPS Ground Saver $36.83; UPS (service not itemized) $10.76; FedEx (service not itemized) $0.28,Carrier re-rate after label $47.59; Billed above label cost $0.28
MP-PVC-PS-1218-SILVER-1117-2PK,Americanflat 2 Pack of 12x18 Frames with 11x17 Mat - Plexiglass Cover - Silver,11,47.78,UPS Ground Saver $31.35; FedEx (service not itemized) $10.54; USPS Ground Advantage $5.89,Carrier re-rate after label $37.24; Billed above label cost $10.54
MP-PES-PILL-NAVY-1818-LINES001,Americanflat 18x18 Striped Pattern Throw Pillow with Premium Polyester - Navy,3,47.77,UPS Ground Saver $27.18; USPS Ground Advantage $20.59,Carrier re-rate after label $47.77
MW1020BLK357,Americanflat 10x20 Collage Picture Frame with Three 5x7 Displays in Black - Composite Wood with Shatter Resistant Glass,26,47.74,UPS Ground Saver $45.20; USPS Ground Advantage $2.50; FedEx (service not itemized) $0.04,Carrier re-rate after label $47.70; Billed above label cost $0.04
CANFF1620BLK,Canvas Floating Frame Without Mat - Americanflat - 16x20 / Black,19,47.7,FedEx (service not itemized) $32.32; USPS Ground Advantage $10.26; UPS Ground Saver $5.12,Billed above label cost $32.32; Carrier re-rate after label $15.38
PS8511BK5PK,Americanflat 8.5x11 Picture Frame in Black- Set of 5 Frames - Displays 8.5X11 Certificates or Documents,13,47.58,UPS Ground Saver $47.58,Carrier re-rate after label $47.58
PILL2020BLUEDIA,"Americanflat 20x20 Decorative Throw Pillow with Sewn-in Insert - Soft Square All-in-One Cushion for Sofa, Couch or Bed - Blue",4,47.4,FedEx (service not itemized) $47.40,Billed above label cost $47.40
MP-WPC-GSD-1218-BLACK-1117,"Americanflat 12x18 Gallery-Style Picture Frame with Mat to Secure Artwork, Prints, and Photos - Black",8,47.32,UPS Ground Saver $27.49; FedEx (service not itemized) $12.27; UPS (service not itemized) $7.56,Carrier re-rate after label $35.05; Billed above label cost $12.27
WB2030PBRASS,Gallery Poster Frame with Wood Grain Finish | Epic Collection - 20x30 / Gold,4,47.02,UPS (service not itemized) $34.09; UPS Ground Saver $9.03; FedEx (service not itemized) $3.89,Billed above label cost $37.98; Carrier re-rate after label $9.03
LX1114BLK,"Americanflat 11x14 Picture Frame with Shatter-Resistant Glass, Use as 8x10 Frame with Mat or 11x14 Frame Without Mat, Streamline Collection, Black",27,46.68,UPS Ground Saver $29.63; FedEx (service not itemized) $13.65; USPS Ground Advantage $3.39,Carrier re-rate after label $33.03; Billed above label cost $13.65
WMW0808BLK44,Americanflat 8x8 Picture Frame with Shatter-Resistant Glass - Use as 4x4 Frame with Mat or 8x8 Frame Without Mat - Hudson Collection - Black,25,46.61,UPS Ground Saver $28.10; UPS (service not itemized) $8.76; FedEx (service not itemized) $6.60; USPS Ground Advantage $3.16,Carrier re-rate after label $40.02; Billed above label cost $6.60
MW1420BLK,Americanflat 14x20 Picture Frame in Black - Composite Wood with Polished Plexiglass - Horizontal and Vertical Formats for Wall,20,46.55,UPS Ground Saver $43.12; UPS (service not itemized) $3.43,Carrier re-rate after label $44.55; Billed above label cost $2.00
MW0808BK,8x8 Black MDF Picture Frame - Easel stand included for tabletop or wall display with shatter-resistant glass.,6,46.5,FedEx (service not itemized) $37.73; UPS Ground Saver $8.78,Billed above label cost $33.11; Carrier re-rate after label $13.40
MP-MDF-KAF-10125-LWOOD-8511,Americanflat Kids Art Frame 10x12.5 inches with 8.5x11 inches Mat - Composite Wood And Glass - Holds 100 Artworks - Light Wood,12,46.32,USPS Ground Advantage $36.98; UPS Ground Saver $9.34,Carrier re-rate after label $46.32
WB2229BLK,"Americanflat 22x29 Poster Frame with Polished Plexiglass, Epic Collection, Gallery Wall Frames with Engineered Wood, Black",4,46.3,FedEx (service not itemized) $46.30,Billed above label cost $46.30
LX1622BLK1218,Americanflat 16x22 Picture Frame with Polished Plexiglass - Use as 12x18 Frame with Mat or Display 16x22 Photo Without Mat - Black,15,46.21,UPS Ground Saver $29.99; UPS (service not itemized) $9.32; USPS Ground Advantage $6.90,Carrier re-rate after label $46.21
WB2026BLK,Epic Poster Frame - 20x26 / Black,5,45.7,USPS Ground Advantage $33.11; FedEx (service not itemized) $12.59,Carrier re-rate after label $33.11; Billed above label cost $12.59
MP-PVC-PS-1114-NAOAK-810-2PK,Americanflat 2 Pack of 11x14 Frames with 8x10 Mat - Plexiglass Cover - Natural Oak,14,45.67,UPS Ground Saver $43.08; USPS Ground Advantage $1.90; FedEx (service not itemized) $0.68,Carrier re-rate after label $44.98; Billed above label cost $0.68
WMW1319BLK1117,"Americanflat 24x34 Poster Frame with Polished Plexiglass, Use as 20x30 Frame with Mat or 24x34 Frame Without Mat, Hudson Collection, Silver",17,45.54,UPS (service not itemized) $20.48; UPS Ground Saver $15.28; FedEx (service not itemized) $9.78,Carrier re-rate after label $35.76; Billed above label cost $9.78
MP-PVC-PS-1620-GOLD-1114-2PK,Americanflat 2 Pack of 16x20 Frames with 11x14 Mat - Plexiglass Cover - Gold,20,45.52,UPS Ground Saver $27.13; USPS Ground Advantage $14.30; FedEx (service not itemized) $4.09,Carrier re-rate after label $36.03; Billed above label cost $9.49
MP-PVC-LX-1114-BLACK-810-2PK,"Americanflat 11x14 Picture Frame with 8x10 Mat - Modern Design, Shatter-Resistant Glass 2 Pack - Black",10,45.5,FedEx (service not itemized) $24.80; UPS Ground Saver $20.71,Billed above label cost $24.80; Carrier re-rate after label $20.71
LX0810BLK,Americanflat Thin Picture Frame in Black with Shatter Resistant Glass Horizontal and Vertical Formats for Wall and Tabletop - 8 x 10,14,45.33,UPS Ground Saver $33.65; USPS Ground Advantage $8.02; FedEx (service not itemized) $3.66,Carrier re-rate after label $41.67; Billed above label cost $3.66
A281P026SHOW7174,"Americanflat 71 x 74 Shower Curtain, Spring Garden I by PI Creative Art",15,45.31,UPS (service not itemized) $43.49; FedEx (service not itemized) $1.83,Carrier re-rate after label $36.11; Billed above label cost $9.21
PRO_MW1114BK,Americanflat 11x14 Picture Frame with Shatter-Resistant Glass - Use as 8x10 Frame with Mat or 11x14 Frame Without Mat - Signature Collection - Black,13,45.31,FedEx (service not itemized) $21.08; UPS (service not itemized) $17.75; UPS Ground Saver $6.48,Carrier re-rate after label $27.46; Billed above label cost $17.85
LX1616BLK57,Americanflat 16x16 Picture Frame with Polished Plexiglass - Use as 5x7 Frame with Mat or 16x16 Frame Without Mat - Streamline Collection - Black,18,45.15,UPS (service not itemized) $16.75; FedEx (service not itemized) $12.16; UPS Ground Saver $10.30; USPS Ground Advantage $5.94,Carrier re-rate after label $27.05; Billed above label cost $18.10
WB1418BLK,Gallery Poster Frame without Mat | Epic Collection - 14x18 / Black,7,44.74,UPS Ground Saver $32.47; FedEx (service not itemized) $12.27,Carrier re-rate after label $32.47; Billed above label cost $12.27
WB2840BLK2436,Epic Matted Poster Frame - 28x40 / Black / 24x36,2,44.45,FedEx (service not itemized) $44.45,Billed above label cost $44.45
PS810BK5PK,Americanflat 8x10 Picture Frame in Black - Displays 5x7 With Mat and 8x10 Without Mat - Set of 5 Frames with Sawtooth Hanging Hardware,13,44.33,UPS Ground Saver $30.36; FedEx (service not itemized) $11.38; UPS (service not itemized) $2.01; USPS Ground Advantage $0.59,Carrier re-rate after label $25.62; Billed above label cost $18.71
MP-PS-810-BLACK-57-5PK,Americanflat 5 Pack of 8x10 Frames with 5x7 Mat - Plexiglass Cover - Black,16,44.24,UPS Ground Saver $36.18; UPS (service not itemized) $7.89; USPS Ground Advantage $0.17,Carrier re-rate after label $41.28; Billed above label cost $2.96
WB1420BLK1117,"Americanflat 14x20 Picture Frame with Polished Plexiglass, Use as 11x17 Frame with Mat or 14x20 Frame Without Mat, Epic Collection, Black",13,43.8,UPS (service not itemized) $24.22; UPS Ground Saver $18.97; USPS Ground Advantage $0.61,Carrier re-rate after label $33.17; Billed above label cost $10.63
MP-PVC-LX-0507-WHITE-46,"Americanflat 5x7 Picture Frame with 4x6 Mat - Modern Design, Shatter-Resistant Glass - White",11,43.73,USPS Ground Advantage $43.50; FedEx (service not itemized) $0.23,Carrier re-rate after label $43.50; Billed above label cost $0.23
MW1228BLKNOMAT,Picture Frame | Classic Molding | Signature Collection - Americanflat - Black / 12x28,6,43.61,UPS Ground Saver $43.61,Carrier re-rate after label $43.61
MW1319BK,Americanflat Poster Frame in Black Shatter Resistant Glass with Hanging Hardware Included - 13 x 19,17,43.32,UPS Ground Saver $31.59; UPS (service not itemized) $11.73,Carrier re-rate after label $41.32; Billed above label cost $2.00
LX1318BLKNOMAT,Americanflat 13x18 Picture Frame with Polished Plexiglass - Streamline Collection - Thin Border Picture Frame for Wall Display - Black,9,43.07,FedEx (service not itemized) $28.50; USPS Ground Advantage $10.26; UPS Ground Saver $4.31,Billed above label cost $28.50; Carrier re-rate after label $14.57
LX2026BLK1114,Americanflat 20x26 Picture Frame with Polished Plexiglass - Use as 11x14 Frame with Mat or Display 20x26 Photo Without Mat - Streamline Collection,5,42.88,FedEx (service not itemized) $42.88,Billed above label cost $42.88
LX2432BLK2028,Picture Frame | Includes Mat | Slim Molding | Streamline Collection - 24x32 with 20x28 Mat / Black / 1 Pack,4,42.66,FedEx (service not itemized) $42.66,Billed above label cost $42.66
PHFR28SMALL,Black Adjustable Easel Stand | Tabletop Display for Frames - Americanflat - 28 / Black,18,42.45,FedEx (service not itemized) $42.45,Billed above label cost $42.45
GSD2436BLK2030,Gallery Picture Frame with Mat | Soho Collection - 24x36 / Black / 20x30,3,42.41,USPS Ground Advantage $28.49; UPS Ground Saver $12.00; FedEx (service not itemized) $1.92,Carrier re-rate after label $40.49; Billed above label cost $1.92
LX1620BLK68,Americanflat 16x20 Picture Frame with Polished Plexiglass - Use as 6x8 Frame with Mat or Display 16x20 Photo Without Mat - Black,22,42.0,UPS Ground Saver $41.40; FedEx (service not itemized) $0.59,Carrier re-rate after label $41.40; Billed above label cost $0.59
MW1020BLK,"Americanflat 10x20 Picture Frame, Black",9,41.97,UPS Ground Saver $41.97,Carrier re-rate after label $41.97
LX2632BLK2228,Streamline Matted Picture Frame - 26x32 with 22x28 Mat / Black / 1 Pack,4,41.8,USPS Ground Advantage $26.20; FedEx (service not itemized) $15.60,Carrier re-rate after label $26.20; Billed above label cost $15.60
WB1824WHPC,Americanflat 18x24 inch White Poster Frame | Polished Plexiglass. Hanging Hardware Included!,16,41.73,UPS Ground Saver $31.52; UPS (service not itemized) $7.00; USPS Ground Advantage $3.00; FedEx (service not itemized) $0.21,Carrier re-rate after label $34.52; Billed above label cost $7.21
MW1030BLKNOMAT,Picture Frame | Classic Molding | Signature Collection - Americanflat - Black / 10x30,6,41.3,UPS Ground Saver $41.30,Carrier re-rate after label $41.30
MP-PVC-PS-1515-BLACK-1212-2PK,Americanflat 2 Pack of 15x15 Frames with 12x12 Mat - Plexiglass Cover - Black,9,40.99,USPS Ground Advantage $40.99,Carrier re-rate after label $40.99
A281P238SHOW7174,"Americanflat Midnight Clear by PI Creative Art Abstract Shower Curtain, 71"" x 74""",14,40.85,UPS (service not itemized) $35.05; UPS Ground Saver $3.90; FedEx (service not itemized) $1.90,Carrier re-rate after label $33.63; Billed above label cost $7.22
LX2436WHTNOMAT,Americanflat 24x36 Poster Frame with Polished Plexiglass - Streamline Collection - Thin Border Picture Frame for Wall Display - Hanging Hardware,4,40.48,FedEx (service not itemized) $40.48,Billed above label cost $40.48
MP-MDF-FLAGCASE-WHITE,Americanflat 24.6x17.4 Elegant Flag Display Case for Memorial Service and Veteran Burial - White,4,40.23,UPS Ground Saver $40.23,Carrier re-rate after label $40.23
OVF1620GLD1114,Heirloom Picture Frame - 16x20 / Gold / Ornate vintage frame,18,40.15,FedEx (service not itemized) $40.15,Billed above label cost $40.15
MP-MDF-CF-1620-BLACK-9OP,"Americanflat 16x20 Collage Picture Frame - Fits One 6x8, Four 5x7, and Four 4x4 Photos or One 16x20 Photo - Black",7,39.85,USPS Ground Advantage $31.54; UPS Ground Saver $8.31,Carrier re-rate after label $39.85
319412568731533362,Americanflat Front Loading Shadow Box Frame - 1.5 Interior Depth for Memorabilia - Display Case for Keepsakes - Magnetic Closure - Includes Pins to Secure Items - Hanging Hardware,7,39.85,UPS Ground Saver $26.64; UPS (service not itemized) $13.21,Carrier re-rate after label $39.85
WB2228DWOOD,Americanflat 22x28 Poster Frame in Drift Wood with Polished Plexiglass - Horizontal and Vertical Formats with Included Hanging Hardware,7,39.6,UPS Ground Saver $27.89; FedEx (service not itemized) $11.70,Carrier re-rate after label $27.89; Billed above label cost $11.70
WMW2024PNICKEL1620,Americanflat 20x24 Picture Frame with Polished Plexiglass - Use as 16x20 Frame with Mat or 20x24 Frame Without Mat - Hudson Collection - Silver,10,39.52,UPS Ground Saver $22.34; FedEx (service not itemized) $15.18; UPS (service not itemized) $2.00,Carrier re-rate after label $29.80; Billed above label cost $9.72
MP-MDF-CF-1620-WHITE-9OP,"Americanflat 16x20 Collage Picture Frame - Fits One 6x8, Four 5x7, and Four 4x4 Photos or One 16x20 Photo - White",24,39.45,UPS Ground Saver $36.66; USPS Ground Advantage $1.50; FedEx (service not itemized) $1.29,Carrier re-rate after label $38.16; Billed above label cost $1.29
MP-MDF-WB-1624-WHITE,Americanflat Poster Frame 16x24 inches - White Wooden Picture Frame with Plexiglass Cover,7,39.18,UPS Ground Saver $38.41; USPS Ground Advantage $0.77,Carrier re-rate after label $39.18
MP-PVC-PS-1216-SILVER-912-2PK,Americanflat 2 Pack of 12x16 Frames with 9x12 Mat - Plexiglass Cover - Silver,5,39.08,UPS Ground Saver $35.72; USPS Ground Advantage $3.36,Carrier re-rate after label $39.08
RAF25165BLK,Americanflat Brooklyn Record Album Frame | With Mat | Shatter-Resistant - 25x16.5 / Black,14,38.97,FedEx (service not itemized) $38.97,Billed above label cost $38.97
MP-PVC-PS-1620-NAOAK-1114-2PK,Americanflat 2 Pack of 16x20 Frames with 11x14 Mat - Plexiglass Cover - Natural Oak,10,38.86,UPS Ground Saver $26.26; USPS Ground Advantage $10.29; UPS (service not itemized) $1.46; FedEx (service not itemized) $0.86,Carrier re-rate after label $36.55; Billed above label cost $2.32
LX2228BLK1824,Picture Frame | Includes Mat | Slim Molding | Streamline Collection - 22x28 with 18x24 Mat / Black / 1 Pack,5,38.83,USPS Ground Advantage $32.83; UPS Ground Saver $6.00,Carrier re-rate after label $38.83
MP-PVC-LX-1622-BLACK,Americanflat 16x22 Poster Frame - Perfect for Photos and Artwork - Black,24,38.57,UPS Ground Saver $35.16; FedEx (service not itemized) $3.41,Carrier re-rate after label $35.16; Billed above label cost $3.41
MP-MDF-2030-BLACK,Americanflat Poster Frame 20x30 inches - Black Wooden Picture Frame with Plexiglass Cover,7,38.54,UPS Ground Saver $32.08; UPS (service not itemized) $6.00; FedEx (service not itemized) $0.46,Carrier re-rate after label $32.08; Billed above label cost $6.46
LX1216GLD46,Americanflat 12x16 Picture Frame Polished Plexiglass with Removable Mat - Home Gallery Wall Decor for Photos and Art Signature Collection - Gold,2,38.0,FedEx (service not itemized) $38.00,Billed above label cost $38.00
MPCANFA281P17152040,Americanflat Nature-Inspired Canvas Wall Art - Modern Abstract Art - 20x40,4,37.74,UPS Ground Saver $37.74,Carrier re-rate after label $37.74
WMW2024MAH1620,Oversized Gallery Picture Frame with Mat | Hudson Collection - 20x24 / Mahogany / 16x20,3,37.47,FedEx (service not itemized) $37.47,Billed above label cost $37.47
WMW1624BLK1218,Oversized Gallery Picture Frame with Mat | Hudson Collection - 16x24 / Black / 12x18,12,37.45,UPS Ground Saver $21.54; USPS Ground Advantage $10.72; FedEx (service not itemized) $5.19,Carrier re-rate after label $32.26; Billed above label cost $5.19
MPCANGWA281P17212436,"Americanflat Canvas Wall Art Featuring Beige, Blue, Green, Purple and White Tones - Gallery Wrap - Landscape Wall Art",4,37.4,UPS Ground Saver $37.40,Carrier re-rate after label $37.40
JRSYDCWHT,Lockable Jersey Display Case | All-Star Collection | With Hanger | Modern Decor - 23x31 / White,4,37.19,USPS Ground Advantage $36.51; FedEx (service not itemized) $0.68,Carrier re-rate after label $36.51; Billed above label cost $0.68
WMW1824BLK1218,Oversized Gallery Picture Frame with Mat | Hudson Collection - 18x24 / Black / 12x18,24,36.79,FedEx (service not itemized) $23.54; USPS Ground Advantage $11.25; UPS Ground Saver $2.00,Billed above label cost $23.54; Carrier re-rate after label $13.25
MP-PVC-PS-1218-GOLD-1117-2PK,Americanflat 2 Pack of 12x18 Frames with 11x17 Mat - Plexiglass Cover - Gold,4,36.7,UPS (service not itemized) $13.21; UPS Ground Saver $13.18; FedEx (service not itemized) $10.31,Carrier re-rate after label $36.70
MW1117OAK,"Americanflat 11x17 Oak Picture Frame, Legal Sized Paper Display. Shatter-Resistant Glass. Hanging Hardware Included",7,36.48,UPS (service not itemized) $13.75; USPS (service not itemized) $8.16; UPS Ground Saver $7.45; FedEx (service not itemized) $7.12,Carrier re-rate after label $29.98; Billed above label cost $6.50
MP-WPC-GSD-1620-WHITE-1114,"Americanflat 16x20 Gallery-Style Picture Frame with Mat to Secure Artwork, Prints, and Photos - White",6,36.24,UPS Ground Saver $25.91; FedEx (service not itemized) $10.33,Carrier re-rate after label $25.91; Billed above label cost $10.33
MK-PD3-810-BK,Americanflat 8x10 Picture Frame in Black - Use as 5x7 Picture Frame with Mat or 8x10 Frame Without Mat,16,36.15,UPS Ground Saver $20.60; USPS Ground Advantage $7.24; FedEx (service not itemized) $4.96; UPS (service not itemized) $3.35,Carrier re-rate after label $27.84; Billed above label cost $8.31
WB1620BLK1216,"Americanflat 16x20 Picture Frame with Polished Plexiglass, Use as 12x16 Frame with Mat or 16x20 Frame Without Mat, Epic Collection, Black",13,36.02,USPS (service not itemized) $13.81; FedEx (service not itemized) $12.48; UPS Ground Saver $9.72,Carrier re-rate after label $23.54; Billed above label cost $12.48
WMW0911MAH68,Hudson Picture Frame - 9x11 / Mahogany / 6x8,1,35.79,UPS Ground Saver $35.79,Carrier re-rate after label $35.79
339060859495038998,Americanflat 8x24 Collage Picture Frame - Displays Five 4x6 Photos at Once - Family Photo Collage Frame - Shatter Resistant Glass - Hanging Hardware for Horizontal or Vertical Display - Black,5,35.71,UPS Ground Saver $18.05; UPS (service not itemized) $17.66,Carrier re-rate after label $35.71
LX2740BLKNOMAT,Poster Frame | Slim Molding | Streamline Collection - Black / 27x40,4,35.7,FedEx (service not itemized) $35.70,Billed above label cost $35.70
289025644547391495,Americanflat 23x31 Lockable Jersey Display Case - Jersey Shadow Box Frame - Includes Built-in Hook for Jersey - Anti-Theft Lock - Polished Plexiglass Cover - Hanging Hardware - Black,5,35.49,FedEx (service not itemized) $26.07; UPS (service not itemized) $9.43,Billed above label cost $35.49
LX1620BLK1114,Picture Frame | Includes Mat | Slim Molding | Streamline Collection - 16x20 with 11x14 Mat / Black / 1 Pack,11,35.47,UPS Ground Saver $16.01; USPS Ground Advantage $11.73; FedEx (service not itemized) $7.74,Carrier re-rate after label $27.74; Billed above label cost $7.74
WB1620MAHPC,Americanflat 16x20 Poster Frame in Walnut with Polished Plexiglass - Horizontal and Vertical Formats - Wall Mounted,12,35.36,UPS Ground Saver $25.37; FedEx (service not itemized) $9.99,Carrier re-rate after label $25.37; Billed above label cost $9.99
ALU1216BLK0912,Brooklyn Portrait Picture Frame - 12x16 / Black,2,35.32,UPS Ground Saver $35.32,Carrier re-rate after label $35.32
PS1319WH11172PK,"Americanflat 13x19 Picture Frame with Mat for 11x17, White, 2 Pack",17,35.17,UPS Ground Saver $32.45; FedEx (service not itemized) $2.72,Carrier re-rate after label $32.45; Billed above label cost $2.72
MP-PVC-PS-1319-GOLD-1117-2PK,Americanflat 2 Pack of 13x19 Frames with 11x17 Mat - Plexiglass Cover - Gold,6,34.94,USPS Ground Advantage $34.94,Carrier re-rate after label $34.94
MP-PVC-LX-1822-BLACK,Americanflat 18x22 Poster Frame - Perfect for Photos and Artwork - Black,13,34.83,UPS Ground Saver $34.83,Carrier re-rate after label $34.83
LX1414BLK46,Americanflat 14x14 Picture Frame in Black - Use as 4x6 Picture Frame with Mat or 14x14 Frame Without Mat,14,34.77,UPS Ground Saver $25.97; FedEx (service not itemized) $4.96; USPS Ground Advantage $3.85,Carrier re-rate after label $29.82; Billed above label cost $4.96
MP-PVC-LX-1624-BLACK-812,"Americanflat 16""x24"" Picture Frame - Use as 4x4 Frame with Mat or 12x12 Frame Without Mat - Thin Photo Frame with Polished Plexiglass - Black",16,34.75,UPS Ground Saver $32.44; FedEx (service not itemized) $2.31,Carrier re-rate after label $32.44; Billed above label cost $2.31
PS1117BK5PK,"Americanflat 11x17 Picture Frame with Polished Plexiglass, Set of 5, Use as 9x15 Frame with Mat or 11x17 Frame Without Mat, Galleria Collection,Black",10,34.68,FedEx (service not itemized) $20.20; UPS Ground Saver $10.56; UPS (service not itemized) $2.25; USPS (service not itemized) $1.67,Billed above label cost $24.13; Carrier re-rate after label $10.56
PS1218SLV11172PK,Americanflat 12x18 Poster Frame with Polished Plexiglass - Set of 2 - 11x17 Mat or 12x18 Without Mat - Galleria - Picture Frames - Silver,3,34.62,FedEx (service not itemized) $34.62,Billed above label cost $34.62
SB1111BK,Americanflat 11x11 Shadow Box Frame with Shatter-Resistant Glass - Silhouette Collection - Black with Soft Felt Back,9,34.62,UPS Ground Saver $21.23; UPS (service not itemized) $10.82; FedEx (service not itemized) $2.57,Carrier re-rate after label $32.05; Billed above label cost $2.57
SB0507BK,Americanflat Shadow Box Frame in Black with Soft Linen Back MDF and Shatter Resistant Glass for Wall and Tabletop - 5 x 7,10,34.39,UPS Ground Saver $22.49; UPS (service not itemized) $8.51; USPS Ground Advantage $2.92; FedEx (service not itemized) $0.47,Carrier re-rate after label $25.41; Billed above label cost $8.98
MP-WPC-GSD-1114-BLACK-810,"Americanflat 11x14 Gallery-Style Picture Frame with Mat to Secure Artwork, Prints, and Photos - Black",5,34.09,UPS Ground Saver $33.24; FedEx (service not itemized) $0.85,Carrier re-rate after label $33.24; Billed above label cost $0.85
LX1520BLKNOMAT,Picture Frame | Slim Molding | Streamline Collection - 15x20 / Black,16,34.03,UPS Ground Saver $33.80; FedEx (service not itemized) $0.23,Carrier re-rate after label $33.80; Billed above label cost $0.23
PS812BK5PK,Classic Gallery Picture Frame | Set of 5 | Galleria Collection | Includes Mat - 8X12 / Black,6,33.95,UPS Ground Saver $27.57; UPS (service not itemized) $6.38,Carrier re-rate after label $27.57; Billed above label cost $6.38
MPIRONWESL18,"Americanflat 18"" Picture Frame Stand - Wall Mounted Frame Stand - Artwork and Photo Easel with Adaptive Clamps for Different Frame Profiles - Black",6,33.82,FedEx (service not itemized) $33.82,Carrier re-rate after label $32.76; Billed above label cost $1.06
LEDGE_WH24_SET,Americanflat White 24 Inch Floating Wall Shelf,10,33.43,UPS Ground Saver $33.43,Carrier re-rate after label $33.43
BFXF6080GRN,Throw Blanket | Faux Fur - 60x80 - Green,2,33.27,FedEx (service not itemized) $33.27,Billed above label cost $33.27
MP-MDF-WMW-2840-BLACK-2436,Picture Frame | Wide Molding | Included Mat | Shatter-Resistant Glass | Wall Decor - 28 x 40 / Black / 24x36,1,33.09,FedEx (service not itemized) $33.09,Billed above label cost $33.09
MP-PS-PFF-1620-DWOOD-1114,16x20 with 11x14 Mat | Classic Gallery Style Picture Frame With Decorative Inner Mat Accent | Veranda Collection - Driftwood,11,32.99,FedEx (service not itemized) $24.99; UPS Ground Saver $8.00,Billed above label cost $24.99; Carrier re-rate after label $8.00
MP-PVC-LX-2234-BLACK,Americanflat 22x34 Poster Frame - Perfect for Photos and Artwork - Black,4,32.9,UPS Ground Saver $32.90,Carrier re-rate after label $32.90
MP-PVC-LX-3040-BLACK,Poster Frame | Modern Design | Shatter-Resistant Glass | Dual Sawtooth Hangers - 30x40 / Black,1,32.71,FedEx (service not itemized) $32.71,Billed above label cost $32.71
WMW2632WHT2228,Americanflat Hudson Poster Frame | With Mat | Acrylic Glazing | Lightweight - 26x32 / White,1,32.65,FedEx (service not itemized) $32.65,Billed above label cost $32.65
LX0816BLKNOMAT,Americanflat 8x16 Picture Frame - Streamline Collection - Thin Border Photo Frame for Tabletop and Wall Display - Black,14,32.5,UPS Ground Saver $20.21; UPS (service not itemized) $5.37; FedEx (service not itemized) $5.33; USPS Ground Advantage $1.59,Carrier re-rate after label $27.18; Billed above label cost $5.33
MP-PVC-PS-0912-BLACK-68-2PK,2 Pack of Picture Frames with Mat - Plexiglass Cover,9,32.41,USPS Ground Advantage $32.41,Carrier re-rate after label $32.41
PS1620BK5PK,Set of 5 - Classic Gallery Picture Frame with Mat | Galleria Collection - 16 x 20 / Black,7,32.12,UPS (service not itemized) $14.80; FedEx (service not itemized) $11.61; UPS Ground Saver $5.71,Carrier re-rate after label $20.51; Billed above label cost $11.61
WB2228BKPC,Gallery Poster Frame with Wood Grain Finish | Epic Collection - 22x28 / Black,8,31.86,UPS Ground Saver $17.98; FedEx (service not itemized) $7.88; UPS (service not itemized) $6.00,Carrier re-rate after label $17.98; Billed above label cost $13.88
MW1218WALNUT,Americanflat 12x18 Walnut Picture Frame - Composite Wood with Shatter Resistant Glass,12,31.64,UPS Ground Saver $23.82; USPS Ground Advantage $6.39; FedEx (service not itemized) $1.42,Carrier re-rate after label $30.21; Billed above label cost $1.42
LX1117BLK,Picture Frame | Slim Molding | Streamline Collection - 11x17 / Black,6,31.51,UPS Ground Saver $29.49; FedEx (service not itemized) $2.03,Carrier re-rate after label $29.49; Billed above label cost $2.03
517544015155740686,"Americanflat Canvas Wall Art Featuring a Sandy Shore, Green Hills and Blue Ocean - Coastal Wall Art",7,31.51,UPS Ground Saver $31.51,Carrier re-rate after label $31.51
WB2024BKPC,Americanflat 20x24 inch Black Poster Frame | Polished Plexiglass. Hanging Hardware Included!,11,31.49,UPS Ground Saver $19.64; FedEx (service not itemized) $7.85; UPS (service not itemized) $4.00,Carrier re-rate after label $19.64; Billed above label cost $11.85
ESLF8ACR2PK,Acrylic Display Stand  Modern Clear Easel | Premium Quality - 8-Inch / 2 Pack,2,31.48,FedEx (service not itemized) $31.48,Billed above label cost $31.48
LX1620WHT68,Americanflat 16x20 Picture Frame with Polished Plexiglass - Use as 6x8 Frame with Mat or Display 16x20 Photo Without Mat - White,9,31.41,UPS Ground Saver $31.41,Carrier re-rate after label $31.41
CANFF0810BLK,Canvas Floating Frame Without Mat - Americanflat - 8x10 / Black,5,31.31,FedEx (service not itemized) $23.19; UPS Ground Saver $8.12,Billed above label cost $23.19; Carrier re-rate after label $8.12
MP-WPC-GSD-1114-WHITE-810,"Americanflat 11x14 Gallery-Style Picture Frame with Mat to Secure Artwork, Prints, and Photos - White",3,31.3,UPS Ground Saver $29.24; FedEx (service not itemized) $2.07,Carrier re-rate after label $29.24; Billed above label cost $2.07
MP-WPC-GSD-2030-BLACK,"Americanflat 20x30 Gallery-Style Picture Frame to Secure Artwork, Prints, and Photos - Black",5,31.3,USPS Ground Advantage $29.78; FedEx (service not itemized) $1.52,Carrier re-rate after label $29.78; Billed above label cost $1.52
PS1319BK5PK,Classic Gallery Picture Frame | Set of 5 | Galleria Collection | Includes Mat - 13X19 / Black,5,31.0,UPS Ground Saver $18.29; FedEx (service not itemized) $12.70,Carrier re-rate after label $18.29; Billed above label cost $12.70
MP-MDF-WB-1620-BLACK-1216,Americanflat Poster Frame 16x20 inches with 12x16 Mat - Black Wooden Picture Frame with Plexiglass Cover,7,30.98,USPS Ground Advantage $15.49; FedEx (service not itemized) $8.66; UPS Ground Saver $6.83,Carrier re-rate after label $22.32; Billed above label cost $8.66
MP-MDF-WBDIST-0810-DNAVY,Picture Frame | Rustic Textured Wood | Shatter-Resistant Glass | Easel Back - 8 x 10 / Navy,1,30.91,UPS Ground Saver $30.91,Carrier re-rate after label $30.91
IFBLK1520DW16,Mini Picture Frame | 3 Openings | Shatter-Resistant Glass | Americanflat - Black / 15x20,7,30.89,USPS Ground Advantage $26.88; UPS Ground Saver $4.00; FedEx (service not itemized) $0.01,Carrier re-rate after label $30.88; Billed above label cost $0.01
WB2027BLK,Americanflat 20x27 Picture Frame with Polished Plexiglass - Black Picture Frame - Wide Photo Frames Made of Engineered Wood for Vertical or - Modern,4,30.87,FedEx (service not itemized) $30.87,Billed above label cost $30.87
MP-SB-1620-WHITE,"Americanflat Shadow Box Frame White 16x20 inches - 1.5"" Deep Box Frame with Plexiglass Front",5,30.86,USPS Ground Advantage $19.05; UPS Ground Saver $7.84; UPS (service not itemized) $3.97,Carrier re-rate after label $26.89; Billed above label cost $3.97
MP-MDF-WMW-1319-BLACK-1117,Americanflat 13x19 Wide Molding Picture Frame - Black,13,30.7,UPS Ground Saver $23.73; UPS (service not itemized) $6.97,Carrier re-rate after label $30.70
MK-PD3-810-BK4PK,Americanflat Picture Frame | Includes Mat | 4 Multipack | Classic Molding | Signature Collection - 8x10,3,30.52,UPS Ground Saver $25.77; FedEx (service not itemized) $4.75,Carrier re-rate after label $25.77; Billed above label cost $4.75
517544281443713030,Americanflat 30x40 Nature-Inspired Canvas Wall Art with Gold Foil,1,30.52,UPS Ground Saver $30.52,Carrier re-rate after label $30.52
PS1620GLD11142PK,Americanflat 16x20 Picture Frame with Polished Plexiglass - Set of 2 - Use as 11x14 Frame with Mat or 16x20 Frame Without Mat - Gold,16,30.52,UPS Ground Saver $22.08; UPS (service not itemized) $6.05; USPS Ground Advantage $2.27; FedEx (service not itemized) $0.12,Carrier re-rate after label $26.02; Billed above label cost $4.50
LX1927BLKNOMAT,Americanflat 19x27 Poster Frame with Polished Plexiglass - Streamline Collection - Thin Border Picture Frame for Wall Display - Black,10,30.43,USPS Ground Advantage $15.00; UPS Ground Saver $11.25; FedEx (service not itemized) $4.18,Carrier re-rate after label $26.25; Billed above label cost $4.18
343098837958656034,"Americanflat Gallery-Style Picture Frame with Mat - Showcase Artwork, Prints, and Photos - Shatter Resistant Glass - Hanging Hardware with Drywall Anchor",1,30.41,UPS Ground Saver $30.41,Carrier re-rate after label $30.41
AZ-PES-PILL-A281P172-2020,"Americanflat 20x20 Decorative Throw Pillow with Sewn-in Insert - Soft Square All-in-One Cushion for Sofa, Couch or Bed - Black and Gold",4,30.33,FedEx (service not itemized) $30.33,Billed above label cost $30.33
A3BLK-2PACK,Americanflat A3 Picture Frame with Shatter-Resistant Glass - Set of 2 - 11.7x16.5 Frame with Engineered Wood - Signature Collection - Black,9,30.25,FedEx (service not itemized) $23.97; UPS Ground Saver $6.28,Billed above label cost $22.76; Carrier re-rate after label $7.49
MW0816BK357,Americanflat Collage Picture Frame in Black MDF with Three Displays of 5 x 7 Wood with Lead Free Glass for Wall - 8 x 16 - 8x16,8,30.18,UPS Ground Saver $29.70; FedEx (service not itemized) $0.48,Carrier re-rate after label $29.70; Billed above label cost $0.48
PILL1616CREAMLINE001,"Americanflat 16x16 Decorative Throw Pillow with Sewn-in Insert - Soft Square All-in-One Cushion for Sofa, Couch or Bed - Cream and White",6,29.73,FedEx (service not itemized) $29.73,Billed above label cost $29.73
MW0808WALNUT,Americanflat 8x8 Picture Frame in Walnut - Displays 4x4 With Mat and 8x8 Without Mat - Composite Wood with Shatter Resistant Glass  and Tabletop,6,29.68,UPS (service not itemized) $16.08; UPS Ground Saver $7.73; USPS (service not itemized) $5.86,Carrier re-rate after label $28.99; Billed above label cost $0.69
WMW2024PBRASS1620,Oversized Gallery Picture Frame with Mat | Hudson Collection - 20x24 / Gold / 16x20,7,29.62,UPS Ground Saver $29.37; FedEx (service not itemized) $0.25,Carrier re-rate after label $29.37; Billed above label cost $0.25
MP-PES-SHOW-7275-IVORY-WAF-SL,"Americanflat 72x75 Ivory Hookless Waffle Pattern Shower Curtain - Water-Resistant Long Shower Curtain with Sheer Panel, Snap-In Liner, and Grommets",7,29.53,UPS Ground Saver $14.80; UPS (service not itemized) $11.88; USPS Ground Advantage $2.85,Carrier re-rate after label $29.53
SB0810OAK,Shadow Box Frame | Shatter-Resistant Glass | Deep Display Box - Americanflat - 8x10 / Dark Oak,2,29.5,FedEx (service not itemized) $21.23; UPS (service not itemized) $8.27,Billed above label cost $21.23; Carrier re-rate after label $8.27
MW0912OAK68,Americanflat 9x12 Picture Frame in Oak - Displays 6x8 With Mat and 9x12 Without Mat - Composite Wood with Shatter Resistant Glass,9,29.33,UPS (service not itemized) $15.02; FedEx (service not itemized) $5.11; USPS Ground Advantage $5.00; UPS Ground Saver $4.20,Carrier re-rate after label $24.22; Billed above label cost $5.11
WMW2434PBRASS2030,Americanflat 24x34 Poster Frame with Polished Plexiglass - Use as 20x30 Frame with Mat or Display 24x34 Photo Without Mat - Hudson Collection - Wide,4,28.7,FedEx (service not itemized) $28.70,Billed above label cost $28.70
WB1620DWOOD,Epic Poster Frame - 16x20 / Driftwood,4,28.42,FedEx (service not itemized) $22.38; UPS Ground Saver $6.04,Billed above label cost $22.38; Carrier re-rate after label $6.04
LX1212BLK44,Americanflat 12x12 Picture Frame with Polished Plexiglass - Use as 4x4 Frame with Mat or 12x12 Frame Without Mat - Streamline Collection - Black,1,28.27,UPS Ground Saver $28.27,Carrier re-rate after label $28.27
POD1620BLK3PK,Americanflat 16x20 Black Picture Frames - Shatter-Resistant Glass - 3 Pack - Use as 13x17 with mat or as 16x20 frame without mat,14,28.17,FedEx (service not itemized) $28.17,Billed above label cost $28.17
MP-PVC-LX-1820-BLACK,Americanflat 18x20 Poster Frame - Perfect for Photos and Artwork - Black,12,28.15,UPS Ground Saver $17.81; UPS (service not itemized) $10.34,Carrier re-rate after label $28.15
A313P125SHOW7174,Americanflat 71x74 Abstract Shower Curtain - Watercolor Strokes by Lisa Nohren,10,28.02,FedEx (service not itemized) $16.93; UPS (service not itemized) $11.09,Billed above label cost $18.57; Carrier re-rate after label $9.45
MP-PVC-LX-1624-WHITE,Americanflat 16x24 Poster Frame - Perfect for Photos and Artwork - White,11,28.0,UPS Ground Saver $16.89; FedEx (service not itemized) $11.11,Carrier re-rate after label $16.89; Billed above label cost $11.11
MP-PVC-PS-0810-NAOAK-57-5PK,Americanflat 5 Pack of 8x10 Frames with 5x7 Mat - Plexiglass Cover - Natural Oak,16,27.98,UPS Ground Saver $24.90; FedEx (service not itemized) $2.73; USPS Ground Advantage $0.34,Carrier re-rate after label $20.09; Billed above label cost $7.89
WB1723BLK1319,Epic Matted Poster Frame - 17x23 / Black / 13x19,6,27.89,FedEx (service not itemized) $27.89,Billed above label cost $27.89
WMW2024GREY1620,Americanflat 20x24 Picture Frame with Polished Plexiglass - Use as 16 x 20 Frame with Mat or 20x24 Frame Without Mat - Grey Wood,4,27.7,FedEx (service not itemized) $23.70; UPS Ground Saver $4.00,Billed above label cost $23.70; Carrier re-rate after label $4.00
MPCANGWA281P17222436,"Americanflat Canvas Wall Art Featuring Blue, Grey, Green and White Tones - Gallery Wrap - Lake Landscape Wall Art",3,27.61,UPS Ground Saver $27.61,Carrier re-rate after label $27.61
MW1122BK2PK,Americanflat 11x22 Frame in Black - Assorted Media Cover Frame - Hanging Hardware Included - Fits 11x22 Inch Newspapers (2 Pack),11,27.6,USPS Ground Advantage $10.47; UPS (service not itemized) $9.85; UPS Ground Saver $6.73; FedEx (service not itemized) $0.55,Carrier re-rate after label $27.05; Billed above label cost $0.55
WMW1212WHT1010,Americanflat 12x12 Picture Frame with Shatter-Resistant Glass - Use as 10x10 Frame with Mat or Display 12x12 Photo Without Mat - Hudson Collection,7,27.58,UPS Ground Saver $14.95; UPS (service not itemized) $12.63,Carrier re-rate after label $27.58
MP-MDF-DF-1114-WHITE-8511-2PK,Diploma Frame - 11x14 with 8.5x11 Mat for Diploma - Wood  Glass,7,27.32,USPS Ground Advantage $27.32,Carrier re-rate after label $27.32
MP-PES-PILL-GREEN-1616-LINES001,Americanflat 16x16 Striped Pattern Throw Pillow with Premium Polyester - Green,7,27.29,UPS Ground Saver $19.34; USPS Ground Advantage $7.95,Carrier re-rate after label $27.29
517544113939988496,"Americanflat Canvas Wall Art Featuring Beige Sand, Blue Ocean and White Sky - Coastal Beach Wall Art",4,27.28,FedEx (service not itemized) $14.59; UPS Ground Saver $12.69,Billed above label cost $14.59; Carrier re-rate after label $12.69
MP-PS-VF-1114-SILVER-810,Americanflat 11x14 Vintage Picture Frame with Mat and Beaded Accents with Shatter Resistant Glass - Silver,4,27.27,FedEx (service not itemized) $13.66; USPS Ground Advantage $13.03; UPS Ground Saver $0.58,Billed above label cost $13.66; Carrier re-rate after label $13.61
MP-MDF-WMW-0810-BLUE-57,"Americanflat 8""x10"" Wide Molding Picture Frame - Blue",11,27.25,UPS Ground Saver $19.56; UPS (service not itemized) $7.69,Carrier re-rate after label $23.08; Billed above label cost $4.17
LX1818BLKNOMAT,Picture Frame | Slim Molding | Streamline Collection - 18x18 / Black,4,27.18,FedEx (service not itemized) $21.47; UPS Ground Saver $5.71,Billed above label cost $21.47; Carrier re-rate after label $5.71
MW0606BLKNOMAT,Americanflat 6x6 Picture Frame with Shatter-Resistant Glass - Signature Collection - Gallery Style Frames Made of Engineered Wood - Square Frame for,14,27.15,UPS Ground Saver $25.95; FedEx (service not itemized) $1.20,Carrier re-rate after label $25.95; Billed above label cost $1.20
MP-MDF-DISTF-0507-RUS-46-4PK,Americanflat 5x7 Picture Frame Set with Mat - Perfect for Farmhouse Decor - Rustic Lodge - 4 Pack,7,27.0,USPS Ground Advantage $13.57; UPS Ground Saver $7.56; UPS (service not itemized) $5.46; FedEx (service not itemized) $0.41,Carrier re-rate after label $26.59; Billed above label cost $0.41
MW8511WALNUT,Signature Unmatted Picture Frame - Walnut / 8.5x11 / 1 Pack,1,26.97,UPS Ground Saver $26.97,Carrier re-rate after label $26.97
MW1117WH,"Americanflat 11x17 White Picture Frame, Legal Sized Paper Display. Shatter-Resistant Glass. Hanging Hardware Included",11,26.93,USPS Ground Advantage $15.45; UPS Ground Saver $11.48,Carrier re-rate after label $26.93
LX2026BLKNOMAT,Americanflat 20x26 Picture Frame with Polished Plexiglass - Streamline Collection - Thin Border Picture Frame for Wall Display - Black,7,26.86,UPS Ground Saver $15.01; USPS Ground Advantage $11.85,Carrier re-rate after label $15.01; Billed above label cost $11.85
LX0912BLK-2PACK,Americanflat 9x12 Picture Frame in Black - Displays 6x8 With Mat and 9x12 Without Mat - Horizontal and Vertical Formats for Wall and Tabletop 2 Pack,5,26.8,FedEx (service not itemized) $13.75; UPS Ground Saver $13.04,Billed above label cost $13.75; Carrier re-rate after label $13.04
WB1622BLK,Americanflat 16x22 Picture Frame with Polished Plexiglass - Black Picture Frame - Wide Photo Frames Made of Engineered Wood  - Epic Collection - Black,11,26.68,USPS Ground Advantage $13.60; UPS Ground Saver $12.37; FedEx (service not itemized) $0.71,Carrier re-rate after label $25.97; Billed above label cost $0.71
WB1218LWOOD,Americanflat 12x18 Poster Frame in Light Wood - Composite Wood with Polished Plexiglass - Horizontal and Vertical Formats for Wall,2,26.55,UPS Ground Saver $22.98; FedEx (service not itemized) $3.57,Carrier re-rate after label $22.98; Billed above label cost $3.57
ODFBMAH1114-DGRG,Americanflat Vintage Diploma Frame | With 8.5x11 Mat | Shatter-Resistant Glass - 11x14 / Mahogany / Green & Gold,1,26.4,FedEx (service not itemized) $26.40,Billed above label cost $26.40
LX1722BLKNOMAT,Picture Frame | Slim Molding | Streamline Collection - 17x22 / Black,7,26.0,UPS Ground Saver $22.04; FedEx (service not itemized) $3.97,Carrier re-rate after label $22.04; Billed above label cost $3.97
WMW1218NAOAK1117,Oversized Gallery Picture Frame with Mat | Hudson Collection - 12x18 / Natural Oak / 11x17,5,26.0,USPS Ground Advantage $12.50; UPS Ground Saver $10.79; FedEx (service not itemized) $2.71,Carrier re-rate after label $23.29; Billed above label cost $2.71
MW0820WHT446,Americanflat 8x20 Collage Picture Frame in White | Displays Four 4x6 inch Photos with mat or 8x20 Without Mat. Shatter-Resistant Glass.,7,25.94,UPS (service not itemized) $14.67; USPS Ground Advantage $11.21; FedEx (service not itemized) $0.06,Carrier re-rate after label $25.88; Billed above label cost $0.06
LX2430BLKNOMAT,Picture Frame | Slim Molding | Streamline Collection - 24x30 / Black,5,25.71,UPS Ground Saver $25.12; FedEx (service not itemized) $0.59,Carrier re-rate after label $25.12; Billed above label cost $0.59
PS0912GLD682PK,Americanflat 12x18 Poster Frame with Shatter-Resistant Glass - Use as 11x17 Frame with Mat or 12x18 Frame Without Mat - Hudson Collection - Silver,9,25.54,UPS Ground Saver $25.54,Carrier re-rate after label $25.54
MW1114PBRASS546,Americanflat Picture Frame | Collage | Five 4x6 Openings with Classic Molding | Signature Collection - 11x14 / Gold,2,25.52,UPS (service not itemized) $24.88; FedEx (service not itemized) $0.65,Billed above label cost $25.52
MP-PS-1620-WHITE-1114-5PK,Americanflat 5 Pack of 16x20 Frames with 11x14 Mat - Plexiglass Cover - White,20,25.43,FedEx (service not itemized) $25.43,Billed above label cost $25.43
MP-PES-SHOW-A281P1707-7174,Americanflat Floral Eucaliptus Shower Curtain - 100% Polyester - Water-Resistant Bath Curtain,3,25.42,UPS Ground Saver $14.25; UPS (service not itemized) $11.02; FedEx (service not itemized) $0.15,Carrier re-rate after label $25.27; Billed above label cost $0.15
A281P369SHOW7174,"Americanflat Where the Passion Flower Grows by PI Creative Art Floral Shower Curtain, 71x74",5,25.11,UPS (service not itemized) $24.66; FedEx (service not itemized) $0.45,Carrier re-rate after label $21.11; Billed above label cost $4.00
MP-MDF-1824-WHITE,Gallery Poster Frame with Wood Grain Finish | Epic Collection - 18x24 / White,6,24.98,FedEx (service not itemized) $13.25; UPS (service not itemized) $9.73; UPS Ground Saver $2.00,Billed above label cost $13.25; Carrier re-rate after label $11.73
PILL1616BLUEDIA,"Americanflat 16x16 Decorative Throw Pillow with Sewn-in Insert - Soft Square All-in-One Cushion for Sofa, Couch or Bed - Blue",3,24.97,FedEx (service not itemized) $24.97,Billed above label cost $24.97
MP-MDF-FF-0810-WHITE,"Americanflat 8x10 Two-Sided Floating Picture Frame to Display Photos, Wall Art, and Pressed Flowers - White",5,24.96,UPS Ground Saver $24.96,Carrier re-rate after label $24.96
MW1013BLK,Americanflat 10x13 Picture Frame in Black - Composite Wood with Shatter Resistant Glass - Horizontal and Vertical Formats for Wall,7,24.93,UPS Ground Saver $24.30; FedEx (service not itemized) $0.62,Carrier re-rate after label $24.30; Billed above label cost $0.62
MPCANFA281P1716202SET,Americanflat 16x20 Canvas Wall Art Featuring Black Geometric Brushstrokes - White Background - Set of 2 - Abstract Wall Art,3,24.91,UPS Ground Saver $24.91,Carrier re-rate after label $24.91
FLAGCASEBLKSMALL,Burial Flag Display Case | Memorial Frame for Veterans – Americanflat - Small / Black,5,24.88,UPS (service not itemized) $10.63; USPS Ground Advantage $7.26; UPS Ground Saver $6.46; FedEx (service not itemized) $0.53,Carrier re-rate after label $13.72; Billed above label cost $11.16
MW0810BK,Americanflat 8x10 Picture Frame with Shatter-Resistant Glass - Gallery Style Frame with Engineered Wood - Signature Collection - Black,18,24.86,UPS Ground Saver $19.01; USPS Ground Advantage $5.56; FedEx (service not itemized) $0.30,Carrier re-rate after label $24.56; Billed above label cost $0.30
SIFBLK16243PK,Fusion Picture Frame - 16x24 / Black / 3 Pack,8,24.85,UPS Ground Saver $24.20; FedEx (service not itemized) $0.65,Carrier re-rate after label $24.20; Billed above label cost $0.65
LX1216WHT46,"Americanflat 12x16 Picture Frame in White, Use as 4x6 Picture Frame with Mat or 12x16 Frame Without Mat",8,24.83,FedEx (service not itemized) $23.15; USPS (service not itemized) $1.68,Billed above label cost $24.83
405128380979937323,"Americanflat Gallery-Style Picture Frame with Mat - Showcase Artwork, Prints, and Photos - Shatter Resistant Glass - Hanging Hardware with Drywall Anchor",1,24.81,FedEx (service not itemized) $24.81,Billed above label cost $24.81
LX1114BLK2PK,Picture Frame | Includes Mat | Slim Molding | Streamline Collection - 11x14 with 8x10 Mat / Black / 2 Pack,7,24.63,FedEx (service not itemized) $13.09; UPS Ground Saver $11.54,Billed above label cost $16.10; Carrier re-rate after label $8.53
MP-LX-1824-BLACK-810,Americanflat 8x10 Picture Frame With Oversized Mat 18x24 Frame - Shatter-Resistant Glass Front Cover - Black,9,24.62,UPS Ground Saver $20.28; USPS Ground Advantage $2.48; FedEx (service not itemized) $1.85,Carrier re-rate after label $22.76; Billed above label cost $1.85
WB1824PNICKEL,Americanflat 18x24 Poster Frame in Silver with Polished Plexiglass-Horizontal and Vertical Formats with Included Hanging Hardware,12,24.57,UPS Ground Saver $22.00; FedEx (service not itemized) $2.57,Carrier re-rate after label $22.00; Billed above label cost $2.57
PS0909WHT665PK,Americanflat 9x9 Picture Frame with Polished Plexiglass - Set of 5 - Use as 6x6 Frame with Mat or Display 9x9 Photo Without Mat - White,5,24.48,USPS Ground Advantage $24.48,Carrier re-rate after label $24.48
MP-PVC-PS-1620-NAOAK-1114-5PK,Americanflat 5 Pack of 16x20 Frames with 11x14 Mat - Plexiglass Cover - Natural Oak,29,24.35,FedEx (service not itemized) $24.35,Billed above label cost $24.35
LX1420BLKNOMAT,Americanflat 14x20 Picture Frame with Polished Plexiglass - Streamline Collection - Thin Border Picture Frame for Wall Display - Black,4,24.31,USPS Ground Advantage $24.31,Carrier re-rate after label $24.31
MP-MDF-WMW-0808-BLACK-44,8x8 Black Square Frame with Shatter-Resistant Glass ? Display 8x8 Photos or 4x4 with Mat ? Wide Modern Design for Wall and Tabletop,13,24.23,UPS Ground Saver $21.30; FedEx (service not itemized) $1.58; USPS Ground Advantage $1.35,Carrier re-rate after label $21.30; Billed above label cost $2.93
LX0507BLK2PK,Americanflat 5x7 Picture Frame with Shatter-Resistant Glass - Set of 2 - Use as 4x6 Frame with Mat or 5x7 Without Mat - Streamline Collection - Black,5,24.22,FedEx (service not itemized) $19.63; USPS Ground Advantage $4.59,Billed above label cost $19.63; Carrier re-rate after label $4.59
MW1218BK,Americanflat 12x18 Black Picture Frame - Composite Wood with Shatter Resistant Glass,6,24.17,UPS Ground Saver $20.71; FedEx (service not itemized) $3.46,Carrier re-rate after label $20.71; Billed above label cost $3.46
TSHRT13520BLK,Silhouette T-Shirt Shadow Box - 13.5x20 / Black,3,24.12,USPS Ground Advantage $24.12,Carrier re-rate after label $24.12
LX2430BLK1417,Streamline Matted Picture Frame - 24x30 with 14x17 Mat / Black / 1 Pack,3,24.11,FedEx (service not itemized) $24.11,Billed above label cost $24.11
SHOW7174BLKOMBRE,Americanflat 71x74 Black Ombre Shower Curtain - 100% Polyester Curtain - Water-Resistant with Metal Grommets and 12 Rings - Gradient Shower Curtains,13,23.96,UPS Ground Saver $23.64; FedEx (service not itemized) $0.32,Carrier re-rate after label $23.64; Billed above label cost $0.32
MP-PVC-PS-0912-GOLD-68-2PK,Americanflat 2 Pack of 9x12 Frames with 6x8 Mat - Plexiglass Cover - Gold,6,23.87,USPS Ground Advantage $23.87,Carrier re-rate after label $17.57; Billed above label cost $6.29
MP-PES-SHOW-7174-SOLIDSGREY,Americanflat 71x74 Solid Grey Shower Curtain - Water Resistant - Polyester Fabric,7,23.59,UPS (service not itemized) $18.21; UPS Ground Saver $5.38,Carrier re-rate after label $23.59
LX2027BLKNOMAT,Picture Frame | Slim Molding | Streamline Collection - 20x27 / Black,2,23.57,UPS Ground Saver $23.57,Carrier re-rate after label $23.57
MW0812DWOOD,Americanflat 8x12 Picture Frame in Drift wood with Shatter Resistant Glass - Horizontal and Vertical Formats for Wall and Tabletop,8,23.5,UPS Ground Saver $22.33; FedEx (service not itemized) $0.84; UPS (service not itemized) $0.33,Carrier re-rate after label $22.33; Billed above label cost $1.17
MP-ALU-FF-1114-BLACK-2PK,Americanflat Floating Aluminum & Plexiglass Frame - 11x14 - Black - 2 Pack,7,23.44,UPS Ground Saver $11.29; UPS (service not itemized) $10.44; USPS Ground Advantage $1.71,Carrier re-rate after label $13.00; Billed above label cost $10.44
WB1832BLK,Gallery Poster Frame with Wood Grain Finish | Epic Collection - 18x32 / Black,2,23.43,UPS Ground Saver $23.43,Carrier re-rate after label $23.43
MW1114BK57,Americanflat 11x14 Picture Frame in Black - Displays 5x7 With Mat and 11x14 Without Mat - Composite Wood with Shatter Resistant Glass,3,23.29,UPS (service not itemized) $13.01; UPS Ground Saver $10.28,Carrier re-rate after label $23.29
LX1010BLK,Americanflat 10x10 Picture Frame in Black - Displays 8x8 With Mat and 10x10 Without Mat - Horizontal and Vertical Formats for Wall and Tabletop,5,23.12,UPS Ground Saver $22.20; FedEx (service not itemized) $0.92,Carrier re-rate after label $22.20; Billed above label cost $0.92
MW1214BLKNOMAT,Americanflat 12x14 Picture Frame with Shatter-Resistant Glass - Signature Collection - Gallery-Style Frames Made of Engineered Wood - Photo Frame,6,23.06,USPS (service not itemized) $8.87; UPS (service not itemized) $8.27; UPS Ground Saver $5.62; FedEx (service not itemized) $0.31,Carrier re-rate after label $22.75; Billed above label cost $0.31
LX1114BLKNOMAT2PK,Americanflat 11x14 Picture Frame with Shatter-Resistant Glass - Set of 2 - Streamline Collection - Thin Border Picture Frame for Wall Display - Black,7,23.02,FedEx (service not itemized) $12.58; UPS Ground Saver $10.43,Billed above label cost $12.58; Carrier re-rate after label $10.43
257803232924319751,Americanflat Picture Frame with Mat - Photo Frame for Wall Display - Shatter Resistant Glass - Adjustable Hanging Hardware - Includes Easel - Black,1,22.99,FedEx (service not itemized) $22.99,Billed above label cost $22.99
MW0811BLKNOMAT,Americanflat 8x11 Picture Frame with Shatter-Resistant Glass - Signature Collection - Gallery-Style Frames Made of Engineered Wood - Black,3,22.97,UPS Ground Saver $22.97,Carrier re-rate after label $22.97
LX1114WALNUT,Streamline Matted Picture Frame - 11x14 with 8x10 Mat / Walnut / 1 Pack,4,22.86,FedEx (service not itemized) $22.86,Billed above label cost $22.86
MP-PVC-LX-0912-WHITE-68,"Americanflat 9x12 Picture Frame with Mat for 6x8 - Modern Design, Shatter-Resistant Glass, PVC Frame - White",7,22.59,USPS Ground Advantage $22.46; FedEx (service not itemized) $0.13,Carrier re-rate after label $22.46; Billed above label cost $0.13
MP-PVC-LX-0808-BLACK-66-2PK,"Americanflat 8x8 Picture Frame with 6x6 Mat - Modern Design, Shatter-Resistant Glass 2 Pack - Black",4,22.52,UPS Ground Saver $22.52,Carrier re-rate after label $22.52
PFF1620DWOOD1114,Veranda Picture Frame | Americanflat | Fillet Accent | Acrylic Glazing | With Mat - 16x20 / Driftwood / 11x14,8,22.47,UPS Ground Saver $21.33; FedEx (service not itemized) $1.14,Carrier re-rate after label $21.33; Billed above label cost $1.14
A281P435SHOW7174,"Americanflat 71"" x 74"" Shower Curtain - No Borders IV by PI Creative Art",15,22.14,UPS Ground Saver $20.98; FedEx (service not itemized) $0.83; UPS (service not itemized) $0.33,Carrier re-rate after label $20.98; Billed above label cost $1.17
LX1620BLKNOMAT2PK,Picture Frame | Set of 2 | Slim Molding | Streamline Collection - 16x20 / Black / 2 Pack,4,22.14,UPS Ground Saver $19.26; FedEx (service not itemized) $2.88,Carrier re-rate after label $19.26; Billed above label cost $2.88
WMW1624NAOAK1218,Oversized Gallery Picture Frame with Mat | Hudson Collection - 16x24 / Natural Oak / 12x18,15,22.03,FedEx (service not itemized) $22.03,Billed above label cost $22.03
WB1724BLK,Epic Poster Frame - 17x24 / Black,2,22.03,UPS Ground Saver $22.03,Carrier re-rate after label $22.03
WESL30,Adjustable Wall Easel | Black | Modern - Premium Quality - 30 Inch,11,21.98,FedEx (service not itemized) $21.98,Billed above label cost $21.98
PRO_MW1114DWOOD,Americanflat 11x14 Driftwood Picture Frame - Displays 8x10 With Mat or 11x14 Without Mat - Composite Wood with Shatter Resistant Glass,8,21.88,UPS Ground Saver $21.88,Carrier re-rate after label $21.88
MK-PD3-810-NAOAK,Americanflat 8x10 Picture Frame - Use as 5x7 Frame with Mat or Display 8x10 Photo Without Mat -- Photo Frames for Tabletop and Wall - Natural Oak,5,21.81,UPS Ground Saver $15.95; USPS (service not itemized) $5.86,Carrier re-rate after label $21.81
LX0606WHT44,Americanflat 6x6 Picture Frame with Shatter-Resistant Glass - Use as 4x4 Frame with Mat or Display 6x6 Photo Without Mat - - Square Frames for,14,21.75,FedEx (service not itemized) $21.75,Billed above label cost $21.75
WB1620WHPC,Americanflat 16x20 Poster Frame in White with Polished Plexiglass - Horizontal and Vertical Formats - Wall Mounted,8,21.72,UPS Ground Saver $19.94; USPS Ground Advantage $1.78,Carrier re-rate after label $21.72
ACR0406,Americanflat Acrylic Picture Frame Clear Scratch Resistant with Magnetic Corner[4x6],4,21.65,UPS Ground Saver $15.96; USPS Ground Advantage $5.62; FedEx (service not itemized) $0.06,Carrier re-rate after label $21.59; Billed above label cost $0.06
LX0505BLK-2PACK,Americanflat 5x5 Picture Frame in Black with Shatter Resistant Glass - Horizontal and Vertical Formats for Wall and Tabletop (2 Pack),7,21.53,UPS Ground Saver $18.51; USPS Ground Advantage $3.02,Carrier re-rate after label $21.53
284180736026116135,"Americanflat Round Mirror - Hanging Mirror for Wall - Circle Mirror for Bathroom, Bedroom, Entryway, Living Room - Large Mirror for Wall Decor",1,21.49,FedEx (service not itemized) $21.49,Billed above label cost $21.49
WB1826BLK,Americanflat 18x26 Poster Frame with Polished Plexiglass - Black Picture Frame - Wide Photo Frames Made of Engineered Wood for Vertical or Horizontal.,3,21.45,FedEx (service not itemized) $7.85; UPS (service not itemized) $7.60; UPS Ground Saver $6.00,Carrier re-rate after label $13.60; Billed above label cost $7.85
LX2228WHTNOMAT,"Americanflat 22x28 Poster Frame with Polished Plexiglass, Streamline Collection, Thin Border Picture Frame for Wall Display, , White",7,21.38,UPS Ground Saver $19.87; USPS Ground Advantage $1.51,Carrier re-rate after label $21.38
MK-PD3-810-WH,Americanflat 8x10 White Picture Frame | Displays 5x7 Inch Pictures with Mat or 8x10 Inch Pictures Without Mat. Shatter-Resistant Glass.,8,21.33,UPS Ground Saver $19.15; USPS Ground Advantage $1.77; FedEx (service not itemized) $0.41,Carrier re-rate after label $20.92; Billed above label cost $0.41
MW1010BK444,"Americanflat 10x10 Collage Picture Frame With Four 4x4 Inch Openings - Composite Wood with Shatter Resistant Glass and Tabletop, black",8,21.14,UPS Ground Saver $15.46; USPS Ground Advantage $5.00; FedEx (service not itemized) $0.68,Carrier re-rate after label $20.46; Billed above label cost $0.68
PS1218BK5PK,Americanflat 12x18 Poster Frame - Set of 5 - Use as 11x17 Frame with Mat or 12x18 Frame Without Mat - Galleria Collection - Black,5,21.07,FedEx (service not itemized) $12.51; UPS Ground Saver $7.12; USPS Ground Advantage $1.44,Billed above label cost $12.51; Carrier re-rate after label $8.56
SIFF0608BLK,Fusion Float Picture Frame - 6x8 / Black,2,21.06,FedEx (service not itemized) $21.06,Billed above label cost $21.06
WB1620WALNUT,Americanflat 16x20 Poster Frame in Walnut with Polished Plexiglass - Horizontal and Vertical Formats with Included Hanging Hardware,9,21.01,UPS Ground Saver $21.01,Carrier re-rate after label $21.01
MP-PVC-PS-1620-BLACK-1114-2PK,Americanflat 2 Pack of 16x20 Frames with 11x14 Mat - Plexiglass Cover - Black,9,20.93,FedEx (service not itemized) $11.92; UPS Ground Saver $9.01,Billed above label cost $11.92; Carrier re-rate after label $9.01
AZ-PES-PILL-A281P273-1414,"Americanflat 14x14 Decorative Throw Pillow with Sewn-in Insert - Soft Square All-in-One Cushion for Sofa, Couch or Bed - Blue and White",4,20.83,FedEx (service not itemized) $20.83,Billed above label cost $20.83
MP-PVC-PS-1824-BLACK-5PK,Americanflat 5 Pack of 18x24 Frames - Plexiglass Cover - Black,16,20.75,FedEx (service not itemized) $20.75,Billed above label cost $20.75
MP-MDF-WMW-1624-NAOAK-1218,Americanflat 16x24 Wide Molding Picture Frame - Natural Oak,5,20.72,USPS Ground Advantage $16.66; UPS Ground Saver $4.00; FedEx (service not itemized) $0.06,Carrier re-rate after label $20.66; Billed above label cost $0.06
MP-PES-SHOW-GEO4-7275-GRAY-SL,"Americanflat 72x75 Hookless Shower Curtain - Abstract Grey White Shower Curtain with Sheer Panel, Snap-In Liner, and Grommets - 100% Polyester",15,20.7,UPS Ground Saver $9.54; FedEx (service not itemized) $6.54; UPS (service not itemized) $4.62,Carrier re-rate after label $14.16; Billed above label cost $6.54
WB1827BLK,Epic Poster Frame - 18x27 / Black,2,20.64,UPS Ground Saver $20.64,Carrier re-rate after label $20.64
MP-MDF-WB-1620-NAOAK,Americanflat Poster Frame 16x20 inches - Natural Oak Wooden Picture Frame with Plexiglass Cover,13,20.5,UPS Ground Saver $19.71; FedEx (service not itemized) $0.79,Carrier re-rate after label $19.71; Billed above label cost $0.79
CDF6512BLK,"Americanflat 6.5x12 CD Frame Display Case - Album Cover Art and CD Display Frame with Engineered Wood Molding, S - Black",4,20.49,FedEx (service not itemized) $14.01; UPS (service not itemized) $5.98; UPS Ground Saver $0.50,Billed above label cost $17.98; Carrier re-rate after label $2.51
MF0510BK,Americanflat 5x10 Business License Frame with Shatter-Resistant Glass - Use as 3.5x8 Frame with Mat or 5x10 Frame Without Mat - Black,9,20.32,UPS Ground Saver $15.27; USPS Ground Advantage $4.90; FedEx (service not itemized) $0.15,Carrier re-rate after label $20.17; Billed above label cost $0.15
MP-PVC-LX-1317-BLACK,Americanflat 13x17 Poster Frame - Perfect for Photos and Artwork - Black,6,20.31,UPS Ground Saver $14.45; UPS (service not itemized) $3.35; USPS Ground Advantage $2.51,Carrier re-rate after label $16.96; Billed above label cost $3.35
MP-MDF-MW-1020-BLACK-57-3OP,Americanflat 10x20 Collage Picture Frame to Display 3 Photos at Once - Black,4,20.28,UPS Ground Saver $17.74; USPS Ground Advantage $2.54,Carrier re-rate after label $20.28
GSD2030BLK,Deep Molding Picture Frame | Americanflat | No Mat | Modern - Premium Quality - 20x30 / Black,4,20.2,UPS Ground Saver $18.00; FedEx (service not itemized) $2.20,Carrier re-rate after label $18.00; Billed above label cost $2.20
SIFF2424BLK1114,Fusion Float Picture Frame - 24x24 / Black,11,20.15,UPS Ground Saver $20.04; FedEx (service not itemized) $0.12,Carrier re-rate after label $20.04; Billed above label cost $0.12
PS0707BLK445PK,Set of 5 - Classic Gallery Picture Frame with Mat | Galleria Collection - 7 x 7 / Black,5,20.1,UPS Ground Saver $10.98; UPS (service not itemized) $6.23; FedEx (service not itemized) $2.89,Carrier re-rate after label $17.21; Billed above label cost $2.89
MW1114BK,Picture Frame | Classic Molding | Signature Collection - Americanflat - Black / 11x14,9,20.03,USPS Ground Advantage $12.54; USPS (service not itemized) $5.55; FedEx (service not itemized) $1.94,Carrier re-rate after label $15.40; Billed above label cost $4.62
WB1824OAKPC,Americanflat 18x24 Poster Frame in Pine with Polished Plexiglass - Horizontal and Vertical Formats with Included Hanging Hardware,6,20.0,UPS Ground Saver $19.14; FedEx (service not itemized) $0.86,Carrier re-rate after label $19.14; Billed above label cost $0.86
431801430847504403,Americanflat 16x20 Picture Frame with Decorative Inner Mat Accent - Use as 11x14 photo frame with the Mat or as 16x20 frame without the Mat - Statement Frame with Polished Plexiglass,2,19.95,UPS Ground Saver $12.81; UPS (service not itemized) $7.14,Carrier re-rate after label $12.81; Billed above label cost $7.14
MP-PES-SHOW-A303P334-7174,71x74 Tropical Boho Shower Curtain - 100% Polyester - Water-Resistant Bath Curtain,6,19.92,UPS Ground Saver $12.82; UPS (service not itemized) $7.10,Carrier re-rate after label $12.82; Billed above label cost $7.10
MP-MDF-WB-2424-BLACK-2020,Americanflat Poster Frame 24x24 inches with 20x20 Mat - Black Wooden Picture Frame with Plexiglass Cover,13,19.92,FedEx (service not itemized) $19.92,Billed above label cost $19.92
MP-ALU-FF-1114-BLACK,Americanflat Floating Aluminum & Plexiglass Frame - 11x14 - Black,4,19.9,UPS (service not itemized) $16.95; FedEx (service not itemized) $1.72; UPS Ground Saver $1.23,Carrier re-rate after label $18.18; Billed above label cost $1.72
1S-P763-BBCX,Americanflat Document Frame Mahogany with Polished Shatterproof Glass for Wall  - 11 x 14,5,19.76,UPS (service not itemized) $17.41; UPS Ground Saver $1.80; FedEx (service not itemized) $0.55,Carrier re-rate after label $12.21; Billed above label cost $7.55
MP-MDF-A4-BLACK,Americanflat A4 Picture Frame - Black 8.3x11.7 Frame with Engineered Wood and Shatter-Resistant Glass for Tabletop and Wall Display,8,19.73,UPS Ground Saver $19.73,Carrier re-rate after label $12.00; Billed above label cost $7.73
LX2020BLK1010,Streamline Matted Picture Frame - 20x20 with 10x10 Mat / Black / 1 Pack,8,19.71,FedEx (service not itemized) $19.71,Billed above label cost $19.71
SB1114BK,Americanflat 11x14 Shadow Box Frame with Shatter-Resistant Glass - Silhouette Collection - Black with Soft Linen Back,4,19.49,FedEx (service not itemized) $17.35; USPS Ground Advantage $1.66; UPS Ground Saver $0.48,Carrier re-rate after label $19.49
MP-WPC-GSD-1624-BLACK,"Americanflat 16x24 Gallery-Style Picture Frame to Secure Artwork, Prints, and Photos - Black",8,19.49,UPS Ground Saver $19.44; FedEx (service not itemized) $0.05,Carrier re-rate after label $19.44; Billed above label cost $0.05
WB1622BLK1218,Epic Matted Poster Frame - 16x22 / Black / 12x18,6,19.45,FedEx (service not itemized) $17.87; UPS Ground Saver $1.57,Billed above label cost $17.87; Carrier re-rate after label $1.57
319412568731533356,Americanflat Front Loading Shadow Box Frame - 1.5 Interior Depth for Memorabilia - Display Case for Keepsakes - Magnetic Closure - Includes Pins to Secure Items - Hanging Hardware,1,19.4,UPS Ground Saver $19.40,Carrier re-rate after label $19.40
MW0836BLKNOMAT,Picture Frame | Classic Molding | Signature Collection - Americanflat - Black / 8x36,3,19.32,UPS Ground Saver $19.32,Carrier re-rate after label $19.32
WB0507DFBL2OP,Rustic Picture Frame with Distressed Molding | Hampton - 5x7 / Turquoise Blue,8,19.27,UPS Ground Saver $12.52; FedEx (service not itemized) $6.75,Carrier re-rate after label $12.52; Billed above label cost $6.75
WMW1218BLK1117,Oversized Gallery Picture Frame with Mat | Hudson Collection - 12x18 / Black / 11x17,13,19.15,FedEx (service not itemized) $10.08; UPS Ground Saver $9.07,Billed above label cost $10.08; Carrier re-rate after label $9.07
MP-MDF-KAFTT-8511-WHITE,Americanflat 8.5x11 Front Loading Kids Art Frame - White,4,19.01,USPS Ground Advantage $15.81; UPS (service not itemized) $3.20,Carrier re-rate after label $15.81; Billed above label cost $3.20
PRO_MW1114WALNUT,Americanflat 11x14 Walnut Picture Frame - Displays 8x10 With Mat or 11x14 Without Mat - Composite Wood with Shatter Resistant Glass,7,19.0,UPS Ground Saver $12.89; USPS Ground Advantage $5.06; FedEx (service not itemized) $1.04,Carrier re-rate after label $17.95; Billed above label cost $1.04
A5BK,A-Size Picture Frame - A5 (5.8x8.3) / Black / 1 Pack,2,18.97,UPS Ground Saver $18.97,Carrier re-rate after label $18.97
WB1925BLK,Americanflat 19x25 Poster Frame with Polished Plexiglass - Black Picture Frame - Wide Photo Frames Made of Engineered Wood - Epic - Black,6,18.97,FedEx (service not itemized) $18.97,Billed above label cost $18.97
MP-MDF-DF-1114-MAH-8511,Americanflat Diploma Frame - 11x14 with 8.5x11 Mat for Diploma - Wood + Glass - Mahogany,5,18.95,UPS Ground Saver $10.68; UPS (service not itemized) $8.27,Carrier re-rate after label $18.95
MP-PVC-LX-1316-BLACK,Americanflat 13x16 Poster Frame - Perfect for Photos and Artwork - Black,4,18.91,UPS Ground Saver $16.96; USPS Ground Advantage $1.95,Carrier re-rate after label $18.91
MW0912BK68,"Americanflat Picture Frame in Black MDF / Shatter Resistant Glass Horizontal and Vertical Formats for Wall - 9"" x 12""",5,18.89,UPS Ground Saver $16.57; UPS (service not itemized) $2.14; FedEx (service not itemized) $0.18,Carrier re-rate after label $16.57; Billed above label cost $2.32
MP-PVC-PS-1117-WHITE-812-2PK,Americanflat 2 Pack of 11x17 Frames with 8x12 Mat - Plexiglass Cover - White,6,18.82,USPS Ground Advantage $18.82,Carrier re-rate after label $18.82
PS0810GLD575PK,"Americanflat 8x10 Picture Frame with Polished Plexiglass, Set of 5, Use as 5x7 Frame with Mat or 8x10 Frame Without Mat, Galleria Collection, Gold",5,18.8,UPS (service not itemized) $9.24; UPS Ground Saver $8.03; USPS Ground Advantage $1.12; FedEx (service not itemized) $0.42,Carrier re-rate after label $11.05; Billed above label cost $7.75
MP-ALU-AL-1216-BLACK-912,Americanflat Aluminum 12 x 16 Picture Frame - Black,8,18.79,FedEx (service not itemized) $18.79,Billed above label cost $18.79
MP-SB-1216-BLACK,"Americanflat Shadow Box Frame Black 12x16 inches - 1.5"" Deep Box Frame with Plexiglass Front",2,18.78,UPS (service not itemized) $18.78,Billed above label cost $18.78
MP-PVC-PS-0810-GOLD-57-2PK,Americanflat 2 Pack of 8x10 Frames with 5x7 Mat - Plexiglass Cover - Gold,4,18.77,UPS Ground Saver $18.77,Carrier re-rate after label $18.77
MP-ABS-1114-BLACK-3PK,Americanflat Front Loading Picture Frame Set - 11x14 - Black - 3 Pack,6,18.68,UPS Ground Saver $14.87; UPS (service not itemized) $2.55; FedEx (service not itemized) $1.26,Carrier re-rate after label $14.87; Billed above label cost $3.81
SIF1319BLK,Fusion Picture Frame - 13x19 / Black / 1 Pack,3,18.62,FedEx (service not itemized) $18.62,Billed above label cost $18.62
MP-PVC-LX-2228-BLACK,Americanflat 22x28 Poster Frame - Perfect for Photos and Artwork - Black,1,18.47,USPS (service not itemized) $18.47,Carrier re-rate after label $18.47
MP-METAL-HG-M-0406-BLACK,"Americanflat Hinged 4""x6"" Picture Frame with Shatter-Resistant Glass - Metal Picture Frame Displays Two 4""x6"" Photos - Black",6,18.44,FedEx (service not itemized) $6.96; UPS (service not itemized) $6.86; UPS Ground Saver $4.62,Carrier re-rate after label $18.44
PS1216BK5PK,Set of 5 - Classic Gallery Picture Frame with Mat | Galleria Collection - 12 x 16 / Black,5,18.41,FedEx (service not itemized) $17.99; UPS Ground Saver $0.42,Billed above label cost $17.99; Carrier re-rate after label $0.42
319399790731411464,Americanflat Photo Frame Set with Mat - Set of 4 - Farmhouse Decor Picture Frames - Shatter Resistant Glass - Hanging Hardware - Includes Easel,2,18.34,USPS Ground Advantage $18.34,Carrier re-rate after label $18.34
MP-PS-PFF-1620-GOLD-1114,Americanflat 16x20 Picture Frame with Decorative Inner Mat Accent - Displays 11x14 Photos with Mat or 16x20 Without - Gold,1,18.34,UPS (service not itemized) $18.34,Carrier re-rate after label $18.34
LX2024BLK1620,Picture Frame | Includes Mat | Slim Molding | Streamline Collection - 20x24 with 16x20 Mat / Black / 1 Pack,11,18.33,UPS Ground Saver $12.69; FedEx (service not itemized) $5.64,Carrier re-rate after label $12.69; Billed above label cost $5.64
PS1620GLD11145PK,"Americanflat 16x20 Picture Frame with Polished Plexiglass, Set of 5, Use as 11x14 Frame with Mat or 16x20 Frame Without Mat, Galleria Collection, Gold",3,18.27,UPS Ground Saver $17.96; FedEx (service not itemized) $0.31,Carrier re-rate after label $17.96; Billed above label cost $0.31
A254P027SHOW7174,"Americanflat 71 x 74 Shower Curtain, Floral Shimmer by Harrison Ripley",7,18.25,UPS Ground Saver $18.25,Carrier re-rate after label $18.25
MP-PVC-LX-0810-BLACK-57-2PK,"Americanflat 8x10 Picture Frame with Mat for 5x7 - Modern Design, Shatter-Resistant Glass, PVC Frame 2 Pack - Black",4,18.23,UPS Ground Saver $9.85; UPS (service not itemized) $7.04; USPS Ground Advantage $1.34,Carrier re-rate after label $18.23
MP-PVC-LX-1824-BLACK-108,"Americanflat 18""x24"" Picture Frame - Use as 4x4 Frame with Mat or 12x12 Frame Without Mat - Thin Photo Frame with Polished Plexiglass - Black",4,18.23,USPS Ground Advantage $18.08; FedEx (service not itemized) $0.15,Carrier re-rate after label $18.08; Billed above label cost $0.15
OCFHGBV0507BLK,"Americanflat Hinged 5x7 Picture Frame with Wide, Beveled Molding and Shatter-Resistant Glass - Modern Frame Two 5x7 Photos - Black",6,18.19,FedEx (service not itemized) $18.19,Billed above label cost $18.19
JRSYDCMAH,Americanflat Jersey Frame Display Case - 23x31 Lockable Display Case with Hanger - Mahogany Sports Jersey Frame Shadow Box with Plexiglass,2,18.18,FedEx (service not itemized) $16.19; UPS Ground Saver $1.99,Billed above label cost $16.19; Carrier re-rate after label $1.99
PS1316BLK10132PK,Americanflat 13x16 Picture Frame  - Set of 2 - Use as 10x13 Frame with Mat or 13x16 Frame Without Mat - Frame Set for Wall Display - Black,5,18.16,UPS (service not itemized) $7.79; FedEx (service not itemized) $6.50; UPS Ground Saver $3.87,Carrier re-rate after label $10.37; Billed above label cost $7.79
DF0811B2PK,Legacy Matted Document Frame - 8.5x11 / Black / 2 Pack,2,18.03,FedEx (service not itemized) $18.03,Billed above label cost $18.03
MW0709BLKNOMAT,Signature Unmatted Picture Frame - Black / 7x9 / 1 Pack,1,18.01,UPS Ground Saver $18.01,Carrier re-rate after label $18.01
PS1622BLK12182PK,Americanflat 16x22 Picture Frame with Polished Plexiglass - Set of 2 - Use as 12x18 Frame with Mat or Display 16x22 Photo Without Mat,2,18.0,UPS Ground Saver $13.61; FedEx (service not itemized) $4.39,Carrier re-rate after label $13.61; Billed above label cost $4.39
PS1114BK5PK,Classic Gallery Picture Frame | Set of 5 | Galleria Collection | Includes Mat - 11X14 / Black,8,17.99,FedEx (service not itemized) $17.61; UPS Ground Saver $0.38,Billed above label cost $17.61; Carrier re-rate after label $0.38
WB2028BLK,Gallery Poster Frame without Mat | Epic Collection - 20x28 / Black,6,17.97,FedEx (service not itemized) $12.97; UPS Ground Saver $5.00,Billed above label cost $12.97; Carrier re-rate after label $5.00
MP-SB-0810-WHITE,Americanflat Shadow Box Frame White 8x10 inches - 1.5 Deep Box Frame for Objects with Glass Front,17,17.96,UPS Ground Saver $13.37; USPS Ground Advantage $4.59,Carrier re-rate after label $17.96
MP-WPC-GSD-0608-BLACK-57,"Americanflat 6x8 Gallery-Style Picture Frame with Mat to Secure Artwork, Prints, and Photos - Black",7,17.85,UPS Ground Saver $17.85,Carrier re-rate after label $17.85
WMW0810BLK57,Hudson Picture Frame - 8x10 / Black / 5x7,15,17.83,FedEx (service not itemized) $16.51; UPS Ground Saver $1.32,Billed above label cost $16.51; Carrier re-rate after label $1.32
WB2436OAKPC,Epic Poster Frame - 24x36 / Pine,1,17.82,FedEx (service not itemized) $17.82,Billed above label cost $17.82
MP-PVC-PS-1216-GOLD-912-2PK,Americanflat 2 Pack of 12x16 Frames with 9x12 Mat - Plexiglass Cover - Gold,10,17.81,UPS Ground Saver $8.98; USPS Ground Advantage $8.83,Carrier re-rate after label $8.98; Billed above label cost $8.83
MP-PES-SHOW-A281P407-7275-SL,"Americanflat Hookless Floral Shower Curtain with Sheer Panel, Snap-In Liner & Grommets, 72"" x 75""",10,17.8,FedEx (service not itemized) $17.80,Billed above label cost $17.80
MW0816WALNUT3,Signature Matted Engineered Wood Collage Frame - 8x16 / Walnut / 1 Pack,4,17.76,USPS Ground Advantage $8.47; UPS Ground Saver $7.40; FedEx (service not itemized) $1.89,Carrier re-rate after label $15.87; Billed above label cost $1.89
MP-MDF-WB-2424-BLACK,Americanflat Poster Frame 24x24 inches - Black Wooden Picture Frame with Plexiglass Cover,3,17.75,UPS Ground Saver $17.75,Carrier re-rate after label $17.75
PS1319GLD11172PK,Americanflat 13x19 Picture Frame  - Set of 2 - Use as 11x17 Frame with Mat or 13x19 Frame Without Mat - Gallery Wall Frame Set for Wall Display - Gold,6,17.73,UPS Ground Saver $17.73,Carrier re-rate after label $17.73
WB1620BKPC,Poster Frames | Polished Plexiglass | Wide Modern Design - Americanflat - 16x20 / Black,9,17.63,UPS Ground Saver $15.62; FedEx (service not itemized) $2.01,Carrier re-rate after label $15.62; Billed above label cost $2.01
A393P002SHOW7174,"Americanflat 71x74 Boho Shower Curtain - Water-Resistant Long Shower Curtain with Durable Metal Grommets and 12 Hooks - 100% Polyester - Black,",16,17.61,FedEx (service not itemized) $17.61,Billed above label cost $17.61
581426805518630922,Americanflat Fleece and Reverse Sherpa Throw Blanket - 50x60 Inch Classic Tattersall Plaid - Ultra Soft Cozy Couch Cover - Warm Reversible Design - Green,1,17.51,FedEx (service not itemized) $17.51,Billed above label cost $17.51
LX1925BLKNOMAT,Picture Frame | Slim Molding | Streamline Collection - 19x25 / Black,4,17.5,FedEx (service not itemized) $10.62; UPS Ground Saver $6.88,Billed above label cost $10.62; Carrier re-rate after label $6.88
MP-PES-SHOW-7275-YELLOW-WAF-SL,"Americanflat 72x75 Yellow Hookless Waffle Pattern Shower Curtain - Water-Resistant Long Shower Curtain with Sheer Panel, Snap-In Liner, and Grommets",6,17.47,FedEx (service not itemized) $10.45; UPS Ground Saver $6.69; UPS (service not itemized) $0.33,Billed above label cost $10.78; Carrier re-rate after label $6.69
WMW1620BLK1114,Oversized Gallery Picture Frame with Mat | Hudson Collection - 16x20 / Black / 11x14,12,17.4,FedEx (service not itemized) $16.92; UPS Ground Saver $0.48,Billed above label cost $16.92; Carrier re-rate after label $0.48
CFF0917WHT346,Americanflat 4x6 Collage Picture Frame - Fits Three 4x6 Photos or use as One 9x17 Frame -- Collage Frames with Floating Effect - White,2,17.35,UPS Ground Saver $8.98; FedEx (service not itemized) $8.37,Carrier re-rate after label $17.35
MP-PVC-LX-1319-BLACK,Americanflat 13x19 Poster Frame - Perfect for Photos and Artwork - Black,2,17.24,USPS Ground Advantage $17.24,Carrier re-rate after label $17.24
WB1616BLKPC,Gallery Poster Frame with Wood Grain Finish | Epic Collection - 16X16 / Black,6,17.2,UPS Ground Saver $10.17; FedEx (service not itemized) $7.03,Carrier re-rate after label $10.17; Billed above label cost $7.03
MW1117WALNUT,Picture Frame | Classic Molding | Signature Collection - Americanflat - Walnut / 11x17,5,17.17,UPS Ground Saver $17.13; FedEx (service not itemized) $0.04,Carrier re-rate after label $17.13; Billed above label cost $0.04
MP-MDF-WBDIST-1620-DWHITE,Americanflat Rustic Picture Frame - Unique Farmhouse Look - 16x20 - White,2,17.17,USPS Ground Advantage $17.17,Carrier re-rate after label $17.17
PS0404BLK5PKNOMAT,Galleria Unmatted Picture Frame - 4x4 / Black / 5 Pack,2,17.12,FedEx (service not itemized) $17.12,Billed above label cost $17.12
PS1620MA5PK,Americanflat 16x20 Picture Frame in Mahogany - Displays 11x14 With Mat and 16x20 Without Mat - Set of 5 Frames with Sawtooth Hanging Hardware,9,17.11,UPS Ground Saver $14.00; USPS Ground Advantage $2.95; FedEx (service not itemized) $0.15,Carrier re-rate after label $16.95; Billed above label cost $0.15
MP-PS-VF-0406-SILVER,"Americanflat 4""x6"" Vintage Picture Frame with Beaded Accents with Shatter Resistant Glass and Easel Stand - Silver",4,17.02,UPS Ground Saver $9.70; USPS Ground Advantage $5.09; UPS (service not itemized) $2.24,Carrier re-rate after label $14.79; Billed above label cost $2.24
MW0820BLK,"Black Picture Frame Without Mat, Glass Front - Americanflat - 8x20 / Black",3,17.0,USPS Ground Advantage $15.00; UPS Ground Saver $2.00,Carrier re-rate after label $17.00
MP-PES-SHOW-GEO5-7275-GRAY-SL,"Americanflat 72x75 Hookless Shower Curtain - Grey Lines Shower Curtain with Sheer Panel, Snap-In Liner, and Grommets - 100% Polyester",11,16.98,UPS (service not itemized) $11.88; FedEx (service not itemized) $3.56; UPS Ground Saver $1.54,Carrier re-rate after label $13.42; Billed above label cost $3.56
405134844905717764,Americanflat Poster Frame - Perfect Frame for Photos and Artwork - Large Picture Frame - Polished Plexiglass - Hanging Hardware with Horizontal and Vertical Display,3,16.94,UPS Ground Saver $16.94,Carrier re-rate after label $16.94
LX0909BLKNOMAT,Americanflat 9x9 Picture Frame - Streamline Collection - Thin Border Square Frame for Tabletop and Wall Display - Black,3,16.83,UPS Ground Saver $13.21; UPS (service not itemized) $3.62,Carrier re-rate after label $13.21; Billed above label cost $3.62
MP-PES-SHOW-A405P298-7174,71x74 Boho Desert Shower Curtain - 100% Polyester - Water-Resistant Bath Curtain,7,16.73,UPS Ground Saver $16.73,Carrier re-rate after label $16.73
FLAGCASEBLK,Flag Display Case | Memorial Service | Veteran Burial | Commemorative Shadow Box - Burial Service / Black,2,16.59,UPS Ground Saver $16.59,Carrier re-rate after label $16.59
LX1010WHT44,Streamline Matted Plastic Picture Frame - 10x10 / White / 4x4,2,16.57,FedEx (service not itemized) $16.57,Billed above label cost $16.57
329325575682031618,Americanflat 11x22 Newspaper Frame - Display Frame for Showcasing Newspaper Front Page - Polished Plexiglass Cover - Hanging Hardware for Horizontal or Vertical Display,6,16.49,UPS (service not itemized) $10.24; UPS Ground Saver $6.25,Carrier re-rate after label $13.29; Billed above label cost $3.20
MW1012BLK810,Americanflat 10x12 Picture Frame in Black - Displays 8x10 With Mat and 10x12 Without Mat - Composite Wood with Shatter Resistant Glass,2,16.47,UPS Ground Saver $11.47; USPS Ground Advantage $5.00,Carrier re-rate after label $16.47
WB2434BLK,Epic Poster Frame - 24x34 / Black,2,16.43,FedEx (service not itemized) $16.43,Billed above label cost $16.43
MP-PVC-PS-1218-BLACK-1117-2PK,Americanflat 2 Pack of 12x18 Frames with 11x17 Mat - Plexiglass Cover - Black,5,16.38,USPS Ground Advantage $12.81; UPS Ground Saver $3.44; FedEx (service not itemized) $0.12,Carrier re-rate after label $16.25; Billed above label cost $0.12
LX0505WHTNOMAT,Americanflat 5x5 Picture Frame with Shatter-Resistant Glass - Streamline Collection - Thin Square Picture Frame for Tabletop and Wall Display - White,10,16.34,UPS (service not itemized) $10.80; UPS Ground Saver $5.54,Carrier re-rate after label $12.40; Billed above label cost $3.94
517544311508484102,Americanflat 20x20 Abstract Earth Tones Canvas Wall Art with Hand-Painted Accents - Set of 2,1,16.29,UPS (service not itemized) $16.29,Carrier re-rate after label $16.29
A313P125SHOW7174AZ,"Americanflat 71x74 Oval Pattern Shower Curtain - Metal Grommets and 12 Hooks - 100% Polyester - Olive Green, Teal, Yellow, Blush, Plum and Orange",5,16.27,FedEx (service not itemized) $16.27,Billed above label cost $16.27
CPT5070YOGAGREY,Americanflat 50x70 Authentic Mexican Throw Blanket - Falsa Blanket - Soft Cotton Throw Blankets for Indoor or Outdoor - Grey Stripes,1,16.27,FedEx (service not itemized) $16.27,Billed above label cost $16.27
MP-MDF-WB-2024-BLACK,Americanflat Poster Frame 20x24 inches - Black Wooden Picture Frame with Plexiglass Cover,3,16.24,USPS Ground Advantage $14.24; UPS Ground Saver $2.00,Carrier re-rate after label $16.24
BJ5060BXRNBOWCRM,Americanflat 50x60 Jacquard Fleece Throw Blanket - Cream Rainbow Polyester Fleece,3,16.22,FedEx (service not itemized) $16.22,Billed above label cost $16.22
WB1824MAHPC,Americanflat 18x24 Poster Frame in Walnut with Polished Plexiglass - Horizontal and Vertical Formats with Included Hanging Hardware,7,16.21,USPS Ground Advantage $10.40; FedEx (service not itemized) $5.01; UPS Ground Saver $0.80,Carrier re-rate after label $11.20; Billed above label cost $5.01
AZ-PES-RPIL-A281P227-2014,"Americanflat 20x14 Decorative Throw Pillow with Sewn-in Insert - Soft Square All-in-One Cushion for Sofa, Couch or Bed - White and Indigo",3,16.21,FedEx (service not itemized) $16.21,Billed above label cost $16.21
MP-PS-PFF-1620-BLACK-1114,16x20 with 11x14 Mat | Classic Gallery Style Picture Frame With Decorative Inner Mat Accent | Veranda Collection - Black,3,16.18,UPS (service not itemized) $16.18,Billed above label cost $9.14; Carrier re-rate after label $7.04
LX1521BLKNOMAT,Picture Frame | Slim Molding | Streamline Collection - 15x21 / Black,5,16.18,UPS Ground Saver $13.12; FedEx (service not itemized) $3.05,Carrier re-rate after label $13.12; Billed above label cost $3.05
MP-MDF-CFF-0917-BLACK-346,Americanflat Floating Collage Frame - Display Three 4x6 Photos - 9x17 - Black,4,16.16,UPS Ground Saver $9.35; UPS (service not itemized) $6.81,Carrier re-rate after label $16.16
BJ3040BXPETTAU,Americanflat 30x40 Jacquard Pet Fleece Throw Blanket - Taupe Paw Print Polyester Fleece,23,16.15,FedEx (service not itemized) $16.15,Billed above label cost $16.15
WMW2228WHT1824,Oversized Gallery Picture Frame with Mat | Hudson Collection - 22x28 / White / 18x24,3,16.14,FedEx (service not itemized) $16.14,Billed above label cost $16.14
PS1515BLK12122PK,Americanflat 15x15 Picture Frame with Polished Plexiglass - Set of 2 - 12x12 with Mat or 15x15 Without Mat - Galleria - Square Frames - Black,3,16.13,USPS Ground Advantage $16.13,Carrier re-rate after label $16.13
KAF8511WALNUT,My Mini Masterpiece 8.5x11 Matted Picture Frame - 8.5x11 / Walnut,3,16.06,USPS Ground Advantage $15.81; FedEx (service not itemized) $0.25,Carrier re-rate after label $15.81; Billed above label cost $0.25
MP-ALU-AL-1114-GOLD-810,Americanflat Aluminum 11 x 14 Picture Frame - Gold,11,16.05,UPS Ground Saver $15.83; FedEx (service not itemized) $0.23,Carrier re-rate after label $15.83; Billed above label cost $0.23
WB1317BLK,Gallery Poster Frame with Wood Grain Finish | Epic Collection - 13X17 / Black,2,16.05,FedEx (service not itemized) $15.40; UPS Ground Saver $0.65,Billed above label cost $15.40; Carrier re-rate after label $0.65
MPFLEBRVS6080TTLCRM,Americanflat 60x80 Oversized Tattersall Fleece Throw Blanket - Reversible Faux Shearling Backing - Ultra Soft - Cozy Warmth For Couch Or Bed - Cream,1,16.04,FedEx (service not itemized) $16.04,Billed above label cost $16.04
MP-PS-1216-BLACK-8511-5PK,Americanflat 5 Pack of 12x16 Frames with 8.5x11 Mat - Plexiglass Cover - Black,6,16.04,UPS Ground Saver $11.91; USPS Ground Advantage $4.08; FedEx (service not itemized) $0.04,Carrier re-rate after label $15.99; Billed above label cost $0.04
MP-PVC-PS-1117-NAOAK-915-5PK,Americanflat 5 Pack of 11x17 Frames with 9x15 Mat - Plexiglass Cover - Natural Oak,2,15.96,USPS (service not itemized) $8.85; USPS Ground Advantage $7.11,Carrier re-rate after label $15.96
FF8511BK,Signature Float Picture Frame - 8.5x11 / Black,1,15.93,UPS Ground Saver $15.93,Billed above label cost $15.93
329325794725363718,"Americanflat Gallery Wall Picture Frames - Set of 10 - 8x10 (2), 5x7 (4), 4x6 (4) Picture Frame Set - Shatter Resistant Glass - Adjustable Hanging Hardware - Easel for Tabletop Display - Driftwood",1,15.76,FedEx (service not itemized) $15.76,Billed above label cost $15.76
MP-PES-SHOW-7174-SOLIDBLACK,Americanflat 71x74 Solid Black Shower Curtain - Water Resistant - Polyester Fabric,5,15.72,UPS Ground Saver $15.72,Carrier re-rate after label $15.72
PS1114GLD8105PK,Americanflat 11x14 Picture Frame  - Set of 5 - Use as 8x10 Frame with Mat or 11x14 Frame Without Mat - Gallery Wall Frame Set for Wall Display - Gold,3,15.68,UPS (service not itemized) $12.35; UPS Ground Saver $3.33,Billed above label cost $12.35; Carrier re-rate after label $3.33
MP-PVC-LX-1212-BLACK-44,"Americanflat 12""x12"" Picture Frame - Use as 4x4 Frame with Mat or 12x12 Frame Without Mat - Thin Photo Frame with Polished Plexiglass - Black",6,15.5,USPS Ground Advantage $6.07; USPS (service not itemized) $5.86; UPS Ground Saver $2.75; FedEx (service not itemized) $0.82,Carrier re-rate after label $8.61; Billed above label cost $6.89
OCFBAM1114SLV810,Bamboo Metal Picture Frame | Shatter-Resistant Glass | Tabletop Wall Display - 11x14 / Silver,2,15.49,FedEx (service not itemized) $15.49,Billed above label cost $15.49
MW1216BK,Americanflat 12x16 Picture Frame with Shatter-Resistant Glass - Gallery Style Frame with Engineered Wood - Signature Collection - Black,5,15.49,UPS Ground Saver $13.64; USPS Ground Advantage $1.85,Carrier re-rate after label $15.49
LX1316BLK1013,Americanflat 13x16 Picture Frame with Polished Plexiglass - Use as 10x13 Frame with Mat or 13x16 Frame Without Mat - Streamline Collection - Black,5,15.47,UPS (service not itemized) $9.45; UPS Ground Saver $5.54; FedEx (service not itemized) $0.48,Carrier re-rate after label $14.99; Billed above label cost $0.48
MP-MDF-WB-2434-BLACK-2030,Americanflat Poster Frame 24x34 inches with 20x30 Mat - Black Wooden Picture Frame with Plexiglass Cover,1,15.46,FedEx (service not itemized) $15.46,Billed above label cost $15.46
MW0816BLK,Picture Frame | Classic Molding | Signature Collection - Americanflat - Black / 8x16,1,15.41,UPS Ground Saver $15.41,Carrier re-rate after label $15.41
MK-PD3-810-WALNUT,Americanflat Picture Frame | Includes Mat | Classic Molding | Signature Collection - 8x10 / Walnut,6,15.37,UPS Ground Saver $11.19; USPS Ground Advantage $2.89; FedEx (service not itemized) $1.29,Carrier re-rate after label $14.07; Billed above label cost $1.29
MW8511PBRASS2PK,Signature Unmatted Picture Frame - Polished Brass / 8.5x11 / 2 Pack,1,15.29,UPS Ground Saver $15.29,Carrier re-rate after label $15.29
SHOW7174SSGRN,Americanflat 71x74 Solid Green Shower Curtain - 100% Polyester Shower Curtain - Water-Resistant Curtain with Metal Grommets and 12 Curtain Rings,4,15.27,UPS Ground Saver $7.69; FedEx (service not itemized) $7.58,Carrier re-rate after label $7.69; Billed above label cost $7.58
MP-PVC-LX-1724-BLACK,Americanflat 17x24 Poster Frame - Perfect for Photos and Artwork - Black,4,15.26,FedEx (service not itemized) $11.26; UPS (service not itemized) $4.00,Billed above label cost $15.26
MW8511BKC4PK,"Americanflat 8.5x11 Diploma Frame, Black, 4 Pack",1,15.25,FedEx (service not itemized) $15.25,Carrier re-rate after label $15.25
PS0507BLK465PK,Classic Gallery Picture Frame | Set of 5 | Galleria Collection | Includes Mat - 5X7 / Black,7,15.25,UPS Ground Saver $13.66; FedEx (service not itemized) $1.59,Billed above label cost $8.93; Carrier re-rate after label $6.32
WMW1215PBRASS912,Americanflat 12x15 Picture Frame with Shatter-Resistant Glass - Use as 9x12 Frame with Mat or 12x15 Frame without Mat - Hudson Collection - Gold,4,15.21,UPS Ground Saver $15.21,Carrier re-rate after label $15.21
GSD1624BLK,Deep Molding Picture Frame | Americanflat | No Mat | Modern - Premium Quality - 16x24 / Black,3,15.16,FedEx (service not itemized) $12.49; UPS Ground Saver $2.67,Billed above label cost $12.49; Carrier re-rate after label $2.67
MP-PES-SHOW-A413P075-7275-SL,"Americanflat 72x75 Hookless Shower Curtain - Abstract Khaki Cream Shower Curtain with Sheer Panel, Snap-In Liner, and Grommets - 100% Polyester",7,15.13,UPS Ground Saver $7.11; UPS (service not itemized) $7.02; FedEx (service not itemized) $1.00,Carrier re-rate after label $10.95; Billed above label cost $4.18
SHOW7275WHTWAFSL,"Americanflat 72x75 Hookless Waffle Pattern Shower Curtain - Water-Resistant Long Shower Curtain with Sheer Panel, Snap-In Liner, and Durable Grommets",7,15.11,FedEx (service not itemized) $15.11,Billed above label cost $15.11
LX2424BLKNOMAT,Streamline Picture Frame - 24x24 / Black,3,15.04,UPS Ground Saver $6.96; USPS Ground Advantage $6.40; FedEx (service not itemized) $1.68,Carrier re-rate after label $13.36; Billed above label cost $1.68
LX0810BLKNOMAT,Americanflat 8x10 Picture Frame with Shatter-Resistant Glass - Thin Border Photo Frame for Tabletop and Wall Display - Hanging Hardware and Easel.,11,15.01,UPS Ground Saver $7.93; UPS (service not itemized) $3.15; FedEx (service not itemized) $2.76; USPS Ground Advantage $1.17,Carrier re-rate after label $12.25; Billed above label cost $2.76
MW0530BLKNOMAT,Picture Frame | Classic Molding | Signature Collection - Americanflat - Black / 5x30,3,15.0,UPS Ground Saver $15.00,Carrier re-rate after label $15.00
CANFF1216BLK,Canvas Floating Frame Without Mat - Americanflat - 12x16 / Black,3,14.98,UPS Ground Saver $14.79; FedEx (service not itemized) $0.20,Carrier re-rate after label $14.79; Billed above label cost $0.20
LX8511GREY,Americanflat 8.5x11 Picture Frame with Shatter-Resistant Glass - Thin Border Photo Frame for Wall and Tabletop Display - Grey,1,14.97,UPS Ground Saver $14.97,Carrier re-rate after label $14.97
MW0406WHTNOMAT,Americanflat 4x6 Picture Frame with Shatter-Resistant Glass - Gallery-Style Frames Made of Engineered Wood - Tabletop and Wall Display - White,4,14.96,UPS Ground Saver $14.94; FedEx (service not itemized) $0.02,Carrier re-rate after label $14.94; Billed above label cost $0.02
MW8511BKC2PK,"Americanflat Diploma Frame in Black Wood with Shatter Resistant Glass - Horizontal and Vertical Formats for Wall and Tabletop - 8.5"" x 11"" - Pack of 2",5,14.95,UPS (service not itemized) $11.25; FedEx (service not itemized) $2.73; UPS Ground Saver $0.97,Billed above label cost $9.11; Carrier re-rate after label $5.83
MW0909BLK,Americanflat 9x9 Picture Frame in Black - Composite Wood with Shatter Resistant Glass - Horizontal and Vertical Formats for Wall and Tabletop,6,14.94,USPS Ground Advantage $8.53; UPS (service not itemized) $3.35; USPS (service not itemized) $2.69; UPS Ground Saver $0.37,Carrier re-rate after label $8.90; Billed above label cost $6.04
343126403058761796,Americanflat 2 Pack of Picture Frames with Mat - Plexiglass Cover,1,14.9,UPS Ground Saver $14.90,Carrier re-rate after label $14.90
MW1216BK812,Americanflat Picture Frame in Black Wood with Shatter Resistant Glass - Horizontal and Vertical Formats - Wall Mounted - 12 x 16,3,14.86,UPS Ground Saver $14.25; FedEx (service not itemized) $0.61,Carrier re-rate after label $14.25; Billed above label cost $0.61
LX8511BLK2PK,Americanflat 8.5x11 Picture Frame 2 Pack in Black with Polished Plexiglass - Thin Border 8.5 X 11 Inch Photo Frames for Wall or Desk,5,14.81,FedEx (service not itemized) $9.68; UPS (service not itemized) $5.13,Billed above label cost $14.81
MW0810SL57,Americanflat 8x10 Picture Frame in Silver - Displays 5x7 With Mat and 8x10 Without Mat - Composite Wood with Polished Glass,4,14.79,UPS Ground Saver $11.08; USPS Ground Advantage $3.71,Carrier re-rate after label $14.79
PS1319BLK5PKNOMAT,"Set of 5 - Classic Gallery Picture Frame without Mat | Galleria Collection - 13"" x 19"" / Black",1,14.79,UPS (service not itemized) $14.79,Carrier re-rate after label $14.79
WB0810DFBLK,Americanflat Collage Picture Frame in with Three Displays Textured Wood and Polished Glass for Wall and Tabletop - Charcoal 8 x 10,1,14.72,UPS Ground Saver $14.72,Carrier re-rate after label $14.72
MW1212BKNOMAT,Picture Frame | Classic Molding | Signature Collection - Americanflat - Black / 12x12 / no mat,4,14.72,UPS Ground Saver $12.22; FedEx (service not itemized) $2.50,Carrier re-rate after label $12.22; Billed above label cost $2.50
AZ-PES-PILL-A281P227-2020,"Americanflat 20x20 Decorative Throw Pillow with Sewn-in Insert - Soft Square All-in-One Cushion for Sofa, Couch or Bed - White and Indigo",2,14.71,FedEx (service not itemized) $14.71,Billed above label cost $14.71
MW0507BK3HINGE,"Americanflat Hinged 3 Photo Frame in Black MDF - Desk Photo Frame for 5X7"" Photos - Tri Folding Picture Frame For Desk",6,14.71,UPS (service not itemized) $10.41; UPS Ground Saver $4.30,Carrier re-rate after label $14.71
OCFROP1114GLD810,Americanflat 11x14 Picture Frame with Rope-Style Detailing and Shatter-Resistant Glass - 8x10 with Mat or 11x14 Without Mat - Metal Frames - Gold,12,14.65,FedEx (service not itemized) $14.65,Billed above label cost $14.65
MP-MDF-DC-FIG-1414-BLACK,Americanflat 14x14 Minifigure Display Case with Polished Plexiglass - Holds 28 Minifigures - Wall-Mounted Display Case for Small Collectibles - Black,4,14.62,UPS Ground Saver $9.24; USPS Ground Advantage $5.38,Carrier re-rate after label $14.62
CPT5060FH107,"Americanflat 100% Cotton Throw Blanket for Couch - 50x60 -  Rustic Cream Throw Blanket for Bed, Sofa or Chair [Beige Black Plaid]",6,14.59,UPS Ground Saver $13.62; FedEx (service not itemized) $0.97,Carrier re-rate after label $13.62; Billed above label cost $0.97
A281P242SHOW7174,"Americanflat 71 x 74 Shower Curtain, Blissful Blue by PI Creative Art",5,14.59,UPS (service not itemized) $9.95; UPS Ground Saver $4.64,Carrier re-rate after label $11.04; Billed above label cost $3.55
MP-PVC-PS-1218-GOLD-1117-5PK,Americanflat 5 Pack of 12x18 Frames with 11x17 Mat - Plexiglass Cover - Gold,3,14.58,FedEx (service not itemized) $8.78; USPS Ground Advantage $4.39; UPS Ground Saver $1.41,Billed above label cost $8.78; Carrier re-rate after label $5.80
MK-PD3-810-DWOOD,Americanflat 8x10 Picture Frame in Driftwood - Displays 5x7 With Mat and 8x10 Without Mat - Composite Wood with Shatter Resistant Glass  and Tabletop,4,14.52,UPS Ground Saver $14.52,Carrier re-rate after label $14.52
WB1620LWOOD,Americanflat 16x20 Poster Frame in Light Wood with Polished Plexiglass - Horizontal and Vertical Formats with Included Hanging Hardware,5,14.51,FedEx (service not itemized) $9.51; UPS Ground Saver $5.00,Billed above label cost $9.51; Carrier re-rate after label $5.00
A4BLK-2PACK,"Americanflat A4 Picture Frame, Black, 2 Pack",5,14.44,UPS (service not itemized) $7.04; USPS Ground Advantage $5.41; FedEx (service not itemized) $1.99,Carrier re-rate after label $12.45; Billed above label cost $1.99
LX1724BLKNOMAT,Picture Frame | Slim Molding | Streamline Collection - 17x24 / Black,7,14.4,UPS Ground Saver $9.00; USPS Ground Advantage $5.40,Carrier re-rate after label $14.40
MW1218NAOAK,Americanflat 12x18 Poster Frame -- Gallery-Style Frames Made of Engineered Wood - Photo Frame for Wall Display - Natural Oak,3,14.38,UPS Ground Saver $7.88; FedEx (service not itemized) $6.50,Carrier re-rate after label $7.88; Billed above label cost $6.50
FFM95125BLK,Americanflat 9.5x12.5 Playbill Frame with Shatter-Resistant Glass - Signature Float Collection - Engineered Wood - Black,4,14.37,FedEx (service not itemized) $6.86; UPS Ground Saver $5.04; USPS Ground Advantage $2.47,Carrier re-rate after label $7.51; Billed above label cost $6.86
MW1319PBRASS,Signature Unmatted Picture Frame - 13x19 / Gold / 1 Pack,1,14.35,UPS Ground Saver $14.35,Carrier re-rate after label $14.35
MW0404BLKNOMAT,Picture Frame | Classic Molding | Signature Collection - Americanflat - Black / 4x4,2,14.29,FedEx (service not itemized) $13.88; UPS Ground Saver $0.41,Billed above label cost $13.88; Carrier re-rate after label $0.41
289023965215178853,"Americanflat Shadow Box Frame - 1.5 Interior Depth for Memorabilia - Display Case for Showcasing Souvenirs, Awards, and Medals - Shatter Resistant Glass - Hanging Hardware",3,14.25,UPS (service not itemized) $7.56; UPS Ground Saver $6.44; FedEx (service not itemized) $0.25,Carrier re-rate after label $14.00; Billed above label cost $0.25
GSK0406BK12PK,Gallery Wall Picture Frames Sets - Americanflat - 4x6 / Black / 12 Pack,5,14.23,FedEx (service not itemized) $10.33; UPS (service not itemized) $2.01; UPS Ground Saver $1.89,Billed above label cost $10.33; Carrier re-rate after label $3.90
BJ5060BXHRTCRM,Americanflat 50x60 Jacquard Fleece Throw Blanket - Cream Heart Polyester Fleece,3,14.22,FedEx (service not itemized) $14.22,Billed above label cost $14.22
A2WHT,"Americanflat A2 Poster frame, White",8,14.14,UPS Ground Saver $14.14,Carrier re-rate after label $14.14
MP-PVC-LX-1418-1414-BLK-4SET,Americanflat Set of 4 Picture Frames  | Gallery Wall Frame Set - 14 x 18 / Black,4,14.14,UPS (service not itemized) $7.85; UPS Ground Saver $4.20; FedEx (service not itemized) $2.09,Carrier re-rate after label $12.05; Billed above label cost $2.09
SBD1111BLK,Americanflat Front Opening 11x11 Shadow Box Frame with Shatter-Resistant Glass - Shadow Box Display Case for Tabletop and Wall Display - Black,10,14.14,FedEx (service not itemized) $6.63; UPS (service not itemized) $5.95; USPS Ground Advantage $0.91; UPS Ground Saver $0.65,Billed above label cost $12.58; Carrier re-rate after label $1.56
MP-MDF-WMW-1114-PINK-810,"Americanflat 11""x14"" Wide Molding Picture Frame - Pink",9,14.13,UPS Ground Saver $11.49; UPS (service not itemized) $2.64,Carrier re-rate after label $11.49; Billed above label cost $2.64
LX1115BLKNOMAT,Picture Frame | Slim Molding | Streamline Collection - 11x15 / Black,5,14.13,UPS Ground Saver $13.57; FedEx (service not itemized) $0.56,Carrier re-rate after label $13.57; Billed above label cost $0.56
MW1111PNICKEL,Americanflat 11x11 Picture Frame in Silver - Displays 8x8 With Mat and 11x11 Without Mat - Composite Wood with Shatter Resistant Glass,5,14.12,UPS (service not itemized) $10.26; USPS Ground Advantage $1.95; UPS Ground Saver $1.91,Carrier re-rate after label $14.12
MP-ALU-AL-1620-BLACK-1114,Americanflat Aluminum 16 x 20 Picture Frame - Black,1,14.11,FedEx (service not itemized) $14.11,Carrier re-rate after label $14.11
MW0509BLKNOMAT,Signature Unmatted Picture Frame - Black / 5x9 / 1 Pack,2,14.1,USPS Ground Advantage $7.27; UPS Ground Saver $6.83,Carrier re-rate after label $7.27; Billed above label cost $6.83
WMW1117BLK812,Americanflat 11x17 Picture Frame - Use as 8x12 Frame with Mat or Display 11x17 Photo Without Mat - Hudson Collection - Black,7,13.89,UPS Ground Saver $12.21; FedEx (service not itemized) $1.68,Carrier re-rate after label $12.21; Billed above label cost $1.68
LX1114WHTNOMAT,Americanflat 11x14 Picture Frame with Shatter-Resistant Glass - Streamline Collection - Thin Border Picture Frame for Wall Display - Hanging Hardware,5,13.89,FedEx (service not itemized) $13.89,Billed above label cost $13.89
PS1218BK11172PK,"Set of 2 - Classic Gallery Picture Frame with Mat | Galleria Collection - 12"" x 18"" / Black",3,13.87,UPS (service not itemized) $6.40; UPS Ground Saver $5.67; USPS Ground Advantage $1.80,Carrier re-rate after label $13.87
MP-PES-SHOW-A281P886-7174,71x74 Modern Abstract Shower Curtain - 100% Polyester - Water-Resistant Bath Curtain,7,13.78,UPS Ground Saver $13.46; FedEx (service not itemized) $0.32,Carrier re-rate after label $13.46; Billed above label cost $0.32
MP-PVC-PS-1216-BLACK-912-2PK,Americanflat 2 Pack of 12x16 Frames with 9x12 Mat - Plexiglass Cover - Black,5,13.75,USPS Ground Advantage $6.88; UPS (service not itemized) $6.40; UPS Ground Saver $0.35; FedEx (service not itemized) $0.12,Carrier re-rate after label $13.62; Billed above label cost $0.12
LX1216BLK,Americanflat 12x16 Picture Frame in Black with Plexiglass - Displays 8x12 With Mat and 12x16 Without Mat - Horizontal and Vertical Formats for Wall,5,13.74,UPS Ground Saver $8.69; FedEx (service not itemized) $5.05,Carrier re-rate after label $8.69; Billed above label cost $5.05
TSHRT135135BLK,Silhouette T-Shirt Shadow Box - 13.5x13.5 / Black,1,13.72,FedEx (service not itemized) $13.72,Billed above label cost $13.72
329325489782685738,Americanflat Picture Frame with Wide Molding with Mat - Modern Wide Picture Frame - Plexiglass Cover - Hanging Hardware - Includes Easel,1,13.71,FedEx (service not itemized) $13.71,Billed above label cost $13.71
MP-MDF-WBDIST-0406-DBLUE-3OP,Americanflat Tri-Photo Frame for Western Home Decor - 4x6 - Rustic Turquoise Blue,5,13.71,UPS Ground Saver $12.78; USPS Ground Advantage $0.93,Carrier re-rate after label $13.71
LX1114GLD,Streamline Matted Picture Frame - 11x14 with 8x10 Mat / Gold / 1 Pack,3,13.69,FedEx (service not itemized) $13.69,Billed above label cost $13.69
GRAD1116WALNUT,Americanflat 11x16 Walnut Graduation Frame  2 Opening Mat Displays 8.5x11 Diploma or Certificate and Tassel. Tempered Shatter-Resistant Glass.,5,13.65,FedEx (service not itemized) $8.23; UPS Ground Saver $5.42,Billed above label cost $8.23; Carrier re-rate after label $5.42
520066901788196870,"Americanflat Black Picture Frame Gallery Set - Shatter-Resistant Glass - White Mats - 9 Pack - Multi - Size for 8x10, 11x14, 16x20, 18x24",6,13.52,FedEx (service not itemized) $13.52,Billed above label cost $13.52
PRO_MW1114PBRASS,Americanflat Picture Frame | Includes Mat | Classic Molding | Signature Collection - 11x14 / Gold,2,13.51,USPS Ground Advantage $7.11; UPS (service not itemized) $6.40,Carrier re-rate after label $13.51
PS810WH5PK,Classic Gallery Picture Frame | Set of 5 | Galleria Collection | Includes Mat - 8X10 / White,3,13.5,UPS Ground Saver $9.49; USPS (service not itemized) $3.65; FedEx (service not itemized) $0.36,Carrier re-rate after label $9.49; Billed above label cost $4.01
ALU0810BLK0507,Brooklyn Portrait Picture Frame - 8x10 / Black,3,13.47,UPS Ground Saver $12.63; FedEx (service not itemized) $0.84,Carrier re-rate after label $12.63; Billed above label cost $0.84
MP-MDF-CF-1218-BLACK-2810,Americanflat 12x28 Collage Picture Frame - Fits Two 8x10 Photos or One 12x18 Picture - Black,3,13.45,UPS Ground Saver $12.79; FedEx (service not itemized) $0.66,Carrier re-rate after label $12.79; Billed above label cost $0.66
PRO_MW1114PNICKEL,Americanflat 11x14 Silver Picture Frame - Displays 8x10 With Mat or 11x14 Without Mat - Composite Wood with Shatter Resistant Glass,6,13.41,USPS Ground Advantage $9.58; UPS Ground Saver $3.77; FedEx (service not itemized) $0.06,Carrier re-rate after label $13.35; Billed above label cost $0.06
WB1822BLK,Gallery Poster Frame with Wood Grain Finish | Epic Collection - 18X22 / Black,8,13.36,USPS (service not itemized) $9.85; FedEx (service not itemized) $3.50,Billed above label cost $13.36
MP-PVC-PS-0812-BLACK-68-2PK,Americanflat 2 Pack of 8x12 Frames with 6x8 Mat - Plexiglass Cover - Black,8,13.35,USPS Ground Advantage $13.18; FedEx (service not itemized) $0.17,Carrier re-rate after label $13.18; Billed above label cost $0.17
LX0811BLK-2PACK,Americanflat 8x11 Picture Frame in Black with Shatter Resistant Glass - Horizontal and Vertical Formats for Wall and Tabletop (2 Pack),2,13.31,UPS (service not itemized) $8.27; UPS Ground Saver $5.04,Carrier re-rate after label $13.31
LX1418BLK57,Americanflat 14x18 Picture Frame with Polished Plexiglass - Use as 5x7 Frame with Mat or Display 14x18 Photo Without Mat - Black,4,13.28,UPS (service not itemized) $11.47; FedEx (service not itemized) $1.05; USPS Ground Advantage $0.76,Carrier re-rate after label $12.23; Billed above label cost $1.05
MPCANGWA281P17172040,Americanflat Floral Canvas Wall Art Wildflowers Pink and Blush 20x40 Inch,2,13.25,UPS Ground Saver $13.25,Carrier re-rate after label $13.25
ALUFF0507BLK,Americanflat Aluminum 5x7 Floating Picture Frame - Use as 4x6 Picture Frame or Display 5x7 Photo - Photo Frames for Wall Display - Black,4,13.17,USPS Ground Advantage $10.87; UPS Ground Saver $2.30,Carrier re-rate after label $13.17
AZ-PES-PILL-A281P227-1616,"Americanflat 16x16 Decorative Throw Pillow with Sewn-in Insert - Soft Square All-in-One Cushion for Sofa, Couch or Bed - White and Indigo",1,13.16,FedEx (service not itemized) $13.16,Billed above label cost $13.16
PS1319BK11172PK,"Americanflat 13x19 Picture Frame with Mat for 11x17, Black, 2 Pack",3,13.1,UPS Ground Saver $12.88; FedEx (service not itemized) $0.22,Carrier re-rate after label $12.88; Billed above label cost $0.22
MP-PVC-PS-1216-BLACK-5PK,Americanflat 5 Pack of 12x16 Frames - Plexiglass Cover - Black,3,13.09,USPS Ground Advantage $12.93; FedEx (service not itemized) $0.16,Carrier re-rate after label $12.93; Billed above label cost $0.16
PS0812GLD685PK,Americanflat 8x12 Picture Frame with Polished Plexiglass - Set of 5 - Use as 6x8 Frame with Mat or Display 8x12 Photo Without Mat - Galleria,3,13.03,UPS Ground Saver $13.03,Carrier re-rate after label $13.03
MP-PVC-PS-0810-NAOAK-57-2PK,Americanflat 2 Pack of 8x10 Frames with 5x7 Mat - Plexiglass Cover - Natural Oak,5,13.01,USPS Ground Advantage $8.15; UPS Ground Saver $3.34; UPS (service not itemized) $1.46; FedEx (service not itemized) $0.06,Carrier re-rate after label $8.91; Billed above label cost $4.10
WB0608DFBL,Americanflat 6x8 Rustic Picture Frame in Turquoise Blue with Textured Wood and Polished Glass - Horizontal and Vertical Formats,3,13.01,UPS Ground Saver $13.01,Carrier re-rate after label $13.01
MW1111BLKNOMAT,Picture Frame | Classic Molding | Signature Collection - Americanflat - Black / 11x11,8,12.99,UPS Ground Saver $7.06; USPS Ground Advantage $5.32; FedEx (service not itemized) $0.61,Carrier re-rate after label $12.38; Billed above label cost $0.61
450309315130802251,Americanflat Aluminum Picture Frame with Mat - Metal Photo Frame - Black Metal Molding Frame - Shatter Resistant Glass - Hanging Hardware,1,12.95,UPS Ground Saver $12.95,Carrier re-rate after label $12.95
MP-MDF-SBD-0810-GWOOD,Americanflat 8x10 Front Loading Shadow Box Frame and Display Case for Keepsakes - Grey Wood,4,12.94,UPS (service not itemized) $8.25; UPS Ground Saver $4.69,Carrier re-rate after label $12.94
WB1824DSTPC,Americanflat 18x24 Poster Frame in Grey with Polished Plexiglass - Horizontal and Vertical Formats with Included Hanging Hardware,5,12.92,UPS Ground Saver $11.66; FedEx (service not itemized) $1.26,Carrier re-rate after label $11.66; Billed above label cost $1.26
MP-METAL-HG-BV-0507-BLACK,"Americanflat Hinged 5x7 Picture Frame with Wide, Beveled Molding and Shatter-Resistant Glass - Metal Picture Frame Displays Two 5x7 Photos - Black",5,12.84,UPS Ground Saver $12.84,Carrier re-rate after label $12.84
431784813619036162,Americanflat 11x14 Picture Frame with Decorative Inner Mat Accent - Use as 8x10 with Mat or 11x14 without the Mat - Statement Frame with Shatter-Resistant Glass,1,12.81,UPS Ground Saver $12.81,Carrier re-rate after label $12.81
MP-PES-SHOW-7275-PINK-WAF-SL,"Americanflat 72x75 Hookless Waffle Pattern Shower Curtain - Water-Resistant Long Shower Curtain with Sheer Panel, Snap-In Liner, and Grommets",6,12.79,UPS Ground Saver $9.46; USPS Ground Advantage $3.00; UPS (service not itemized) $0.33,Carrier re-rate after label $12.46; Billed above label cost $0.33
MP-WPC-GSD-2028-WHITE-1624,"Americanflat 20x28 Gallery-Style Picture Frame with Mat to Secure Artwork, Prints, and Photos - White",5,12.77,USPS Ground Advantage $11.59; FedEx (service not itemized) $1.19,Carrier re-rate after label $11.59; Billed above label cost $1.19
MP-PVC-PS-1620-WHITE-1114-2PK,Americanflat 2 Pack of 16x20 Frames with 11x14 Mat - Plexiglass Cover - White,2,12.71,USPS Ground Advantage $11.32; FedEx (service not itemized) $1.39,Carrier re-rate after label $11.32; Billed above label cost $1.39
PS1117MAH8122PK,Americanflat 11x17 Gallery Wall Picture Frame Set of 2 Polished Plexiglass with Removable Mat - Home Gallery Wall Decor for Photos and Art - Mahogany,4,12.69,FedEx (service not itemized) $12.69,Billed above label cost $12.69
MP-ABS-0810-BLACK-6PK,Americanflat Front Loading Picture Frame Set - 8x10 - Black - 6 Pack,2,12.61,UPS (service not itemized) $12.61,Billed above label cost $8.03; Carrier re-rate after label $4.58
MP-ALU-FF-0507-BLACK-2PK,Americanflat Floating Aluminum & Plexiglass Frame - 5x7 - Black - 2 Pack,2,12.55,UPS Ground Saver $12.54; UPS (service not itemized) $0.01,Carrier re-rate after label $12.54; Billed above label cost $0.01
MP-MDF-MW-0814-BLACK-46-3OP,Americanflat 8x14 Collage Picture Frame to Display 3 Photos at Once - Black,4,12.5,USPS Ground Advantage $12.50,Carrier re-rate after label $12.50
MW0912WALNUT68,Americanflat 9x12 Picture Frame in Walnut - Displays 6x8 With Mat and 9x12 Without Mat - Composite Wood with Shatter Resistant Glass,3,12.5,UPS (service not itemized) $6.40; FedEx (service not itemized) $5.11; UPS Ground Saver $0.99,Carrier re-rate after label $7.39; Billed above label cost $5.11
WMW1723BLK1319,Oversized Gallery Picture Frame with Mat | Hudson Collection - 17x23 / Black / 13x19,6,12.46,UPS Ground Saver $11.61; FedEx (service not itemized) $0.85,Carrier re-rate after label $11.61; Billed above label cost $0.85
WB2030MAHPC,Gallery Poster Frame with Wood Grain Finish | Epic Collection - 20x30 / Mahogany,3,12.44,FedEx (service not itemized) $6.44; UPS Ground Saver $6.00,Billed above label cost $6.44; Carrier re-rate after label $6.00
DO8511MWWA1,Document Frame Mahogany with Polished Glass - Horizontal and Vertical Formats for Wall - 8.5 x 11 - Americanflat,5,12.42,UPS Ground Saver $12.42,Carrier re-rate after label $12.42
MP-PES-SHOW-A281P1001-7275-SL,"Americanflat Hookless Floral Shower Curtain with Sheer Panel, Snap-In Liner & Grommets, 72"" x 75""",5,12.34,FedEx (service not itemized) $12.34,Billed above label cost $12.34
WMW1212PBRASS1010,Americanflat 12x12 Picture Frame with Shatter-Resistant Glass - Use as 10x10 Frame with Mat or Display 12x12 Photo Without Mat - Wide Square - Gold,3,12.32,UPS Ground Saver $12.32,Carrier re-rate after label $12.32
431784830798905346,Americanflat 16x20 Picture Frame with Decorative Inner Mat Accent - Use as 11x14 photo frame with the Mat or as 16x20 frame without the Mat - Statement Frame with Polished Plexiglass,4,12.27,FedEx (service not itemized) $8.27; UPS Ground Saver $4.00,Billed above label cost $8.27; Carrier re-rate after label $4.00
LX0406BLK,Americanflat 4x6 Picture Frame - Tempered Shatter-Resistant Glass - Black,3,12.23,UPS Ground Saver $10.14; FedEx (service not itemized) $2.10,Carrier re-rate after label $10.14; Billed above label cost $2.10
549051464913223686,"Americanflat Adjustable Tabletop Easel Stand for Picture Frames up to 18"" - Ideal Picture Frame Stand to Display Art, Signs, or Photos - Black",7,12.21,FedEx (service not itemized) $12.21,Billed above label cost $12.21
WB2028WHT,Americanflat 20x28 Picture Frame with Polished Plexiglass - White Picture Frame - Wide Photo Frames Made of Engineered Wood - Epic - White,3,12.2,FedEx (service not itemized) $12.20,Billed above label cost $12.20
MW0816DWOOD357,Americanflat 8x16 Collage Picture Frame with Three 5x7 Displays in Driftwood - Composite Wood with Shatter Resistant Glass Wall,2,12.16,UPS Ground Saver $12.16,Carrier re-rate after label $12.16
PS1212BLK5PKNOMAT,Galleria Unmatted Picture Frame - 12x12 / Black / 5 Pack,2,12.16,FedEx (service not itemized) $12.16,Billed above label cost $12.16
BJ5060BXFLWSPNK,Americanflat 50x60 Jacquard Fleece Throw Blanket - Pink Flower Polyester Fleece,2,12.12,FedEx (service not itemized) $12.12,Billed above label cost $12.12
A281P172PILL2020BW,"Americanflat 20x20 Decorative Throw Pillow with Sewn-in Insert - Soft Square All-in-One Cushion for Sofa, Couch or Bed - Black and White",3,12.11,FedEx (service not itemized) $12.11,Billed above label cost $12.11
LX0912WHT68,Americanflat 9x12 Picture Frame with Shatter-Resistant Glass - Use as 6x8 Frame with Mat or Display 9x12 Photo Without Mat - Streamline Collection,1,12.11,FedEx (service not itemized) $12.11,Carrier re-rate after label $12.11
MPCANFA281P17151530,"Americanflat 15x30 Canvas Wall Art Featuring a Sandy Shore, Green Hills and Blue Ocean - Coastal Wall Art",3,12.07,UPS Ground Saver $12.07,Carrier re-rate after label $12.07
MP-MDF-0808-BLACK-44,Americanflat Picture Frame with Mat - Wood with Glass Cover,3,12.06,UPS (service not itemized) $9.73; USPS Ground Advantage $1.35; UPS Ground Saver $0.98,Carrier re-rate after label $10.71; Billed above label cost $1.35
CF1222BLK846,Americanflat 4x6 Collage Picture Frame  - Multi Picture Frames Fit Eight 4x6 Photos or Use as One 12x22 Frame for Wall Display -- Black,5,12.05,UPS Ground Saver $12.05,Carrier re-rate after label $12.05
MP-ALU-AL-0912-BLACK-68,Americanflat Aluminum 9 x 12 Picture Frame - Black,5,12.05,UPS Ground Saver $11.98; FedEx (service not itemized) $0.07,Carrier re-rate after label $11.98; Billed above label cost $0.07
MP-MDF-A4-WHITE,Americanflat A4 Picture Frame - White 8.3x11.7 Frame with Engineered Wood and Shatter-Resistant Glass for Tabletop and Wall Display,3,12.01,UPS Ground Saver $11.37; USPS Ground Advantage $0.64,Carrier re-rate after label $12.01
MPCANGWA281P17132436,"Americanflat 24x36 Canvas Wall Art Featuring Beige, Brown, Blue and White Tones with Hand-Painted Accents and Gold Foil -Landscape Wall Art",2,12.0,UPS Ground Saver $12.00,Carrier re-rate after label $12.00
MP-PVC-PS-1117-BLACK-5PK,Americanflat 5 Pack of 11x17 Frames - Plexiglass Cover - Black,3,11.87,USPS Ground Advantage $11.27; FedEx (service not itemized) $0.60,Carrier re-rate after label $11.27; Billed above label cost $0.60
MWWH07MULTIPK,Americanflat Picture Frame in White MDF / Shatter Resistant Glass Horizontal and Vertical Formats for Wall - Pack of 7,2,11.86,UPS (service not itemized) $11.55; FedEx (service not itemized) $0.31,Carrier re-rate after label $11.55; Billed above label cost $0.31
MW0820BK446,4-Photo Collage Picture Frame for 4x6 or 4x4 | Choose Size and Color - 8x20 / Black,5,11.84,UPS Ground Saver $11.81; FedEx (service not itemized) $0.03,Carrier re-rate after label $11.81; Billed above label cost $0.03
PS1216NAOAK85115PK,Americanflat 12x16 Picture Frame with Polished Plexiglass - Set of 5 - Use as 8.5x11 with Mat or 12x16 Without Mat - Galleria Collection - Natural Oak,3,11.84,UPS Ground Saver $10.82; FedEx (service not itemized) $1.02,Carrier re-rate after label $10.82; Billed above label cost $1.02
LX0710BLKNOMAT,Americanflat 7x10 Picture Frame - Streamline Collection - Thin Border Photo Frame for Tabletop and Wall Display - Black,4,11.83,FedEx (service not itemized) $6.27; USPS Ground Advantage $5.56,Carrier re-rate after label $11.83
MP-PES-PILL-GREEN-1818-LINES001,"Americanflat 18""x18"" Striped Pattern Throw Pillow with Premium Polyester - Green",3,11.79,USPS Ground Advantage $11.79,Carrier re-rate after label $11.79
MP-MDF-CFF-0917-WHITE-346,Americanflat Floating Collage Frame - Display Three 4x6 Photos - 9x17 - White,2,11.79,USPS Ground Advantage $11.79,Carrier re-rate after label $11.79
MW8514BK,Americanflat 8.5x14 Picture Frame in Black - Composite Wood with Shatter Resistant Glass,8,11.79,UPS Ground Saver $7.04; FedEx (service not itemized) $3.09; USPS Ground Advantage $1.24; UPS (service not itemized) $0.42,Carrier re-rate after label $8.28; Billed above label cost $3.51
MP-ABS-SIF-1620-BLACK-3PK,"Americanflat 3 Pack 16x20 frames Lightweight Snap Frame, Front Loading Poster Frames - 20x16 picture frame Black",1,11.75,UPS (service not itemized) $11.75,Carrier re-rate after label $11.75
PS0507MAH465PK,Classic Gallery Picture Frame | Set of 5 | Galleria Collection | Includes Mat - 5X7 / Mahogany,4,11.65,FedEx (service not itemized) $9.99; USPS Ground Advantage $1.66,Billed above label cost $9.99; Carrier re-rate after label $1.66
MP-MDF-MW-1414-OAK-57,Americanflat 14x14 Wedding Signature Picture Frame - 5x7 Picture Frame with or 14x14 Frame without Mat - Oak,6,11.63,UPS Ground Saver $5.74; UPS (service not itemized) $5.37; FedEx (service not itemized) $0.52,Carrier re-rate after label $11.11; Billed above label cost $0.52
MP-PVC-PS-1117-GOLD-812-2PK,Americanflat 2 Pack of 11x17 Frames with 8x12 Mat - Plexiglass Cover - Gold,1,11.47,UPS (service not itemized) $11.47,Carrier re-rate after label $11.47
MP-PVC-PS-1114-GOLD-810-5PK,Americanflat 5 Pack of 11x14 Frames with 8x10 Mat - Plexiglass Cover - Gold,10,11.44,UPS Ground Saver $11.14; FedEx (service not itemized) $0.30,Billed above label cost $6.13; Carrier re-rate after label $5.31
GRAD1313BK,Americanflat 13x13 Black Graduation Frame | 2 Opening Mat Displays 8x10 Photo and Tassle. Tempered Shatter-Resistant Glass. 2X Sawtooth Hangers,5,11.44,UPS Ground Saver $4.73; FedEx (service not itemized) $4.10; USPS Ground Advantage $2.61,Carrier re-rate after label $7.34; Billed above label cost $4.10
MP-MDF-WBDIST-1824-DBLACK,Americanflat Rustic Picture Frame - Unique Farmhouse Look - 18x24 - Black,3,11.43,UPS Ground Saver $11.43,Carrier re-rate after label $11.43
VF1114BLKGLD810,Heirloom Picture Frame - 11x14 / Black/Gold / Vintage frame,4,11.38,FedEx (service not itemized) $11.38,Billed above label cost $11.38
MP-PVC-LX-1717-BLACK,Americanflat 17x17 Poster Frame - Perfect for Photos and Artwork - Black,1,11.37,FedEx (service not itemized) $11.37,Billed above label cost $11.37
MP-PVC-LX-2020-BLACK,Americanflat 20x20 Poster Frame - Perfect for Photos and Artwork - Black,4,11.37,UPS (service not itemized) $11.37,Billed above label cost $6.00; Carrier re-rate after label $5.37
SB1114DWOOD,Americanflat 11x14 Shadow Box Frame in Driftwood with Soft Linen Back - Composite Wood with Polished Glass for Wall and Tabletop,5,11.33,UPS Ground Saver $11.33,Carrier re-rate after label $11.33
MP-ALU-FF-1114-PBRASS,Americanflat Floating Aluminum & Plexiglass Frame - 11x14 - Gold,4,11.31,UPS (service not itemized) $6.23; FedEx (service not itemized) $3.40; UPS Ground Saver $1.68,Carrier re-rate after label $11.31
MP-SB-1114-NAOAK,Americanflat Shadow Box Frame Oak 11x14 inches - 1.5 Deep Box Frame for Objects with Glass Front,3,11.3,USPS Ground Advantage $11.30,Carrier re-rate after label $11.30
MP-WPC-GSD-1122-BLACK,"Americanflat 11x22 Gallery-Style Picture Frame to Secure Artwork, Prints, and Photos - Black",3,11.27,USPS Ground Advantage $11.27,Carrier re-rate after label $11.27
MP-PVC-LX-0810-WHITE-57,"Americanflat 8x10 Picture Frame with Mat for 5x7 - Modern Design, Shatter-Resistant Glass, PVC Frame - White",3,11.25,UPS Ground Saver $5.67; USPS Ground Advantage $5.58,Carrier re-rate after label $11.25
MP-MDF-WBDIST-1620-DBLACK,Americanflat Rustic Picture Frame - Unique Farmhouse Look - 16x20 - Black,2,11.24,USPS Ground Advantage $11.18; FedEx (service not itemized) $0.06,Carrier re-rate after label $11.18; Billed above label cost $0.06
CPT5060ASEAFOAM,"Americanflat Zaina Throw Blanket in Seafoam and White Herringbone - 100% Cotton with Fringe - 50"" x 60""",6,11.18,UPS Ground Saver $7.40; FedEx (service not itemized) $3.78,Carrier re-rate after label $11.18
MP-PVC-PS-1620-GOLD-1114-5PK,Americanflat 5 Pack of 16x20 Frames with 11x14 Mat - Plexiglass Cover - Gold,19,11.18,FedEx (service not itemized) $11.18,Billed above label cost $11.18
343132162112356366,"Americanflat 16x20 Collage Picture Frame - Fits One 6x8, Four 5x7, and Four 4x4 Photos or One 16x20 Photo",4,11.13,UPS Ground Saver $11.13,Carrier re-rate after label $11.13
G9-Y0BN-DRZK,Americanflat 11x14 Picture Frame Shatter-Resistant Glass with Removable Mat - Home Gallery Wall Decor for Photos and Art Signature Collection - White,6,11.13,UPS Ground Saver $9.14; FedEx (service not itemized) $1.99,Carrier re-rate after label $9.14; Billed above label cost $1.99
PS0810NAOAK575PK,Americanflat 8x10 Picture Frame with Plexiglass - Set of 5 - Use as 5x7 Frame with Mat or Display 8x10 Photo Without Mat - Galleria Collection,5,11.1,UPS Ground Saver $10.79; FedEx (service not itemized) $0.30,Carrier re-rate after label $10.79; Billed above label cost $0.30
MP-PVC-PS-1115-BLACK-812-5PK,Americanflat 5 Pack of 11x15 Frames with 8x12 Mat - Plexiglass Cover - Black,1,11.09,USPS Ground Advantage $11.09,Carrier re-rate after label $11.09
MK-PD3-810-BK2,Americanflat 4x6 Double Picture Frame in Black - Composite Wood with Shatter Resistant Glass - Horizontal and Vertical Formats for Wall and Tabletop,4,11.06,UPS Ground Saver $8.47; USPS Ground Advantage $1.90; UPS (service not itemized) $0.69,Carrier re-rate after label $10.37; Billed above label cost $0.69
MP-MDF-WB-1316-BLACK,"Americanflat Poster Frame 13""x16"" inches - Black Wooden Picture Frame with Plexiglass Cover",2,11.04,UPS (service not itemized) $8.27; UPS Ground Saver $2.77,Carrier re-rate after label $11.04
MP-PVC-PS-0811-BLACK-5PK,Americanflat 5 Pack of 8x11 Frames - Plexiglass Cover - Black,1,11.01,USPS Ground Advantage $11.01,Carrier re-rate after label $11.01
MP-PVC-PS-1218-NAOAK-1117-2PK,Americanflat 2 Pack of 12x18 Frames with 11x17 Mat - Plexiglass Cover - Natural Oak,1,11.01,USPS (service not itemized) $11.01,Carrier re-rate after label $11.01
LX1417BLKNOMAT,Americanflat 14x17 Picture Frame with Polished Plexiglass - Streamline Collection - Thin Border Picture Frame for Wall Display - Black,8,10.96,UPS Ground Saver $5.69; USPS Ground Advantage $3.76; FedEx (service not itemized) $1.51,Carrier re-rate after label $9.45; Billed above label cost $1.51
GSD2028BLK,Deep Molding Picture Frame | Americanflat | No Mat | Modern - Premium Quality - 20x28 / Black,2,10.95,UPS Ground Saver $10.95,Carrier re-rate after label $10.95
LX0810GREY,Americanflat Thin Picture Frame in Grey with Shatter Resistant Glass Horizontal and Vertical Formats for Wall and Tabletop - 8 x 10,2,10.91,UPS Ground Saver $10.91,Carrier re-rate after label $10.91
CF0716BLK257,"Americanflat 7x16 Collage Picture Frame with Shatter-Resistant Glass, Fits Two 5x7 Photos or One 7x16 Photo, Signature Collection ¬ñ Black",7,10.89,UPS (service not itemized) $8.27; UPS Ground Saver $2.07; FedEx (service not itemized) $0.55,Carrier re-rate after label $10.34; Billed above label cost $0.55
CF5514BLK344,Americanflat Signature Collage Frame | 3-Opening | Shatter-Resistant Glass - 5.5x14 / Black / White,5,10.85,UPS Ground Saver $10.16; FedEx (service not itemized) $0.69,Carrier re-rate after label $10.16; Billed above label cost $0.69
MP-ABS-1620-BLACK-2PK,Americanflat Front Loading Picture Frame Set - 16x20 - Black - 2 Pack,2,10.8,UPS Ground Saver $10.80,Carrier re-rate after label $10.80
WB2234BLKPC,Gallery Poster Frame without Mat | Epic Collection - 22x34 / Black,3,10.79,FedEx (service not itemized) $10.79,Billed above label cost $10.79
257803095485366297,Americanflat Picture Frame Set with Mat - Set of 5 - Photo Frame Set of Five for Wall Display - Plexiglass Cover - Hanging Hardware,1,10.77,UPS (service not itemized) $10.77,Carrier re-rate after label $10.77
257803095485366293,Americanflat Picture Frame Set with Mat - Set of 5 - Photo Frame Set of Five for Wall Display - Plexiglass Cover - Hanging Hardware,1,10.77,UPS (service not itemized) $10.77,Carrier re-rate after label $10.77
MW0912WH68,Americanflat Picture Frame in White MDF / Shatter Resistant Glass Horizontal and Vertical Formats for Wall - 9 x 12,4,10.75,USPS Ground Advantage $6.79; UPS Ground Saver $3.96,Carrier re-rate after label $10.75
LX1826BLKNOMAT,Picture Frame | Slim Molding | Streamline Collection - 18x26 / Black,5,10.68,UPS Ground Saver $10.09; FedEx (service not itemized) $0.59,Carrier re-rate after label $10.09; Billed above label cost $0.59
MP-PVC-PS-1620-BLACK-1216-5PK,Americanflat 5 Pack of 16x20 Frames with 12x16 Mat - Plexiglass Cover - Black,16,10.62,FedEx (service not itemized) $10.62,Billed above label cost $10.62
MP-MDF-KAF-10125-NAVY-8511,Americanflat Kids Art Frame 10x12.5 inches with 8.5x11 inches Mat - Composite Wood And Glass - Holds 100 Artworks - Navy Blue,6,10.58,USPS Ground Advantage $9.10; UPS Ground Saver $1.48,Carrier re-rate after label $10.58
CPT5060B,Americanflat Nira Throw Blanket in Black and Cream Chevron - 100% Cotton with Fringe - 50 x 60,2,10.58,USPS Ground Advantage $10.58,Carrier re-rate after label $10.58
LX2632WHT2228,Streamline Matted Picture Frame - 26x32 with 22x28 Mat / White / 1 Pack,1,10.56,FedEx (service not itemized) $10.56,Billed above label cost $10.56
PODBLK06MULTIPK,Americanflat | Black Picture Frame Gallery Set | Shatter-Resistant Glass | White Mats - 6 & 9 Pack - Multi-Size - 6 Pack,5,10.55,FedEx (service not itemized) $10.55,Billed above label cost $10.55
LX1822BLK1418,Americanflat 18x22 Picture Frame with Polished Plexiglass - Use as 14x18 Frame with Mat or 18x22 Frame Without Mat - Streamline Collection - Black,4,10.55,UPS Ground Saver $10.55,Carrier re-rate after label $10.55
SIFBLK22283PK,Fusion Picture Frame - 22x28 / Black / 3 Pack,2,10.52,USPS Ground Advantage $7.50; FedEx (service not itemized) $3.02,Carrier re-rate after label $7.50; Billed above label cost $3.02
LX1114BLK0811,Americanflat 11x14 Diploma Frame with Shatter-Resistant Glass - Use as 8.5x11 Frame with Mat or Display 11x14 Document Without Mat - Black,3,10.48,UPS Ground Saver $10.31; FedEx (service not itemized) $0.17,Carrier re-rate after label $10.31; Billed above label cost $0.17
MPPVCLX2020BLK1010,Americanflat 20x20 Picture Frame - Use as 10x10 Frame with Mat or 20x20 Frame Without Mat - Thin Photo Frame with Polished Plexiglass - Black,9,10.45,FedEx (service not itemized) $10.45,Billed above label cost $10.45
MP-PS-1117-BLACK-915-5PK,Americanflat 11x17 poster frame 5 Pack of Picture Frames - Gallery Wall Frame Set 11x17 picture frame with mat,3,10.45,USPS Ground Advantage $9.02; UPS Ground Saver $1.43,Carrier re-rate after label $10.45
WMW1616PBRASS1212,Hudson Picture Frame - 16x16 / Gold / 12x12,1,10.45,FedEx (service not itemized) $10.45,Billed above label cost $10.45
MP-PVC-LX-1824-WHITE,Americanflat 18x24 Poster Frame - Perfect for Photos and Artwork - White,1,10.38,UPS Ground Saver $10.38,Carrier re-rate after label $10.38
MP-ALU-AL-0812-BLACK-68,Americanflat Aluminum 8 x 12 Picture Frame - Black,3,10.35,FedEx (service not itemized) $6.45; UPS Ground Saver $3.90,Billed above label cost $6.45; Carrier re-rate after label $3.90
MP-WPC-GSD-0810-BLACK-57,"Americanflat 8x10 Gallery-Style Picture Frame with Mat to Secure Artwork, Prints, and Photos - Black",3,10.34,UPS (service not itemized) $8.27; UPS Ground Saver $2.07,Carrier re-rate after label $10.34
MW1117BK2PK,Americanflat 11x17 Picture Frame in Black - Legal Sized Paper Display - Composite Wood with Shatter Resistant Glass (2-Pack),1,10.34,UPS (service not itemized) $10.34,Carrier re-rate after label $10.34
MP-MDF-MW-1414-BLACK-57-2PK,Americanflat 14x14 Wedding Signature Picture Frame - 5x7 Picture Frame with or 14x14 Frame without Mat - Black 2 Pack,1,10.34,UPS (service not itemized) $10.34,Carrier re-rate after label $10.34
PS1114WH8102PK,"Americanflat 11x14 Picture Frame with Mat for 8x10, White, 2 Pack",6,10.29,UPS Ground Saver $9.40; USPS Ground Advantage $0.89,Carrier re-rate after label $10.29
MP-PVC-PS-0707-BLACK-44-5PK,Americanflat 5 Pack of 7x7 Frames with 4x4 Mat - Plexiglass Cover - Black,3,10.24,USPS Ground Advantage $10.24,Carrier re-rate after label $10.24
MP-PS-VF-1620-GOLD-1114,"Americanflat 16""x20"" Vintage Picture Frame with Mat and Beaded Accents with Plexiglass Cover - Golden",4,10.23,FedEx (service not itemized) $4.23; UPS (service not itemized) $4.00; UPS Ground Saver $2.00,Billed above label cost $8.23; Carrier re-rate after label $2.00
MP-MDF-DISTF-0810-RUS-57-4PK,Americanflat 8x10 Picture Frame Set with Mat - Perfect for Farmhouse Decor - Rustic Lodge - 4 Pack,2,10.2,USPS Ground Advantage $9.17; FedEx (service not itemized) $1.03,Carrier re-rate after label $9.17; Billed above label cost $1.03
MP-PVC-PS-1114-WHITE-811-2PK,Americanflat 2 Pack of 11x14 Frames with 8x11 Mat - Plexiglass Cover - White,5,10.19,USPS Ground Advantage $10.11; FedEx (service not itemized) $0.09,Carrier re-rate after label $10.11; Billed above label cost $0.09
WMW2434MAH2030,Oversized Gallery Picture Frame with Mat | Hudson Collection - 24x34 / Mahogany / 20x30,3,10.19,FedEx (service not itemized) $10.19,Billed above label cost $10.19
CF0614BLK246,"Americanflat 6x14 Collage Picture Frame with Shatter-Resistant Glass, Fits Two 4x6 Photos or One 6x14 Photo, Gallery Wall Frame Set ¬ñ Black",3,10.16,UPS (service not itemized) $10.12; FedEx (service not itemized) $0.04,Billed above label cost $10.16
MPCANFA281P171220202SET,Abstract Earth Tones Framed Canvas Wall Art with Hand-Painted Accents - Set of 2 - 24x24,2,10.15,UPS Ground Saver $10.15,Carrier re-rate after label $10.15
PS0912BK682PK,"Americanflat 9x12 Picture Frame with Mat for 6x8, Black, 2 Pack",3,10.11,UPS Ground Saver $10.11,Carrier re-rate after label $10.11
431784749194526732,Americanflat Vintage Picture Frame with Mat and Beaded Accents with Shatter Resistant Glass,3,10.09,UPS Ground Saver $10.09,Carrier re-rate after label $10.09
313770149405753345,Americanflat 16.5x16.5 Floating Album Cover Frame - Easy-to-Open Buttons for Loading Album Covers - Vinyl Record Frame - Shatter Resistant Glass - Hanging Hardware - Black,2,10.02,UPS Ground Saver $10.02,Carrier re-rate after label $10.02
MP-MDF-DF-1114-BLACK-8511,Americanflat Diploma Frame - 11x14 with 8.5x11 Mat for Diploma - Wood  Glass - Black,3,10.02,USPS Ground Advantage $9.17; FedEx (service not itemized) $0.85,Carrier re-rate after label $9.17; Billed above label cost $0.85
LX0810MAH,Americanflat Thin Picture Frame in Mahogany with Shatter Resistant Glass Horizontal and Vertical Formats for Wall and Tabletop - 8 x 10,6,10.01,USPS Ground Advantage $6.11; UPS Ground Saver $3.90,Carrier re-rate after label $10.01
LX1114BLKNOMAT,Streamline Picture Frame - 11x14 / Black / 1 Pack,3,10.0,FedEx (service not itemized) $6.01; UPS Ground Saver $3.99,Billed above label cost $6.01; Carrier re-rate after label $3.99
329325575682031620,Americanflat 11x22 Newspaper Frame - Display Frame for Showcasing Newspaper Front Page - Polished Plexiglass Cover - Hanging Hardware for Horizontal or Vertical Display,5,10.0,UPS Ground Saver $10.00,Carrier re-rate after label $10.00
PS0909BLK665PK,Americanflat 9x9 Picture Frame with Polished Plexiglass - Set of 5 - 6x6 with Mat or 9x9 Without Mat - Galleria - Square Frames - Black,3,9.99,UPS Ground Saver $9.99,Carrier re-rate after label $9.99
MP-PVC-PS-0606-BLACK-5PK,Americanflat 5 Pack of 6x6 Frames - Plexiglass Cover - Black,2,9.97,UPS (service not itemized) $9.45; USPS Ground Advantage $0.53,Carrier re-rate after label $9.97
WMW0909NAOAK66,Americanflat 9x9 Picture Frame with Shatter-Resistant Glass - 6x6 with Mat or 9x9 Without Mat - Hudson - Wide Square Frames - Natural Oak,1,9.94,USPS Ground Advantage $9.94,Billed above label cost $9.94
MW1012BLKNOMAT,Americanflat 10x12 Picture Frame with Shatter-Resistant Glass - Gallery Style Frame with Engineered Wood - Signature Collection - Black,8,9.9,UPS Ground Saver $8.28; UPS (service not itemized) $1.43; FedEx (service not itemized) $0.19,Carrier re-rate after label $9.71; Billed above label cost $0.19
FF0810BK,Floating Picture Frame | Americanflat | Crystal-Clear Glass | Premium Quality - 8x10 / Black,1,9.88,FedEx (service not itemized) $9.88,Billed above label cost $9.88
PS1723BLK13192PK,Galleria Matted Picture Frame - 17x23 with 13x19 mat / Black / 2 Pack,2,9.85,FedEx (service not itemized) $9.85,Billed above label cost $9.85
PS0912NAOAK682PK,Americanflat 9x12 Picture Frame with Polished Plexiglass - Set of 2 - Use as 6x8 Frame with Mat or Display 9x12 Photo Without Mat - Natural Oak,13,9.85,FedEx (service not itemized) $9.85,Billed above label cost $9.85
343132174997258254,"Americanflat 20x20 Collage Picture Frame - Fits One 8x10, Four 5x5, and Six 4x6 Photos or One 20x20 Photo",2,9.83,UPS Ground Saver $7.04; UPS (service not itemized) $2.79,Carrier re-rate after label $7.04; Billed above label cost $2.79
MP-PVC-LX-1010-BLACK-88,"Americanflat 10x10 Picture Frame with Mat for 8x8 - Modern Design, Shatter-Resistant Glass, PVC Frame - Black",2,9.79,UPS (service not itemized) $9.45; UPS Ground Saver $0.34,Carrier re-rate after label $9.79
WMW2228MAH1824,Oversized Gallery Picture Frame with Mat | Hudson Collection - 22x28 / Mahogany / 18x24,2,9.77,FedEx (service not itemized) $9.77,Billed above label cost $9.77
PS1117BK8122PK,"Americanflat 11x17 Picture Frame with Mat for 8x12, Black, 2 Pack",5,9.75,UPS Ground Saver $7.01; FedEx (service not itemized) $2.74,Carrier re-rate after label $7.01; Billed above label cost $2.74
MP-PVC-PS-0909-BLACK-66-5PK,Americanflat 5 Pack of 9x9 Frames with 6x6 Mat - Plexiglass Cover - Black,2,9.75,USPS Ground Advantage $9.75,Carrier re-rate after label $9.75
MP-PVC-PS-1216-NAOAK-912-2PK,Americanflat 2 Pack of 12x16 Frames with 9x12 Mat - Plexiglass Cover - Natural Oak,3,9.74,UPS Ground Saver $5.67; USPS Ground Advantage $2.61; UPS (service not itemized) $1.46,Carrier re-rate after label $8.28; Billed above label cost $1.46
MW1114BLKNOMAT2PK,Americanflat 11x14 Picture Frame with Shatter-Resistant Glass - Set of 2 - Signature Collection - Gallery-Style Frames Made of Engineered Wood,3,9.73,USPS Ground Advantage $7.62; FedEx (service not itemized) $2.11,Carrier re-rate after label $7.62; Billed above label cost $2.11
MP-METAL-BEA-0406-SILVER,"Americanflat 4""x6"" Picture Frame with Beaded-Style Detailing and Shatter-Resistant Glass - Gallery Style Frames for Tabletop or Wall Display - Silver",3,9.73,UPS (service not itemized) $7.91; UPS Ground Saver $1.82,Carrier re-rate after label $9.35; Billed above label cost $0.38
MP-MDF-FLAGCASE-BWOOD,"Americanflat 24.6""x17.4"" Elegant Flag Display Case for Memorial Service and Veteran Burial - Barn Wood",1,9.73,UPS (service not itemized) $9.73,Carrier re-rate after label $9.73
MP-MDF-PIN-1418-BLACK,Americanflat 14x18 Pin Display Case Shadow Box for Collectibles with Polished Plexiglass - Black,2,9.72,UPS (service not itemized) $6.40; UPS Ground Saver $3.32,Carrier re-rate after label $9.72
PS1620NAOAK11142PK,Galleria Matted Picture Frame - 16x20 with 11x14 mat / Natural Oak / 2 Pack,5,9.71,UPS Ground Saver $9.71,Carrier re-rate after label $9.71
A281P1705SHOW7275SL,"Americanflat 72x75 Hookless Shower Curtain - Water-Resistant Floral Shower Curtain with Sheer Panel, Snap-In Liner, and Grommets - 100% Polyester",16,9.65,FedEx (service not itemized) $9.65,Billed above label cost $9.65
MP-PS-1620-BLACK-1114-5PK,Americanflat 5 Pack of 16x20 Frames with 11x14 Mat - Plexiglass Cover - Black,12,9.64,FedEx (service not itemized) $9.64,Billed above label cost $9.64
GSK0810BK12PK,Gallery Wall Set - 8x10 / Black / 12 Pack,3,9.64,FedEx (service not itemized) $9.64,Billed above label cost $9.64
PODBLK09MULTIPK,"Americanflat Black Picture Frame Gallery Set - Shatter-Resistant Glass - White Mats - 9 Pack - Multi - Size for 8x10, 11x14, 16x20, 18x24",13,9.63,FedEx (service not itemized) $9.63,Billed above label cost $9.63
MP-PVC-PS-0810-SILVER-57-5PK,Americanflat 5 Pack of 8x10 Frames with 5x7 Mat - Plexiglass Cover - Silver,5,9.62,USPS Ground Advantage $5.06; UPS Ground Saver $4.33; FedEx (service not itemized) $0.23,Carrier re-rate after label $9.39; Billed above label cost $0.23
GSK0810BK6PK,Americanflat Gallery Wall Set - 8x10 / Black / 6 Pack,2,9.56,FedEx (service not itemized) $4.96; UPS Ground Saver $4.60,Billed above label cost $4.96; Carrier re-rate after label $4.60
MP-PES-SHOW-A372P072-7275-SL,"Americanflat Hookless Shower Curtain with Sheer Panel, Snap-In Liner, and Grommets, 72x75",6,9.52,UPS Ground Saver $8.83; UPS (service not itemized) $0.69,Carrier re-rate after label $8.83; Billed above label cost $0.69
LX1220BLKNOMAT,Americanflat 12x20 Picture Frame with Polished Plexiglass - Streamline Collection - Thin Border Picture Frame for Wall Display - Black,2,9.52,UPS (service not itemized) $9.02; FedEx (service not itemized) $0.50,Carrier re-rate after label $9.02; Billed above label cost $0.50
LX0912BLKNOMAT,Picture Frame | Slim Molding | Streamline Collection - 9x12 / Black,5,9.51,FedEx (service not itemized) $5.04; USPS (service not itemized) $2.69; UPS Ground Saver $1.78,Billed above label cost $7.73; Carrier re-rate after label $1.78
PS1114BLK8115PK,Classic Gallery Picture Frame | Set of 5 | Galleria Collection | Includes Mat - 11X14 with 8.5X11 Mat / Black,5,9.48,FedEx (service not itemized) $5.78; UPS Ground Saver $3.70,Billed above label cost $5.78; Carrier re-rate after label $3.70
355374917055332425,Americanflat 6x14 Collage Picture Frame - Fits Two 4x6 Photos or One 6x14 Picture,1,9.45,UPS Ground Saver $9.45,Carrier re-rate after label $9.45
A281P443SHOW7174,Americanflat 71x74 May Poem Shower Curtain - 100% Polyester Shower Curtain,1,9.45,UPS (service not itemized) $9.45,Carrier re-rate after label $9.45
PS0810WH572PK,"Americanflat 8x10 Picture Frame with Mat for 5x7, White, 2 Pack",5,9.4,USPS Ground Advantage $8.67; FedEx (service not itemized) $0.73,Carrier re-rate after label $8.67; Billed above label cost $0.73
MP-MDF-SBD-0810-RUSBR,Americanflat 8x10 Front Loading Shadow Box Frame and Display Case for Keepsakes - Rustic Brown,3,9.38,UPS Ground Saver $9.38,Carrier re-rate after label $9.38
MW0808PBRASS,Americanflat 8x8 Picture Frame in Gold - Displays 4x4 With Mat and 8x8 Without Mat - Composite Wood with Shatter Resistant Glass  and Tabletop,4,9.36,UPS Ground Saver $9.34; FedEx (service not itemized) $0.02,Carrier re-rate after label $9.34; Billed above label cost $0.02
LX2024BLK,Poster Frame | Slim Molding | Streamline Collection - Black / 20x24,6,9.35,UPS Ground Saver $6.34; FedEx (service not itemized) $2.64; UPS (service not itemized) $0.37,Carrier re-rate after label $6.71; Billed above label cost $2.64
MP-PES-SHOW-GEO6-7275-GRAY-SL,"Americanflat 72x75 Hookless Shower Curtain - Grey Abstract Lines Shower Curtain with Sheer Panel, Snap-In Liner, and Grommets - 100% Polyester",8,9.35,UPS Ground Saver $8.87; FedEx (service not itemized) $0.48,Carrier re-rate after label $8.87; Billed above label cost $0.48
MW8511OAK,Diploma Frame | Legacy Collection | Modern - Premium Quality Display - 8.5x11 / Oak,3,9.33,FedEx (service not itemized) $7.47; UPS Ground Saver $1.86,Billed above label cost $7.47; Carrier re-rate after label $1.86
LX1120BLKNOMAT,Streamline Picture Frame - 11x20 / Black / 1 Pack,1,9.3,UPS Ground Saver $9.30,Carrier re-rate after label $9.30
LX0608BLKNOMAT,Picture Frame | Slim Molding | Streamline Collection - 6x8 / Black,3,9.29,FedEx (service not itemized) $9.29,Billed above label cost $9.29
MP-MDF-STF-1218-BLACK,Americanflat Quick-Change 12x18 Photo Storage Display Frame Black,3,9.28,UPS Ground Saver $8.88; FedEx (service not itemized) $0.40,Carrier re-rate after label $8.88; Billed above label cost $0.40
WB2224BLK,"Americanflat 22x24 Picture Frame with Polished Plexiglass, Epic Collection, Square Picture Frames with Engineered Wood, Black",2,9.25,FedEx (service not itemized) $9.25,Billed above label cost $9.25
MP-ABS-0507-BLACK-6PK,Americanflat Front Loading Picture Frame Set - 5x7 - Black - 6 Pack,2,9.25,UPS (service not itemized) $8.27; UPS Ground Saver $0.98,Carrier re-rate after label $9.25
LX0912BK,Picture Frame | Includes Mat | Slim Molding | Streamline Collection - 9x12 with 6x8 Mat / Black / 1 Pack,2,9.25,FedEx (service not itemized) $8.37; UPS Ground Saver $0.88,Billed above label cost $8.37; Carrier re-rate after label $0.88
MP-MDF-JRSY-1824-BLACK,Americanflat 18x24 Kids Jersey Frame Display Case - Shadow Box Frame - Black,1,9.24,UPS Ground Saver $9.24,Carrier re-rate after label $9.24
MP-MDF-WB-1721-BLACK,"Americanflat Poster Frame 17""x21"" inches - Black Wooden Picture Frame with Plexiglass Cover",4,9.22,UPS Ground Saver $6.00; USPS Ground Advantage $3.22,Carrier re-rate after label $9.22
319412568731533358,Americanflat Front Loading Shadow Box Frame - 1.5 Interior Depth for Memorabilia - Display Case for Keepsakes - Magnetic Closure - Includes Pins to Secure Items - Hanging Hardware,2,9.2,UPS (service not itemized) $8.62; UPS Ground Saver $0.58,Carrier re-rate after label $9.20
ALUFF1620BLK,Americanflat Aluminum 16x20 Floating Picture Frame with Shatter-Resistant Glass - Use as 11x14 Picture Frame or Display 16x20 Photo - Signature Float,3,9.18,FedEx (service not itemized) $9.18,Billed above label cost $9.18
MW1114PNICKEL57,Americanflat 11x14 Picture Frame in Silver - Displays 5x7 With Mat and 11x14 Without Mat - Composite Wood with Shatter Resistant Glass,3,9.18,USPS Ground Advantage $7.95; UPS Ground Saver $1.23,Billed above label cost $7.95; Carrier re-rate after label $1.23
WMW0507GREY46,Gallery Picture Frame with Mat | Hudson Collection - 5x7 / Grey,2,9.15,UPS Ground Saver $8.18; FedEx (service not itemized) $0.97,Billed above label cost $9.15
LX1812WHTNOMAT,Americanflat 18x12 Picture Frame with Polished Plexiglass - Streamline Collection - Thin Border Picture Frame for Wall Display - Hanging Hardware,2,9.15,FedEx (service not itemized) $9.15,Billed above label cost $9.15
WB1824NAOAK,Gallery Poster Frame with Wood Grain Finish | Epic Collection - 18x24 / Natural Oak,5,9.13,FedEx (service not itemized) $6.13; USPS Ground Advantage $3.00,Billed above label cost $6.13; Carrier re-rate after label $3.00
MW1218OAK,Americanflat 12x18 Oak Picture Frame - Composite Wood with Shatter Resistant Glass,2,9.12,USPS Ground Advantage $9.12,Carrier re-rate after label $9.12
MP-WPC-GSD-1620-BLACK,"Americanflat 16x20 Gallery-Style Picture Frame to Secure Artwork, Prints, and Photos - Black",7,9.12,UPS Ground Saver $5.26; UPS (service not itemized) $2.57; FedEx (service not itemized) $1.29,Carrier re-rate after label $5.26; Billed above label cost $3.86
MP-MDF-SBD-1114-RUSBR,Americanflat 11x14 Front Loading Shadow Box Frame and Display Case for Keepsakes - Rustic Brown,11,9.1,UPS Ground Saver $9.10,Carrier re-rate after label $9.10
MP-MDF-CF-1420-WHITE-946,Americanflat 14x20 Collage Picture Frame - Fits Nine 4x6 Photos or One 14x20 Photo - White,2,9.1,USPS Ground Advantage $7.10; UPS Ground Saver $2.00,Carrier re-rate after label $9.10
DPFSOHO1518BLK101,"Soho Gallery Digital Frame - 10.1"" Screen - Black",6,9.1,FedEx (service not itemized) $9.10,Billed above label cost $9.10
MP-ABS-8511-BLACK-6PK,Americanflat Front Loading Picture Frame Set - 8.5x11 - Black - 6 Pack,1,9.09,UPS Ground Saver $9.09,Carrier re-rate after label $9.09
MWDWOOD07MULTIPK,Americanflat Gallery Wall Frame Set | Set of 7 | Shatter-Resistant Glass - Driftwood,1,9.08,FedEx (service not itemized) $9.08,Billed above label cost $9.08
A303P099SHOW7174,"Americanflat 71 x 74 Shower Curtain, Retro Waves In Green by Modern Tropical",3,9.03,UPS Ground Saver $5.88; UPS (service not itemized) $3.15,Carrier re-rate after label $9.03
MP-PVC-PS-0810-BLACK-5PK,Americanflat 5 Pack of 8x10 Frames - Plexiglass Cover - Black,3,9.02,UPS (service not itemized) $7.56; FedEx (service not itemized) $0.98; UPS Ground Saver $0.48,Carrier re-rate after label $8.04; Billed above label cost $0.98
PS1117WHT5PKNOMAT,Americanflat 11x17 Picture Frame with Polished Plexiglass - Set of 5 - Galleria - Picture Frames - White,2,9.01,UPS Ground Saver $9.01,Carrier re-rate after label $9.01
MP-PVC-LX-0507-BLACK,"Americanflat 5x7 Picture Frame - Modern Design, Shatter-Resistant Glass, PVC Frame - Black",4,8.97,UPS Ground Saver $4.79; USPS Ground Advantage $3.88; FedEx (service not itemized) $0.30,Billed above label cost $5.09; Carrier re-rate after label $3.88
LX0404BLKNOMAT,Americanflat 4x4 Picture Frame - Streamline Collection - Thin Border Square Frame for Tabletop and Wall Display - Black,6,8.97,UPS Ground Saver $6.73; UPS (service not itemized) $2.24,Carrier re-rate after label $6.73; Billed above label cost $2.24
MP-PVC-PS-1114-BLACK-811-2PK,Americanflat 2 Pack of 11x14 Frames with 8x11 Mat - Plexiglass Cover - Black,4,8.96,USPS Ground Advantage $5.81; UPS Ground Saver $2.96; FedEx (service not itemized) $0.18,Carrier re-rate after label $5.81; Billed above label cost $3.15
MP-PES-SHOW-7275-BLUE-WAF-SL,"Americanflat 72x75 Blue Hookless Waffle Pattern Shower Curtain - Water-Resistant Long Shower Curtain with Sheer Panel, Snap-In Liner, and Grommets",3,8.95,UPS (service not itemized) $7.14; USPS Ground Advantage $1.66; FedEx (service not itemized) $0.15,Billed above label cost $7.29; Carrier re-rate after label $1.66
MP-PVC-PS-1114-SILVER-810-5PK,Americanflat 5 Pack of 11x14 Frames with 8x10 Mat - Plexiglass Cover - Black,2,8.93,UPS Ground Saver $8.34; FedEx (service not itemized) $0.59,Carrier re-rate after label $8.34; Billed above label cost $0.59
MP-ABS-1216-BLACK-3PK,Americanflat Front Loading Picture Frame Set - 12x16 - Black - 3 Pack,2,8.92,USPS Ground Advantage $8.92,Carrier re-rate after label $8.92
HGMW0810WALNUT,Signature Hinged Picture Frame - 8x10 / Walnut / Doube fold,1,8.91,FedEx (service not itemized) $8.91,Billed above label cost $8.91
FF1114WHT,Signature Float Picture Frame - 11x14 / White,2,8.9,FedEx (service not itemized) $8.90,Billed above label cost $8.90
WB1422BLK,Gallery Poster Frame without Mat | Epic Collection - 14x22 / Black,7,8.89,FedEx (service not itemized) $8.89,Billed above label cost $8.89
MP-PW-COD-1204-WALNUT,"Americanflat Challenge Coin Display with 4 Rows in Walnut - Military Coin Display Case - Collectible Coin Holder, 12¬î x 4¬î Solid Wood",8,8.88,UPS Ground Saver $8.88,Carrier re-rate after label $8.88
KAF8511MH,Americanflat Kids Art Frame with Mat | Holds up to 100 Artworks - 10x12.5 / Mahogany / 1 pack,2,8.84,USPS Ground Advantage $8.69; FedEx (service not itemized) $0.15,Carrier re-rate after label $8.69; Billed above label cost $0.15
WB0507DFWH,Hampton Picture Frame - 5x7 / Aspen White,4,8.82,FedEx (service not itemized) $7.20; UPS Ground Saver $1.62,Billed above label cost $7.20; Carrier re-rate after label $1.62
319399803616313397,"Americanflat Floating Picture Frame for Wall Art - Photo Frame with Floating Effect for Photos, Wall Art, and Pressed Flowers - Polished Glass Cover - Hanging Hardware",1,8.82,UPS Ground Saver $8.82,Billed above label cost $8.82
A281P390SHOW7174,"Americanflat Blissful Peony by PI Creative Art Floral Shower Curtain, 71x74",8,8.77,UPS (service not itemized) $6.27; FedEx (service not itemized) $2.50,Carrier re-rate after label $6.27; Billed above label cost $2.50
MP-METAL-HG-BV-0507-GOLD,"Americanflat Hinged 5""x7"" Picture Frame with Wide, Beveled Molding and Shatter-Resistant Glass - Metal Picture Frame Displays Two 5""x7"" Photos - Gold",1,8.76,UPS (service not itemized) $8.76,Carrier re-rate after label $8.76
LX8511WHT,Americanflat Thin Picture Frame in White with Shatter Resistant Glass Horizontal and Vertical Formats for Wall & Tabletop - Picture Size 8.5x11,6,8.74,USPS Ground Advantage $5.94; UPS Ground Saver $2.14; FedEx (service not itemized) $0.66,Carrier re-rate after label $8.08; Billed above label cost $0.66
431784779259297800,Americanflat 12x16 Wedding Guest Book Alternative with 80 Heart Tokens - Fits One 4x6 Photo,3,8.72,UPS Ground Saver $8.72,Carrier re-rate after label $8.72
MP-MDF-WMW-0507-BLUE-46,"Americanflat 5""x7"" Wide Molding Picture Frame - Blue",2,8.71,UPS (service not itemized) $8.71,Billed above label cost $5.19; Carrier re-rate after label $3.52
MP-MDF-GSK-1114-BLACK-12PK,Americanflat 11x14 Picture Frame Set to Enhance Wall Decor - Black - 12 Pack,1,8.66,FedEx (service not itemized) $8.66,Billed above label cost $8.66
MP-PVC-LX-0608-BLACK-46,"Americanflat 6x8 Picture Frame with 4x6 Mat - Modern Design, Shatter-Resistant Glass - Black",1,8.66,UPS (service not itemized) $8.66,Carrier re-rate after label $8.66
MW1114BK2,"Americanflat 11x14 Collage Frame-Displays Two 5x7 inch Portrait Pictures, Black",4,8.66,USPS Ground Advantage $8.65; FedEx (service not itemized) $0.01,Carrier re-rate after label $8.65; Billed above label cost $0.01
LX1621BLKNOMAT,Americanflat 16x21 Picture Frame  - Streamline Collection - Thin Border Picture Frame for Wall Display - Hanging Hardware Included - Black,4,8.65,UPS Ground Saver $8.65,Carrier re-rate after label $8.65
MP-PVC-LX-1113-BLACK,Americanflat 11x13 Poster Frame - Perfect for Photos and Artwork - Black,3,8.6,UPS Ground Saver $8.60,Carrier re-rate after label $8.60
LX1721BLKNOMAT,Americanflat 17x21 Picture Frame with Polished Plexiglass - Streamline Collection - Thin Border Picture Frame for Wall Display - Black,3,8.59,USPS Ground Advantage $5.62; UPS Ground Saver $2.97,Carrier re-rate after label $8.59
WB1620PBRASS,Epic Poster Frame - 16x20 / Gold,5,8.57,FedEx (service not itemized) $4.57; UPS Ground Saver $4.00,Billed above label cost $4.57; Carrier re-rate after label $4.00
MP-MDF-KAFSLD-8511-BLACK-2OP,Americanflat 8.5x11 Kids Art Frame Holds 25 Artworks - Slide-In Picture Frame with Two Opening and Art Storage - Black,1,8.57,USPS Ground Advantage $8.57,Carrier re-rate after label $8.57
PIN1418BLK,"Americanflat 14x18 Pin Display Case with Polished Plexiglass - Ideal for Enamel Pins, Medals, Jewelry, Memorabilia - Silhouette Collection - Black",4,8.56,USPS Ground Advantage $6.15; FedEx (service not itemized) $2.41,Carrier re-rate after label $6.15; Billed above label cost $2.41
MP-ABS-SIF-2228-BLACK-3PK,"Americanflat 3 Pack Lightweight Snap Frame, Front Loading Poster Frames - Black 22x28 poster frame",3,8.55,FedEx (service not itemized) $8.55,Billed above label cost $8.55
313770136520851462,Americanflat 15x26 Floating Newspaper Frame - Ideal for Showcasing Newspaper Front Page - Easy Open Buttons for Loading Photos - Shatter Resistant Glass- Hanging Hardware - Black,3,8.37,UPS Ground Saver $8.37,Carrier re-rate after label $8.37
WB1218MAHPC,Epic Poster Frame - 12x18 / Mahogany,1,8.34,UPS Ground Saver $8.34,Carrier re-rate after label $8.34
PS1216MA5PK,Americanflat 12x16 Picture Frame in Mahogany - Displays 8.5x11 With Mat and 12x16 Without Mat- Set of 5 Frames with Sawtooth Hanging Hardware,2,8.28,USPS Ground Advantage $8.28,Carrier re-rate after label $8.28
517544058105413636,"Americanflat Floral Canvas Wall Art Featuring White Wildflowers with Hand-Painted Accents - Gallery Wrap - Green, Beige and Blue - Modern Wall Art",1,8.27,UPS (service not itemized) $8.27,Carrier re-rate after label $8.27
MP-WOVEN-SHOW-7171-TAUPE,Americanflat 71x71 Woven Linen Taupe Shower Curtain with Tassel Accents - Includes 12 Grommets and Hooks - 100% Polyester,1,8.27,UPS (service not itemized) $8.27,Carrier re-rate after label $8.27
CPT5060A,Americanflat Throw Blanket for Couch in Cream Herringbone 50 x 60 - All Seasons Lightweight Cozy Soft Blankets & Throws for Bed and Sofa,2,8.26,UPS Ground Saver $8.26,Carrier re-rate after label $8.26
MW1117BK4PK,Set of 4 - 11x17 Picture Frame | Signature Collection,1,8.23,FedEx (service not itemized) $8.23,Billed above label cost $8.23
WB1420BLK,Gallery Poster Frame without Mat | Epic Collection - 14x20 / Black,1,8.23,FedEx (service not itemized) $8.23,Billed above label cost $8.23
MP-PES-SHOW-A405P278-7275-SL,"Americanflat Hookless Abstract Shower Curtain with Sheer Panel, Snap-In Liner & Grommets, 72"" x 75""",5,8.18,UPS (service not itemized) $4.62; UPS Ground Saver $3.56,Carrier re-rate after label $8.18
BJ3040BXPETGRAY,Americanflat 30x40 Jacquard Pet Fleece Throw Blanket - Gray Paw Print Polyester Fleece,12,8.18,FedEx (service not itemized) $8.18,Billed above label cost $8.18
343132162112356368,"Americanflat 16x20 Collage Picture Frame - Fits One 6x8, Four 5x7, and Four 4x4 Photos or One 16x20 Photo",2,8.09,USPS Ground Advantage $7.40; UPS Ground Saver $0.69,Carrier re-rate after label $8.09
WB1818BLKPC,"Americanflat 18x18 Poster frame, Black",2,8.09,UPS Ground Saver $8.09,Carrier re-rate after label $8.09
JRSYDC1824BLK,"Americanflat Kids Jersey Frame Display Case ¬ñ 18x24 Lockable Display Case with Hanger, Sports Jersey Frame Shadow Box for Baseball",9,8.06,FedEx (service not itemized) $8.06,Billed above label cost $8.06
LX2020BLK0810,Americanflat 20x20 Wedding Signature Picture Frame with Polished Plexiglass - Use as 8x10 Frame with Mat or 20x20 Frame Without Mat - Black,4,8.0,UPS Ground Saver $8.00,Carrier re-rate after label $8.00
LX0406WHT,Picture Frame | Slim Molding | Streamline Collection - 4x6 / White,3,7.99,UPS Ground Saver $7.73; FedEx (service not itemized) $0.26,Carrier re-rate after label $7.73; Billed above label cost $0.26
PS0507WHT465PK,Classic Gallery Picture Frame | Set of 5 | Galleria Collection | Includes Mat - 5X7 / White,3,7.99,USPS (service not itemized) $7.30; FedEx (service not itemized) $0.69,Billed above label cost $7.99
ODFBBB8511,Ornate Diploma Frame | Americanflat | No Mat | Shatter-Resistant Glass Display - Black & Bronze / 8.5x11,4,7.96,FedEx (service not itemized) $7.96,Billed above label cost $7.96
A108P1267SHOW7174,"Americanflat 71 x 74 Shower Curtain, Sea Turtles 1 by Suren Nersisyan",8,7.95,UPS Ground Saver $4.27; FedEx (service not itemized) $2.37; UPS (service not itemized) $1.31,Carrier re-rate after label $4.27; Billed above label cost $3.68
A281P023SHOW7174,"Americanflat 71 x 74 Shower Curtain, Rhythemics I by PI Creative Art",4,7.94,UPS Ground Saver $4.59; UPS (service not itemized) $3.35,Carrier re-rate after label $4.59; Billed above label cost $3.35
MP-PVC-PS-1620-BLACK-1216-2PK,Americanflat 2 Pack of 16x20 Frames with 12x16 Mat - Plexiglass Cover - Black,2,7.93,USPS Ground Advantage $7.93,Carrier re-rate after label $7.93
LX0820BLKNOMAT,Picture Frame | Slim Molding | Streamline Collection - 8x20 / Black,2,7.9,UPS Ground Saver $7.90,Carrier re-rate after label $7.90
PS1117BLK5PKNOMAT,"Set of 5 - Classic Gallery Picture Frame without Mat | Galleria Collection - 11"" x 17"" / Black",1,7.9,UPS Ground Saver $7.90,Carrier re-rate after label $7.90
LX1113BLKNOMAT,Americanflat 11x13 Picture Frame with Shatter-Resistant Glass - Thin Border Picture Frame for Wall Display - Hanging Hardware Included - Black,2,7.87,FedEx (service not itemized) $7.53; UPS Ground Saver $0.34,Billed above label cost $7.53; Carrier re-rate after label $0.34
PS1212BLK992PK,Americanflat 12x12 Picture Frame with Polished Plexiglass - Set of 2 - Use as 9x9 Frame with Mat or 12x12 Frame Without Mat - Black,3,7.82,UPS (service not itemized) $4.76; USPS Ground Advantage $3.06,Carrier re-rate after label $7.82
MP-PVC-LX-0406-BLACK-2PK,"Americanflat 4x6 Picture Frame - Modern Design, Shatter-Resistant Glass 2 Pack - Black",6,7.79,UPS Ground Saver $5.59; USPS Ground Advantage $2.20,Carrier re-rate after label $7.79
MP-PES-PILL-GREEN-2020-LINES001,Americanflat 20x20 Striped Pattern Throw Pillow with Premium Polyester - Green,2,7.74,USPS Ground Advantage $7.74,Carrier re-rate after label $7.74
LX0507BLKNOMAT,Americanflat 5x7 Picture Frame with Shatter-Resistant Glass - Streamline Collection - Thin Border Photo Frame for Wall and Tabletop Display - Black,10,7.74,UPS Ground Saver $4.92; FedEx (service not itemized) $2.05; UPS (service not itemized) $0.77,Carrier re-rate after label $4.92; Billed above label cost $2.82
OCFROP0406GLD,Memento Picture Frame - 4x6 / Gold / Rop,3,7.71,FedEx (service not itemized) $7.71,Billed above label cost $7.71
MW0812OAK,Americanflat 8x12 Picture Frame in Oak with Shatter Resistant Glass - Horizontal and Vertical Formats for Wall and Tabletop,5,7.71,UPS (service not itemized) $6.27; UPS Ground Saver $1.09; FedEx (service not itemized) $0.36,Carrier re-rate after label $7.36; Billed above label cost $0.36
A3LWOOD,"A-Sized Picture Frame (A2, A3, A4, A5) | A Frames Collection - A3 (11.7x16.5) / Lightwood / 1 Pack",2,7.69,USPS Ground Advantage $5.44; UPS (service not itemized) $2.25,Carrier re-rate after label $7.69
PS1114BLK5PKNOMAT,Americanflat 11x14 Picture Frame with Polished Plexiglass - Set of 5 - Galleria Collection - Picture Frames for Wall Display - Black - Modern,1,7.68,UPS Ground Saver $7.68,Carrier re-rate after label $7.68
PS8511WH5PK,"Americanflat 8.5x11 Picture Frame in White - Set of 5 Frames - Displays 8.5X11"" Certificates or Documents",1,7.68,USPS (service not itemized) $7.68,Carrier re-rate after label $7.68
MP-MDF-MW-0824-BLACK-46-5OP,Americanflat 8x24 Collage Picture Frame to Display 5 Photos at Once - Black,2,7.65,UPS (service not itemized) $7.65,Billed above label cost $7.65
MP-WPC-GSD-1114-BLACK,"Americanflat 11x14 Gallery-Style Picture Frame to Secure Artwork, Prints, and Photos - Black",5,7.64,USPS Ground Advantage $7.59; FedEx (service not itemized) $0.05,Carrier re-rate after label $7.59; Billed above label cost $0.05
KAF8511PRICOL4PK,Americanflat Kids Art Frame | Holds 100 Photos | Modern - Premium Quality - Multi-color / 4 pack,3,7.62,FedEx (service not itemized) $7.62,Billed above label cost $7.62
MW1117PNICKEL,"Americanflat 11x17 Silver Picture Frame, Legal Sized Paper Display. Shatter-Resistant Glass. Hanging Hardware Included",2,7.62,FedEx (service not itemized) $7.14; UPS Ground Saver $0.48,Billed above label cost $7.14; Carrier re-rate after label $0.48
PS0507BLK5PKNOMAT,Galleria Unmatted Picture Frame - 5x7 / Black / 5 Pack,2,7.61,FedEx (service not itemized) $6.82; UPS Ground Saver $0.79,Billed above label cost $6.82; Carrier re-rate after label $0.79
PS912BK5PK,Americanflat 9x12 Picture Frame in Black - Set of 5 Frames - Displays 6x8 With Mat and 9x12 Without Mat,2,7.58,UPS (service not itemized) $7.18; FedEx (service not itemized) $0.40,Carrier re-rate after label $7.18; Billed above label cost $0.40
MW0911BLKNOMAT,Signature Unmatted Picture Frame - Black / 9x11,2,7.57,USPS Ground Advantage $7.57,Carrier re-rate after label $7.57
FFM12515BLKMAG,Americanflat 12.5x15 Magazine Frame with Shatter-Resistant Glass - Magazine Display with Engineered Wood - Signature Float Collection - Black,1,7.56,UPS (service not itemized) $7.56,Carrier re-rate after label $7.56
VF0810GLD57,Heirloom Picture Frame - 8x10 / Golden / Vintage frame,7,7.56,FedEx (service not itemized) $7.56,Billed above label cost $7.56
MP-MDF-0406-BLACK-2PK,4x6 Picture Frame with Easel Stand - Composite Wood with Glass Cover (2 Pack),4,7.54,UPS Ground Saver $7.54,Carrier re-rate after label $7.54
GSK0606BLK12PK,Americanflat 6x6 Picture Frame with Polished Plexiglass - Set of 12 - Signature Collection - Picture Frames with Engineered Wood -Black,1,7.54,USPS Ground Advantage $7.54,Carrier re-rate after label $7.54
MP-PVC-LX-0810-BLACK,"Americanflat 8x10 Picture Frame - Modern Design, Shatter-Resistant Glass, PVC Frame - Black",1,7.52,USPS Ground Advantage $7.52,Carrier re-rate after label $7.52
MP-PES-SHOW-7174-BLUEOMBRE,Americanflat 71x74 Ombre Blue Shower Curtain - Water Resistant - Polyester Fabric,5,7.5,UPS Ground Saver $7.50,Carrier re-rate after label $7.50
LX1624WHT812,Americanflat 16x24 Poster Frame with Polished Plexiglass - Use as 8x12 Frame with Mat or Display 16x24 Photo Without Mat - Streamline Collection,1,7.5,USPS Ground Advantage $7.50,Carrier re-rate after label $7.50
SBD8511BLK,Shadow Box Keepsake Frame with Door | Silhouette Collection - 8.5x11 / Black,3,7.47,UPS Ground Saver $6.46; FedEx (service not itemized) $1.01,Carrier re-rate after label $6.46; Billed above label cost $1.01
MW1414PBRASS,Signature Matted Picture Frame - 14x14 / Gold / 1 Pack,1,7.46,FedEx (service not itemized) $7.46,Billed above label cost $7.46
MW1113BK0810,Americanflat Picture Frame in Black Wood with Lead Free Shatter Resistant Glass - Wall Mounted - 11 x 13 - Americanflat,4,7.45,UPS Ground Saver $4.04; USPS Ground Advantage $3.00; FedEx (service not itemized) $0.41,Carrier re-rate after label $7.04; Billed above label cost $0.41
313769999081898021,Americanflat Floating Aluminum Picture Frame - Sleek Aluminum Photo Frame for Wall Display - Black Metal Molded Frame - Shatter Resistant Glass - Hanging Hardware,2,7.45,UPS Ground Saver $7.45,Billed above label cost $4.88; Carrier re-rate after label $2.57
MP-PES-SHOW-A393P032-7174,71x74 Orange Boho Shower Curtain - 100% Polyester - Water-Resistant Bath Curtain,3,7.44,UPS Ground Saver $7.44,Carrier re-rate after label $7.44
MW0507BKNOMAT,Signature Unmatted Picture Frame - Black / 5x7 / 1 Pack,4,7.38,UPS Ground Saver $5.15; FedEx (service not itemized) $2.23,Carrier re-rate after label $5.15; Billed above label cost $2.23
CF1414BLK646,Americanflat 14x14 Collage Picture Frame with Polished Plexiglass - Fits Six 4x6 Photos or One 14x14 Photo - Gallery Wall Frame Set - Black,2,7.38,UPS (service not itemized) $6.23; UPS Ground Saver $1.15,Carrier re-rate after label $7.38
MP-ALU-AL-1114-BLACK-810,"Americanflat Aluminum 11"" x 14"" Picture Frame - Black",1,7.35,UPS (service not itemized) $7.35,Carrier re-rate after label $7.35
MW0406PBRASS3HINGE,Signature Hinged Picture Frame - 4x6 / Gold / Triple fold,2,7.34,FedEx (service not itemized) $7.34,Billed above label cost $7.34
PS810MA5PK,Americanflat 8x10 Picture Frame in Mahogany - Displays 5x7 With Mat and 8x10 Without Mat - Set of 5 Frames,4,7.33,FedEx (service not itemized) $6.99; UPS Ground Saver $0.34,Billed above label cost $6.99; Carrier re-rate after label $0.34
MP-MDF-MW-1114-WHITE-57,Americanflat 11x14 Picture Frame with 5x7 Mat Opening for Weddings Baby Showers and More - White,1,7.33,UPS Ground Saver $7.33,Carrier re-rate after label $7.33
WB1620BLK1114,Epic Matted Poster Frame - 16x20 / Black / 11x14,5,7.32,FedEx (service not itemized) $7.32,Billed above label cost $7.32
WMW1114PBRASS810,Americanflat 11x14 Picture Frame with Shatter-Resistant Glass - Use as 8x10 Frame with Mat or 11x14 Frame Without Mat - Hudson Collection - Gold,3,7.32,UPS Ground Saver $7.10; FedEx (service not itemized) $0.22,Carrier re-rate after label $7.10; Billed above label cost $0.22
WB0406DFWH3OP,Americanflat Collage Picture Frame in with Three Displays Textured Wood and Polished Glass for Wall and Tabletop - White 4 x 6,2,7.32,UPS Ground Saver $7.32,Carrier re-rate after label $7.32
MP-PVC-LX-1114-BLACK-810,"Americanflat 11x14 Picture Frame with Mat for 8x10 - Modern Design, Shatter-Resistant Glass, PVC Frame - Black",2,7.31,USPS Ground Advantage $7.11; FedEx (service not itemized) $0.20,Carrier re-rate after label $7.11; Billed above label cost $0.20
WMW1218MAH1117,Oversized Gallery Picture Frame with Mat | Hudson Collection - 12x18 / Mahogany / 11x17,1,7.29,FedEx (service not itemized) $7.29,Billed above label cost $7.29
BJ3040BXHRTPNK,Americanflat 30x40 Jacquard Kids Fleece Throw Blanket - Pink Heart Polyester Fleece,2,7.29,FedEx (service not itemized) $7.29,Billed above label cost $7.29
LX1217BLKNOMAT,Streamline Picture Frame - 12x17 / Black / 1 Pack,1,7.28,UPS Ground Saver $7.28,Billed above label cost $7.28
A281P191SHOW7174,"Americanflat 71 x 74 Shower Curtain, Somber by PI Creative Art",4,7.28,UPS (service not itemized) $6.60; UPS Ground Saver $0.37; FedEx (service not itemized) $0.31,Carrier re-rate after label $6.64; Billed above label cost $0.64
LX1515BLK1212,Picture Frame | Includes Mat | Slim Molding | Streamline Collection - 15x15 with 12x12 Mat / Black / 1 Pack,3,7.25,FedEx (service not itemized) $4.68; UPS Ground Saver $2.57,Billed above label cost $4.68; Carrier re-rate after label $2.57
A281P247SHOW7174,"Americanflat 71 x 74 Shower Curtain, Misty Meadow II by PI Creative Art",3,7.24,UPS (service not itemized) $6.27; UPS Ground Saver $0.97,Carrier re-rate after label $7.24
MW1010BLK88,Americanflat 10x10 Picture Frame with Shatter-Resistant Glass - Use as 8x8 Frame with Mat or 10x10 Frame Without Mat - Signature Collection - Black,3,7.23,USPS Ground Advantage $6.88; FedEx (service not itemized) $0.35,Carrier re-rate after label $6.88; Billed above label cost $0.35
329325756070658078,"Americanflat 11x14 (1), 8x10 (2), 5x7 (4) Gallery Wall Frame Set - Set of 7 - Collage Wall Art Decor - Shatter Resistant Glass - Adjustable Hanging Hardware - Includes Easels",4,7.21,FedEx (service not itemized) $7.21,Billed above label cost $7.21
KAFTT8511BLK,Americanflat 10x12.5 Kids Art Frame - Hold 100 Artworks - Use as 8.5x11 Picture Frame with Mat - My Mini Masterpiece - Built-in Easel Included - Black,8,7.21,FedEx (service not itemized) $7.21,Billed above label cost $7.21
MPCANFA302P016202SET,Americanflat 16x20 Canvas Wall Art Featuring Bold Black Brushstroke Shapes - Cream Background - Set of 2 - Abstract Wall Art,1,7.19,UPS Ground Saver $7.19,Carrier re-rate after label $7.19
SB8511WALNUT,Silhouette Keepsake Shadow Box - 8.5x11 / Walnut,1,7.16,FedEx (service not itemized) $7.16,Billed above label cost $7.16
MW1111BK,Americanflat Picture Frame | Includes Mat | Classic Molding | Signature Collection - 11x11 / Black,4,7.15,UPS Ground Saver $6.33; FedEx (service not itemized) $0.82,Carrier re-rate after label $6.33; Billed above label cost $0.82
MP-MDF-WMW-1117-WHITE-812,Americanflat 11x17 Wide Molding Picture Frame - White,2,7.13,UPS Ground Saver $7.13,Carrier re-rate after label $7.13
KAF8511PBRASS2PK,Americanflat 10x12.5 Kids Artwork Picture Frame in Gold- Displays 8.5x11 With Mat and 10x12.5 Without Mat -  2 Pack,1,7.13,UPS Ground Saver $7.13,Carrier re-rate after label $7.13
329325670171312142,Americanflat 10x12.5 Kids Art Frame - Set of 2 - 8.5x11 with Mat or 10x12.5 without Mat - Kids Artwork Frame - Magnetic Frame Closure - Shatter Resistant Glass - Hanging Hardware,1,7.13,UPS Ground Saver $7.13,Carrier re-rate after label $7.13
A4PBRASS,A-Size Picture Frame - A4 (8.3x11.7) / Gold / 1 Pack,1,7.12,UPS Ground Saver $7.12,Carrier re-rate after label $7.12
WMW1117PBRASS812,Americanflat 11x17 Picture Frame Shatter-Resistant Glass with Removable Mat - Home Gallery Wall Decor for Photos and Art Signature Collection - Gold,1,7.12,UPS Ground Saver $7.12,Carrier re-rate after label $7.12
MP-MDF-WMW-0808-NAOAK-44,Americanflat 8x8 Wide Molding Picture Frame - Natural Oak,1,7.12,UPS Ground Saver $7.12,Carrier re-rate after label $7.12
MP-PVC-PS-1218-NAOAK-1117-5PK,Americanflat 5 Pack of 12x18 Frames with 11x17 Mat - Plexiglass Cover - Natural Oak,7,7.1,UPS Ground Saver $5.51; FedEx (service not itemized) $1.59,Carrier re-rate after label $5.51; Billed above label cost $1.59
PILL2020CREAMLINE001,"Americanflat 20x20 Decorative Throw Pillow with Sewn-in Insert - Soft Square All-in-One Cushion for Sofa, Couch or Bed - Cream and White",1,7.09,FedEx (service not itemized) $7.09,Billed above label cost $7.09
MP-MDF-FFM-1526-BLACK,15x26 Floating Newspaper Frame | Brooklyn Float Collection,2,7.07,UPS Ground Saver $7.07,Carrier re-rate after label $7.07
LX0608BLK35,Picture Frame | Includes Mat | Slim Molding | Streamline Collection - 6x8 with 3x5 Mat / Black / 1 Pack,7,7.05,UPS Ground Saver $5.90; FedEx (service not itemized) $1.15,Carrier re-rate after label $5.90; Billed above label cost $1.15
MPIRONWESL30,"Americanflat 30"" Picture Frame Stand - Wall Mounted Frame Stand - Artwork and Photo Easel with Adaptive Clamps for Different Frame Profiles - Black",7,7.03,FedEx (service not itemized) $7.03,Billed above label cost $7.03
VF1114GLD810,Americanflat 11x14 Picture Frame Shatter-Resistant Glass with Removable Mat - Home Gallery Wall Decor for Photos and Art Signature Collection - Gold,3,7.0,FedEx (service not itemized) $7.00,Billed above label cost $7.00
KAF8511LWOOD,Americanflat Kids Art Frame | Holds 100 Photos | Modern - Premium Quality - Light Wood / 1 pack,3,6.99,UPS Ground Saver $6.99,Carrier re-rate after label $6.99
MP-FE-PHFR-18ESMALL,Americanflat Easel Stand - Adjustable Frame Stand - Black,8,6.98,FedEx (service not itemized) $6.98,Billed above label cost $6.98
PS0608BLK5PKNOMAT,"Set of 5 - Classic Gallery Picture Frame without Mat | Galleria Collection - 6"" x 8"" / Black",1,6.97,UPS (service not itemized) $6.97,Carrier re-rate after label $6.97
MP-SB-WED-1216-BLACK-46,Americanflat 12x16 Wedding Guest Book Alternative with 80 Heart Tokens - Fits One 4x6 Photo - Black,1,6.97,UPS (service not itemized) $6.97,Carrier re-rate after label $6.97
HGMW0810BK,Americanflat Hinged Picture Frame with Two Displays in Shatter Resistant Glass for Tabletop - Black 8x10,7,6.97,UPS Ground Saver $2.76; UPS (service not itemized) $2.25; USPS Ground Advantage $1.96,Carrier re-rate after label $6.97
MW1232BLKNOMAT,Signature Unmatted Picture Frame - Black / 12x32 / 1 Pack,2,6.96,UPS Ground Saver $6.96,Carrier re-rate after label $6.96
MP-MDF-GSK-0507-BLACK-6PK,Americanflat 5x7 Picture Frame Set to Enhance Wall Decor - Black - 6 Pack,5,6.95,UPS Ground Saver $6.95,Carrier re-rate after label $6.95
PS1117NAOAK9155PK,Galleria Matted Picture Frame - 11x17 / Natural Oak / 5 Pack,1,6.95,UPS Ground Saver $6.95,Carrier re-rate after label $6.95
MP-MDF-1216-WHITE-812,Americanflat Picture Frame with Mat - Wood with Glass Cover,2,6.92,UPS Ground Saver $6.92,Carrier re-rate after label $6.92
MP-PVC-PS-0812-BLACK-5PK,Americanflat 5 Pack of 8x12 Frames - Plexiglass Cover - Black,4,6.91,USPS Ground Advantage $3.49; UPS Ground Saver $3.25; FedEx (service not itemized) $0.16,Carrier re-rate after label $3.49; Billed above label cost $3.42
MP-PVC-PS-1319-WHITE-1117-2PK,Americanflat 2 Pack of 13x19 Frames with 11x17 Mat - Plexiglass Cover - White,1,6.91,USPS Ground Advantage $6.91,Carrier re-rate after label $6.91
MP-ABS-SIF-1624-BLACK-3PK,Americanflat 3 Pack Lightweight 16x24 Poster Frames - Black,3,6.9,UPS (service not itemized) $6.76; FedEx (service not itemized) $0.14,Carrier re-rate after label $4.76; Billed above label cost $2.15
MK-PD6-46X2-WALNUT,Signature Hinged Picture Frame - 4x6 / Walnut / Doube fold,1,6.89,FedEx (service not itemized) $6.89,Billed above label cost $6.89
WMW2028PBRASS1624,Oversized Gallery Picture Frame with Mat | Hudson Collection - 20x28 / Gold / 16x24,3,6.88,FedEx (service not itemized) $6.88,Carrier re-rate after label $5.15; Billed above label cost $1.73
MPCANGWA281P16816162SET,"Americanflat 16x16 Canvas Wall Art Featuring White Sailboats - Set of 2 - Gallery Wrap - Beige, Blue and Grey - Seascape Coastal Wall Art",1,6.87,UPS Ground Saver $6.87,Carrier re-rate after label $6.87
SIF1824BLK,Snap-In Poster Frame Without Mat - Americanflat - 18x24 / Black,4,6.86,FedEx (service not itemized) $6.86,Billed above label cost $6.86
MW1117PBRASS,"Americanflat 11x17 Gold Picture Frame, Legal Sized Paper Display. Shatter-Resistant Glass. Hanging Hardware Included",1,6.82,UPS Ground Saver $6.82,Carrier re-rate after label $6.82
MP-MDF-KAF-10125-PINK-8511,Americanflat Kids Art Frame 10x12.5 inches with 8.5x11 inches Mat - Composite Wood And Glass - Holds 100 Artworks - Peachy Pink,1,6.82,UPS Ground Saver $6.82,Carrier re-rate after label $6.82
MP-PVC-PS-0810-GOLD-57-5PK,Americanflat 5 Pack of 8x10 Frames with 5x7 Mat - Plexiglass Cover - Gold,2,6.82,USPS Ground Advantage $6.82,Carrier re-rate after label $6.82
FLAGCASEWHT,Burial Flag Display Case | Memorial Frame for Veterans – Americanflat - Large / White,2,6.81,UPS Ground Saver $5.14; UPS (service not itemized) $1.67,Carrier re-rate after label $6.81
MP-MDF-KAF-8511-WHITE,Kids Drawing Frame inches with Mat - Composite Wood And Shatter-Resistant Glass - White,1,6.81,UPS (service not itemized) $6.81,Carrier re-rate after label $6.81
WMW1620NAOAK1114,Americanflat 16x20 Picture Frame with Polished Plexiglass - Use as 11x14 Frame with Mat or Display 16x20 Photo Without Mat - Natural Oak,6,6.8,FedEx (service not itemized) $6.80,Billed above label cost $6.80
A407P004SHOW7174,Americanflat 71x74 A Warm Day Shower Curtain - 100% Polyester Shower Curtain,2,6.75,UPS (service not itemized) $6.27; FedEx (service not itemized) $0.48,Carrier re-rate after label $6.27; Billed above label cost $0.48
A108P1044SHOW7174,Americanflat 71x74 Coastal Shower Curtain - Baby Sea Turtles by Suren Nersisyan,2,6.73,UPS (service not itemized) $6.73,Billed above label cost $6.73
A281P227PILL1818SP,"Americanflat 18x18 Decorative Throw Pillow with Sewn-in Insert - Soft Square All-in-One Cushion for Sofa, Couch or Bed - Sepia",1,6.72,FedEx (service not itemized) $6.72,Billed above label cost $6.72
ESLF6ACR,Acrylic Display Stand - 6-Inch / 1 Pack,4,6.69,FedEx (service not itemized) $6.69,Billed above label cost $6.69
MPCANGWA281P17082424,"Americanflat 24x24 Canvas Wall Art with Hand-Painted Accents - Gallery Wrap - Abstract Wall Art - Black, White, Grey, Beige and Cream",1,6.68,UPS Ground Saver $6.68,Carrier re-rate after label $6.68
MP-PVC-LX-1624-BLACK,Americanflat 16x24 Poster Frame - Perfect for Photos and Artwork - Black,1,6.68,USPS Ground Advantage $6.68,Carrier re-rate after label $6.68
LX0406BLK2PK,Americanflat 4x6 Picture Frame 2 Pack in Black with Polished Plexiglass - Thin Border 4 X 6 Inch Photo Frames for Wall or Desk,8,6.68,UPS Ground Saver $6.68,Carrier re-rate after label $6.68
A281P200SHOW7174,Americanflat Floral Shower Curtain - Transparent Beauty by PI Creative Art,2,6.65,UPS (service not itemized) $6.32; FedEx (service not itemized) $0.33,Carrier re-rate after label $6.32; Billed above label cost $0.33
MP-MDF-WB-1836-BLACK,"Americanflat Poster Frame 18""x36"" inches - Black Wooden Picture Frame with Plexiglass Cover",5,6.63,FedEx (service not itemized) $6.63,Billed above label cost $6.63
A281P327SHOW7174,"Americanflat 71 x 74 Shower Curtain, Amplified Iii by PI Creative Art",2,6.6,FedEx (service not itemized) $6.27; UPS (service not itemized) $0.33,Carrier re-rate after label $6.27; Billed above label cost $0.33
MW1122WALNUT,Signature Unmatted Picture Frame - Walnut / 11x22 / 1 Pack,1,6.59,USPS Ground Advantage $6.59,Carrier re-rate after label $6.59
MP-PES-SHOW-A413P088-7174,71x74 Abstract Leaf Shower Curtain - 100% Polyester - Water-Resistant Bath Curtain,2,6.59,UPS (service not itemized) $6.27; UPS Ground Saver $0.33,Carrier re-rate after label $6.59
LX1622BLKNOMAT,Americanflat 16x22 Picture Frame with Polished Plexiglass - - Thin Border Picture Frame for Wall Display - Hanging Hardware Included - Black,4,6.59,UPS Ground Saver $5.00; USPS Ground Advantage $1.59,Carrier re-rate after label $6.59
PS1215BLK9125PK,Americanflat 12x15 Picture Frame with Polished Plexiglass - Set of 5 - Use as 9x12 Frame with Mat or Display 12x15 Photo Without Mat - Galleria,8,6.58,FedEx (service not itemized) $6.58,Billed above label cost $6.58
SB1620BLK,Silhouette Keepsake Shadow Box - 16x20 / Black,2,6.54,USPS Ground Advantage $5.40; FedEx (service not itemized) $1.14,Carrier re-rate after label $5.40; Billed above label cost $1.14
332699241119744006,Americanflat 16x20 Front Loading Picture Frames - Set of 2 - 11x14 with Mat or 16x20 without Mat - Slim Photo Frame - Thin Border Photo Frame - Shatter Resistant Glass - Hanging Hardware - Black,2,6.53,UPS Ground Saver $6.53,Carrier re-rate after label $6.53
329325756070658084,"Americanflat 11x14 (1), 8x10 (2), 5x7 (4) Gallery Wall Frame Set - Set of 7 - Collage Wall Art Decor - Shatter Resistant Glass - Adjustable Hanging Hardware - Includes Easels",3,6.53,FedEx (service not itemized) $6.53,Billed above label cost $6.53
MP-PVC-PS-0507-BLACK-46-2PK,Americanflat 2 Pack of 5x7 Frames with 4x6 Mat - Plexiglass Cover - Black,2,6.51,USPS Ground Advantage $6.51,Carrier re-rate after label $6.51
A281P407SHOW7275SL,"Americanflat 72x75 Hookless Shower Curtain - Water-Resistant Floral Shower Curtain with Sheer Panel, Snap-In Liner, and Grommets - 100% Polyester",17,6.5,FedEx (service not itemized) $6.50,Billed above label cost $6.50
MP-MDF-WBDIST-0507-DBLACK-2OP,Americanflat Dual Rustic Photo Frame - 5x7 - Black,2,6.47,FedEx (service not itemized) $6.10; UPS Ground Saver $0.37,Carrier re-rate after label $6.47
OVF1114GLD810,Heirloom Picture Frame - 11x14 / Gold / Ornate vintage frame,5,6.46,FedEx (service not itemized) $6.46,Billed above label cost $6.46
MW1216WHTNOMAT,Signature Unmatted Picture Frame - White / 12x16 / 1 Pack,1,6.44,UPS Ground Saver $6.44,Carrier re-rate after label $6.44
AZ-PES-PILL-A281P227-1414,"Americanflat 14x14 Decorative Throw Pillow with Sewn-in Insert - Soft Square All-in-One Cushion for Sofa, Couch or Bed - White and Indigo",2,6.44,FedEx (service not itemized) $6.44,Billed above label cost $6.44
AZ-PES-PILL-A281P273-1616,"Americanflat 16x16 Decorative Throw Pillow with Sewn-in Insert - Soft Square All-in-One Cushion for Sofa, Couch or Bed - Blue and White",3,6.43,FedEx (service not itemized) $6.43,Billed above label cost $6.43
CFF1014BLK257,Americanflat 5x7 Double Picture Frame with Shatter-Resistant Glass - Fits Two 5x7 Photos or use as One 10x14 Picture Frame - Signature Collection,10,6.41,FedEx (service not itemized) $6.41,Billed above label cost $6.41
PS1319SLV11175PK,Galleria Matted Picture Frame - 13x19 / Silver / 5 Pack,1,6.39,UPS Ground Saver $6.39,Carrier re-rate after label $6.39
MP-MDF-CF-1414-WHITE-646,Americanflat 14x14 Collage Picture Frame - Fits Six 4x6 Photos or One 14x14 Photo - White,5,6.36,UPS Ground Saver $6.36,Carrier re-rate after label $6.36
MP-MDF-WBDIST-0406-DBLACK-3OP,Americanflat Tri-Photo Frame for Western Home Decor - 4x6 - Black,2,6.35,USPS Ground Advantage $6.35,Carrier re-rate after label $6.35
ALU1117BLK0812,Aluminum Picture Frame | Brooklyn Portrait Collection - 11x17 / Black,3,6.34,UPS Ground Saver $6.13; FedEx (service not itemized) $0.21,Carrier re-rate after label $6.13; Billed above label cost $0.21
517544058105413634,"Americanflat Floral Canvas Wall Art Featuring White Wildflowers with Hand-Painted Accents - Gallery Wrap - Green, Beige and Blue - Modern Wall Art",1,6.34,FedEx (service not itemized) $6.34,Billed above label cost $6.34
LX1820BLKNOMAT,Picture Frame | Slim Molding | Streamline Collection - 18x20 / Black,1,6.34,UPS Ground Saver $6.34,Carrier re-rate after label $6.34
298584717682704548,"Americanflat Snap-In Picture Frame in Black - Set of 3 - Poster Frame with Slimline Molding, Plexiglass Cover, and Hanging Hardware - Black",1,6.34,UPS Ground Saver $6.34,Carrier re-rate after label $6.34
MP-MDF-CF-1212-WHITE-446,Americanflat 12x12 Collage Picture Frame - Fits Four 4x6 Photos or One 12x12 Picture - White,1,6.32,USPS Ground Advantage $6.32,Carrier re-rate after label $6.32
LX1822BLKNOMAT,Streamline Picture Frame - 18x22 / Black / 1 Pack,1,6.31,USPS Ground Advantage $6.31,Carrier re-rate after label $6.31
MP-MDF-WBDIST-1218-DBLACK,Americanflat Rustic Picture Frame - Unique Farmhouse Look - 12x18 - Black,1,6.31,USPS Ground Advantage $6.31,Carrier re-rate after label $6.31
MP-MDF-WMW-0507-DISTWHITE-46,"Americanflat 5""x7"" Wide Molding Picture Frame - Distressed White",1,6.27,UPS (service not itemized) $6.27,Carrier re-rate after label $6.27
MP-PVC-PS-1216-WHITE-912-2PK,Americanflat 2 Pack of 12x16 Frames with 9x12 Mat - Plexiglass Cover - White,3,6.26,USPS Ground Advantage $6.26,Carrier re-rate after label $6.26
AZ-PES-RPIL-A281P172-2014,Americanflat 20x14 Throw Pillow with Sewn-In Insert - All-In-One Decorative Pillows - No Cover Needed - Soft and Durable Cushion for Bed or Sofa,1,6.23,FedEx (service not itemized) $6.23,Billed above label cost $6.23
PS1218MAH11172PK,Galleria Matted Picture Frame - 12x18 with 11x17 mat / Mahogany / 2 Pack,1,6.23,FedEx (service not itemized) $6.23,Billed above label cost $6.23
MP-MDF-CF-1826-WHITE-16OP,Americanflat 18x26 Collage Picture Frame - Use as Sixteen 4x6 Picture Frame Openings or One 18x26 Photo Frame Made of Engineered Wood - White,1,6.2,FedEx (service not itemized) $6.20,Billed above label cost $6.20
GRAD1118BK,Americanflat 11x18 Diploma Frame with Shatter-Resistant Glass - Fits 8.5x11 Diplomas and 5x7 Pictures - Signature Collection,2,6.19,FedEx (service not itemized) $5.65; UPS Ground Saver $0.54,Billed above label cost $5.65; Carrier re-rate after label $0.54
381758859065458698,Americanflat 14x18 Pin Display Case with Polished Plexiglass - Black,1,6.19,UPS (service not itemized) $6.19,Billed above label cost $6.19
WMW1114NAOAK810,Americanflat 11x14 Picture Frame with Shatter-Resistant Glass - Use as 8x10 with Mat or 11x14 Without Mat - Hudson Collection  - Natural Oak,4,6.18,UPS (service not itemized) $3.20; USPS Ground Advantage $2.24; FedEx (service not itemized) $0.55; UPS Ground Saver $0.19,Billed above label cost $3.75; Carrier re-rate after label $2.43
SB1216BLK,Silhouette Keepsake Shadow Box - 12x16 / Black,3,6.17,USPS Ground Advantage $5.14; FedEx (service not itemized) $1.03,Carrier re-rate after label $5.14; Billed above label cost $1.03
LX2424SLV1114,Thin Border Picture Frame | Shatter-Resistant Plexiglass | Wall Art Display - 24x24 / Silver / 11x14,2,6.14,UPS Ground Saver $6.14,Carrier re-rate after label $6.14
CANFF1620COAK,Americanflat 16x20 Canvas Floating Frame with Adhesive Strips - Vertical and Horizontal Hanging Wall Frame for Gallery Artwork - Oak,16,6.12,FedEx (service not itemized) $6.12,Billed above label cost $6.12
CF1218BLK2810,"Americanflat 12x18 Collage Picture Frame with Shatter-Resistant Glass, Fits Two 8x10 Photos or One 12x18 Picture, Signature Collection ? Black",7,6.11,UPS Ground Saver $2.94; FedEx (service not itemized) $2.58; USPS Ground Advantage $0.59,Carrier re-rate after label $3.53; Billed above label cost $2.58
A281P225SHOW7174,"Americanflat 71 x 74 Shower Curtain, Indigo Version Finesse I Indigo Version by PI Creative Art",1,6.1,UPS Ground Saver $6.10,Carrier re-rate after label $6.10
PIN1585BLK,"Americanflat 15x8.5 Pin Display Case - Ideal for Enamel Pins, Medals, Jewelry, Memorabilia - Silhouette Collection - Black Pin Collection Display",9,6.09,FedEx (service not itemized) $6.09,Billed above label cost $6.09
332699206760005638,Americanflat 11x14 Collage Picture Frame - Displays (5) 4x6 Photos with Mat or (1) 11x14 Photo without Mat - Wall Gallery Decor - Shatter Resistant Glass - Hanging Hardware - White,2,6.07,USPS Ground Advantage $3.25; FedEx (service not itemized) $2.82,Carrier re-rate after label $3.25; Billed above label cost $2.82
343126403058761784,Americanflat 2 Pack of Picture Frames with Mat - Plexiglass Cover,2,6.05,USPS Ground Advantage $6.05,Carrier re-rate after label $6.05
PFF1114GLD810,Veranda Picture Frame | Fillet Accent | Mat Included | Shatter-Resistant - Americanflat - 11x14 / Gold,5,6.05,FedEx (service not itemized) $6.05,Billed above label cost $6.05
MP-WPC-GSD-1010-BLACK-88,"Americanflat 10x10 Gallery-Style Picture Frame with Mat to Secure Artwork, Prints, and Photos - Black",1,6.03,USPS Ground Advantage $6.03,Carrier re-rate after label $6.03
BJ5060BXCHKDBLU,Americanflat 50x60 Jacquard Fleece Throw Blanket - Dark Blue Checkered Polyester Fleece,1,6.03,FedEx (service not itemized) $6.03,Billed above label cost $6.03
MK-PD3-810-LWOOD,Americanflat 8x10 Picture Frame in Light Wood - Displays 5x7 With Mat and 8x10 Without Mat - Composite Wood with Shatter Resistant Glass  and Tabletop,2,6.01,USPS Ground Advantage $6.01,Carrier re-rate after label $6.01
PS1114WH5PK,Galleria Matted Picture Frame - 11x14 / White / 5 Pack,4,6.0,USPS (service not itemized) $3.65; FedEx (service not itemized) $2.35,Billed above label cost $6.00
CF1420BLK946,"Americanflat 14x20 Collage Picture Frame with Polished Plexiglass, Fits Nine 4x6 Photos or One 14x20 Photo, Signature Collection ? Black",3,6.0,UPS Ground Saver $6.00,Carrier re-rate after label $6.00
MPCANGWA281P17171530,Americanflat Wildflowers Floral Canvas Wall Art Pink and Blush 15x30 Inch,1,6.0,UPS Ground Saver $6.00,Carrier re-rate after label $6.00
LX0507SLV,Americanflat Thin Picture Frame in Silver with Shatter Resistant Glass Horizontal and Vertical Formats for Wall and Tabletop - 5 x 7,1,6.0,UPS Ground Saver $6.00,Carrier re-rate after label $6.00
WB2228PNICKEL,Americanflat 22x28 Poster Frame in Silver with Polished Plexiglass - Horizontal and Vertical Formats with Included Hanging Hardware,1,6.0,UPS Ground Saver $6.00,Carrier re-rate after label $6.00
517544040925544462,"Americanflat Canvas Wall Art Featuring Beige, Blue, Green, Purple and White Tones - Gallery Wrap - Landscape Wall Art",1,6.0,UPS Ground Saver $6.00,Carrier re-rate after label $6.00
355375355141996564,"Americanflat 12x28 Collage Picture Frame - Fits One 8x10 Photo, Two 4x6 Photos, and Two 5x7 Photos or One 12x28 Photo",1,6.0,UPS Ground Saver $6.00,Carrier re-rate after label $6.00
343124438380904514,Americanflat Poster Frame - Perfect Frame for Photos and Artwork - Large Picture Frame - Polished Plexiglass - Hanging Hardware with Horizontal and Vertical Display,1,6.0,UPS Ground Saver $6.00,Carrier re-rate after label $6.00
MPCANFA281P17232436,Americanflat Nature-Inspired Canvas Wall Art with Gold Foil - 24x36,1,6.0,UPS Ground Saver $6.00,Carrier re-rate after label $6.00
340170812724084749,Americanflat Gallery Poster Frame - Wooden Picture Frame for Wall Art - Plexiglass Cover - Hanging Hardware for Horizontal or Vertical Display,1,6.0,UPS Ground Saver $6.00,Carrier re-rate after label $6.00
355375355141996562,"Americanflat 12x28 Collage Picture Frame - Fits One 8x10 Photo, Two 4x6 Photos, and Two 5x7 Photos or One 12x28 Photo",1,6.0,UPS Ground Saver $6.00,Carrier re-rate after label $6.00
329325489782685734,Americanflat Picture Frame with Wide Molding with Mat - Modern Wide Picture Frame - Plexiglass Cover - Hanging Hardware - Includes Easel,1,6.0,UPS (service not itemized) $6.00,Billed above label cost $6.00
LX0203BLKNOMAT,Americanflat 2x3 Picture Frame with Polished Crystal-Clear Glass - Streamline - Thin Border Photo Frame - Easel Stand Included - Black,4,5.98,FedEx (service not itemized) $5.98,Billed above label cost $5.98
FLAGCASEBWOODSMALL2,Americanflat Flag Case for Veterans - Fits a Folded 3' x 5' American Military Flag - Triangle Display with Polished Plexiglass (Barn Wood),2,5.98,UPS Ground Saver $5.98,Carrier re-rate after label $5.98
CFF0917BLK346,Americanflat 4x6 Collage Picture Frame - Fits Three 4x6 Photos or use as One 9x17 Frame -- Collage Frames with Floating Effect - Black,1,5.95,UPS Ground Saver $5.95,Carrier re-rate after label $5.95
A281P332SHOW7174,"Americanflat Abstract Shower Curtain by PI Creative Art, 71"" x 74""",9,5.9,FedEx (service not itemized) $5.90,Billed above label cost $5.90
A313P003SHOW7174,"Americanflat 71 x 74 Shower Curtain, Abstract Navy Gold by Lisa Nohren",1,5.9,UPS (service not itemized) $5.90,Billed above label cost $5.90
MP-PVC-LX-0912-WHITE,"Americanflat 9x12 Picture Frame - Modern Design, Shatter-Resistant Glass, PVC Frame - White",4,5.9,USPS Ground Advantage $5.90,Carrier re-rate after label $5.90
MP-PS-PFF-1620-SILVER-1114,Americanflat 16x20 Picture Frame with Decorative Inner Mat Accent - Displays 11x14 Photos with Mat or 16x20 Without - Silver,1,5.88,UPS (service not itemized) $5.88,Billed above label cost $5.88
MP-MDF-MF-0510-WALNUT,Americanflat 5x10 Business License Frame - Use as 3.5x8 Frame with Mat,1,5.86,USPS (service not itemized) $5.86,Carrier re-rate after label $5.86
405107760841949224,Americanflat Gallery Picture Frame - Set of 2 - Photo Frame for Wall Decor - Shatter Resistant Glass - Adjustable Hanging Hardware - Includes Easel for Tabletop Display - Black,1,5.84,USPS Ground Advantage $5.84,Carrier re-rate after label $5.84
MP-PES-SHOW-7275-WHITE-WAF-SL,"Americanflat 72x75 White Hookless Waffle Pattern Shower Curtain - Water-Resistant Long Shower Curtain with Sheer Panel, Snap-In Liner, and Grommets",6,5.79,UPS Ground Saver $5.79,Carrier re-rate after label $5.79
MP-LX-1418-BLACK-57,Americanflat 5x7 Picture Frame With Oversized Mat 14x18 Frame - Shatter-Resistant Glass Front Cover - Black,3,5.79,FedEx (service not itemized) $3.40; USPS Ground Advantage $2.38,Carrier re-rate after label $5.79
LX2424WHT1212,Thin Border Picture Frame | Shatter-Resistant Plexiglass | Wall Art Display - 24x24 / White / 12x12,2,5.73,FedEx (service not itemized) $5.73,Billed above label cost $5.73
BSOL5060BRW,Americanflat 50x60 Fleece Throw Blanket - Brown Polyester Fleece,6,5.73,FedEx (service not itemized) $5.73,Billed above label cost $5.73
355375011544612915,Americanflat 12x12 Collage Picture Frame - Fits Four 4x6 Photos or One 12x12 Picture,1,5.71,UPS Ground Saver $5.71,Carrier re-rate after label $5.71
332699095090855951,Americanflat 8x20 Collage Picture Frame - Displays Four 4x6 Photos at Once - Family Photo Collage Frame - Shatter Resistant Glass - Hanging Hardware for Horizontal or Vertical Display - Black,1,5.71,UPS Ground Saver $5.71,Carrier re-rate after label $5.71
BJ3040BXCHKGRAY,Americanflat 30x40 Jacquard Kids Fleece Throw Blanket - Gray Checkered Polyester Fleece,8,5.69,FedEx (service not itemized) $5.69,Billed above label cost $5.69
MW8511PBRASS,Americanflat 8.5x11 Diploma Frame in Gold with Shatter Resistant Glass - Horizontal and Vertical Formats for Wall and Tabletop,3,5.68,UPS Ground Saver $4.11; USPS Ground Advantage $1.57,Carrier re-rate after label $5.68
MP-PVC-LX-2128-BLACK,Americanflat 21x28 Poster Frame - Perfect for Photos and Artwork - Black,2,5.67,USPS Ground Advantage $5.67,Carrier re-rate after label $5.67
MP-MDF-HG-0810-WHITE,Americanflat 8x10 Hinged Picture Frame for 2 Photos - White,1,5.67,UPS Ground Saver $5.67,Carrier re-rate after label $5.67
MP-MDF-MW-1114-WHITE-57-2OP,Americanflat 11x14 Collage Picture Frame to Display 2 5x7 Photos at Once - White,1,5.67,UPS Ground Saver $5.67,Carrier re-rate after label $5.67
MP-WOVEN-SHOW-7171-PINK,Americanflat 71x71 Woven Linen Pink Shower Curtain with Tassel Accents - Includes 12 Grommets and Hooks - 100% Polyester,1,5.65,UPS (service not itemized) $5.65,Billed above label cost $5.65
MW1319PNICKEL,Americanflat 13x19 Picture Frame in Silver - Composite Wood with Shatter Resistant Glass,4,5.62,UPS Ground Saver $4.34; FedEx (service not itemized) $1.28,Carrier re-rate after label $4.34; Billed above label cost $1.28
LX0606BLK,Americanflat 6x6 Picture Frame with Shatter-Resistant Glass - Use as 4x4 Frame with Mat or 6x6 Frame Without Mat - Streamline Collection - Black,6,5.62,UPS Ground Saver $3.82; USPS Ground Advantage $1.59; FedEx (service not itemized) $0.20,Carrier re-rate after label $5.41; Billed above label cost $0.20
LX0507GREY,Americanflat 5x7 Picture Frame in Grey - Thin Border Frame Displays 4x6 With Mat and 5x7 Without Mat - Horizontal and Vertical Formats,2,5.6,UPS (service not itemized) $5.60,Carrier re-rate after label $4.62; Billed above label cost $0.98
MP-WPC-GSD-1824-WHITE,"Americanflat 18x24 Gallery-Style Picture Frame to Secure Artwork, Prints, and Photos - White",2,5.59,UPS Ground Saver $5.59,Carrier re-rate after label $5.59
MP-PES-SHOW-A281P066-7174,71x74 Blue Floral Shower Curtain - 100% Polyester - Water-Resistant Bath Curtain,3,5.56,UPS Ground Saver $5.56,Carrier re-rate after label $5.56
MP-MDF-WBDIST-0810-DBLACK,Americanflat Rustic Picture Frame - Unique Farmhouse Look - 8x10 - Charcoal Black,1,5.56,UPS Ground Saver $5.56,Carrier re-rate after label $5.56
MP-WPC-GSD-0507-BLACK-46,Picture Frame | Gallery Style | With Mat | Protective Glass | Wall Art Display - 5x7 / Black,1,5.55,USPS Ground Advantage $5.55,Carrier re-rate after label $5.55
LX0810WHT,Streamline Matted Picture Frame - 8x10 with 5x7 Mat / White / 1 Pack,1,5.55,UPS Ground Saver $5.55,Carrier re-rate after label $5.55
OCFHGBV0406BLK,"Americanflat Hinged 4x6 Picture Frame with Wide, Beveled Molding and Shatter-Resistant Glass - Modern Frame Two 4x6 Photos - Black",2,5.51,FedEx (service not itemized) $5.51,Billed above label cost $5.51
MP-METAL-BAM-0507-SILVER,"Americanflat 5""x7"" Picture Frame with Bamboo-Style Molding and Shatter-Resistant Glass - Gallery Style Frames for Tabletop or Wall Display - Silver",4,5.49,USPS Ground Advantage $2.29; UPS (service not itemized) $2.24; UPS Ground Saver $0.90; FedEx (service not itemized) $0.05,Billed above label cost $4.59; Carrier re-rate after label $0.90
MP-PES-SHOW-GEO2-7275-GRAY-SL,"Americanflat 72x75 Hookless Shower Curtain - Gray Plaid Shower Curtain with Sheer Panel, Snap-In Liner, and Grommets - 100% Polyester",5,5.48,UPS Ground Saver $5.48,Carrier re-rate after label $5.48
CPT5060CCLOUDGREY,Americanflat Omala Throw Blanket in Cloud Grey and White Mini Diamond - 100% Cotton with Fringe - 50 x 60,1,5.48,UPS Ground Saver $5.48,Carrier re-rate after label $5.48
MW0917BLKNOMAT,Picture Frame | Classic Molding | Signature Collection - Americanflat - Black / 9x17,1,5.48,UPS Ground Saver $5.48,Carrier re-rate after label $5.48
OVF0406SLV,Americanflat 4x6 Picture Frame with Shatter-Resistant Glass - Vintage Frames with Easel - Ornate Picture Frames for Wall and Tabletop Display Silver,3,5.48,FedEx (service not itemized) $5.48,Billed above label cost $5.48
MW8511BKC,Americanflat 8.5x11 Diploma Frame with Shatter-Resistant Glass - Document Frame with Engineered Wood - Legacy Collection - Black,2,5.48,UPS (service not itemized) $4.87; UPS Ground Saver $0.61,Carrier re-rate after label $5.48
MP-METAL-HG-BV-0507-SILVER,"Americanflat Hinged 5""x7"" Picture Frame with Wide, Beveled Molding and Shatter-Resistant Glass-Metal Picture Frame Displays Two 5""x7"" Photos - Silver",5,5.46,UPS Ground Saver $3.15; USPS Ground Advantage $2.20; FedEx (service not itemized) $0.10; UPS (service not itemized) $0.01,Carrier re-rate after label $5.35; Billed above label cost $0.11
MP-PVC-LX-0912-BLACK,"Americanflat 9x12 Picture Frame - Modern Design, Shatter-Resistant Glass, PVC Frame - Black",1,5.41,USPS Ground Advantage $5.41,Carrier re-rate after label $5.41
FLAGCASEBWOOD,Burial Flag Display Case | Memorial Frame for Veterans - Large / Barnwood,2,5.37,UPS Ground Saver $5.37,Carrier re-rate after label $5.37
MP-PVC-LX-0507-BLACK-46-2PK,"Americanflat 5x7 Picture Frame with 4x6 Mat - Modern Design, Shatter-Resistant Glass 2 Pack - Black",3,5.35,UPS Ground Saver $5.35,Carrier re-rate after label $5.35
OCFBEA0507SLV,Americanflat 5x7 Picture Frame with Beaded-Style Detailing - Beaded Picture Frame with Shatter-Resistant Glass - Gallery Style Frames - Silver,3,5.34,FedEx (service not itemized) $5.34,Billed above label cost $5.34
MP-WPC-GSD-1824-BLACK,Picture Frame | Gallery Style | Secure Artwork and Photos | Wall Art Decor - 18x24 / Black,1,5.32,USPS Ground Advantage $5.32,Carrier re-rate after label $5.32
PRO_MW1114WALNUT2PK,"Americanflat 11x14 Picture Frame with Mat for 8x10, Walnut, 2 Pack",2,5.31,FedEx (service not itemized) $4.99; UPS Ground Saver $0.32,Billed above label cost $4.99; Carrier re-rate after label $0.32
319399803616313399,"Americanflat Floating Picture Frame for Wall Art - Photo Frame with Floating Effect for Photos, Wall Art, and Pressed Flowers - Polished Glass Cover - Hanging Hardware",1,5.29,UPS Ground Saver $5.29,Billed above label cost $5.29
SB1620WHT,Silhouette Keepsake Shadow Box - 16x20 / White,2,5.28,UPS Ground Saver $5.28,Carrier re-rate after label $5.28
MP-WPC-GSD-1216-BLACK-812,"Americanflat 12x16 Gallery-Style Picture Frame with Mat to Secure Artwork, Prints, and Photos - Black",6,5.27,USPS Ground Advantage $4.99; FedEx (service not itemized) $0.28,Carrier re-rate after label $4.99; Billed above label cost $0.28
SIFBLK20283PK,Fusion Picture Frame - 20x28 / Black / 3 Pack,2,5.26,FedEx (service not itemized) $3.26; UPS Ground Saver $2.00,Billed above label cost $3.26; Carrier re-rate after label $2.00
MW8511DWOOD,Americanflat 8.5x11 Diploma Frame in Driftwood with Shatter Resistant Glass - Horizontal and Vertical Formats for Wall and Tabletop,2,5.23,UPS Ground Saver $5.23,Carrier re-rate after label $5.23
FF1114PBRASS,Signature Float Picture Frame - 11x14 / Gold,1,5.22,FedEx (service not itemized) $5.22,Billed above label cost $5.22
VF1620GLD1114,Heirloom Picture Frame - 16x20 / Golden / Vintage frame,1,5.21,FedEx (service not itemized) $5.21,Billed above label cost $5.21
MW0816WALNUT357,Americanflat Picture Frame | Collage | Three 5x7 Openings with Classic Molding | Signature Collection - 8x16 / Walnut,1,5.2,UPS Ground Saver $5.20,Carrier re-rate after label $5.20
MP-PES-SHOW-7174-BLACKOMBRE,Americanflat 71x74 Ombre Black Shower Curtain - Water Resistant - Polyester Fabric,2,5.19,UPS Ground Saver $5.19,Carrier re-rate after label $5.19
381758871950360585,Americanflat 15x8.5 Pin Display Case with Shatter-Resistant Glass - Black,1,5.17,UPS (service not itemized) $5.17,Carrier re-rate after label $5.17
MP-MDF-GSK-0406-BLACK-6PK,Picture Frame Set to Enhance Wall Decor - 6 Pack,1,5.17,UPS Ground Saver $5.17,Carrier re-rate after label $5.17
WMW1616MAH1212,Hudson Picture Frame - 16x16 / Mahogany / 12x12,1,5.16,FedEx (service not itemized) $5.16,Billed above label cost $5.16
PS1114MAH8115PK,Classic Gallery Picture Frame | Set of 5 | Galleria Collection | Includes Mat - 11x14 with 8x11 Mat / Mahogany,1,5.16,FedEx (service not itemized) $5.16,Billed above label cost $5.16
STF0406BLK23,Americanflat 4x6 Picture Frame with Storage - Use as 2x3 Frame for Instant-Print Photos - Quick Change Storage Frames Holds up to 40 Photos - Modern,2,5.16,FedEx (service not itemized) $5.16,Billed above label cost $5.16
WMW1218PBRASS1117,Oversized Gallery Picture Frame with Mat | Hudson Collection - 12x18 / Gold / 11x17,1,5.15,FedEx (service not itemized) $5.15,Carrier re-rate after label $5.15
WB1626BLK,Americanflat 16x26 Picture Frame  - Black Picture Frame - Wide Photo Frames Made of Engineered Wood - Epic Collection - Black,5,5.15,FedEx (service not itemized) $5.15,Billed above label cost $5.15
392145069937115144,Americanflat Set of 4 Picture Frames - Gallery Wall Frame Set with Two 16x20 Frames with 6x8 Mats and Two 16x16 Frames with 5x7 Mats - Black,1,5.13,UPS Ground Saver $5.13,Carrier re-rate after label $5.13
PS1620MAH12162PK,Americanflat 16x20 Picture Frame with Polished Plexiglass - Set of 2 - Use as 12x16 Frame with Mat or Display 16x20 Photo Without Mat - Galleria,1,5.12,USPS Ground Advantage $5.12,Carrier re-rate after label $5.12
LX8511MAH,Americanflat Thin Picture Frame in Mahogany with Shatter Resistant Glass for Wall and Tabletop - Picture Size 8.5x11,6,5.12,FedEx (service not itemized) $3.66; UPS Ground Saver $1.46,Billed above label cost $3.66; Carrier re-rate after label $1.46
MP-WPC-GSD-1218-WHITE-1117,"Americanflat 12x18 Gallery-Style Picture Frame with Mat to Secure Artwork, Prints, and Photos - White",2,5.1,USPS Ground Advantage $5.10,Carrier re-rate after label $5.10
LX1319BLKNOMAT,Picture Frame | Slim Molding | Streamline Collection - 13x19 / Black,4,5.09,UPS Ground Saver $4.61; FedEx (service not itemized) $0.48,Carrier re-rate after label $4.61; Billed above label cost $0.48
MWMAH07MULTIPK,Americanflat Picture Frame in Mahogany MDF / Shatter Resistant Glass Horizontal and Vertical Formats for Wall - Pack of 7,1,5.09,USPS Ground Advantage $5.09,Carrier re-rate after label $5.09
MP-PES-SHOW-7275-DARKGRAY-WAF-SL,"Americanflat 72x75 Grey Hookless Waffle Pattern Shower Curtain - Water-Resistant Long Shower Curtain with Sheer Panel, Snap-In Liner, and Grommets",5,5.07,UPS Ground Saver $5.07,Carrier re-rate after label $5.07
FIGDC1414BLK,Americanflat 14x14 Minifigure Display Case with Polished Plexiglass - Holds 28 Minifigures - Wall-Mounted Building Block Toy Display - Black,2,5.06,UPS Ground Saver $5.06,Carrier re-rate after label $5.06
MP-MDF-A3-WHITE,Picture Frame | Poster Frame | Wall Decor | For Photos Documents and Artwork - A3 / White,1,5.06,UPS Ground Saver $5.06,Carrier re-rate after label $5.06
KAFBLK2OP,Americanflat 8.5x11 Kids Art Storage Picture Frame - Home Gallery Wall Decor for Photos and Art Signature Collection Professional Quality - Black,2,5.06,FedEx (service not itemized) $5.06,Billed above label cost $5.06
319415553970470969,Americanflat Tri-Folding Picture Frame - Displays Two Photos at Once - Double Hinged Picture Frame - Shatter Resistant Glass - Tabletop Display Picture Frame - Black,1,5.04,UPS Ground Saver $5.04,Carrier re-rate after label $5.04
MP-WPC-GSD-1117-WHITE,"Americanflat 11x17 Gallery-Style Picture Frame to Secure Artwork, Prints, and Photos - White",1,5.04,UPS Ground Saver $5.04,Carrier re-rate after label $5.04
257803147024973864,Americanflat 10x12.5 Kids Art Frame - 8.5x11 with Mat or 10x12.5 without Mat - Kids Artwork Frame - Magnetic Frame Closure - Shatter Resistant Glass - Hanging Hardware,1,5.04,UPS Ground Saver $5.04,Carrier re-rate after label $5.04
LX0609BLKNOMAT,Streamline Picture Frame - 6x9 / Black / 1 Pack,2,5.04,UPS Ground Saver $4.88; FedEx (service not itemized) $0.15,Carrier re-rate after label $4.88; Billed above label cost $0.15
MW1218LWOOD,Americanflat 12x18 Light Wood Picture Frame - Composite Wood with Shatter Resistant Glass,3,5.03,UPS Ground Saver $3.67; USPS Ground Advantage $1.24; FedEx (service not itemized) $0.12,Carrier re-rate after label $4.91; Billed above label cost $0.12
319399803616313407,"Americanflat Floating Picture Frame for Wall Art - Photo Frame with Floating Effect for Photos, Wall Art, and Pressed Flowers - Polished Glass Cover - Hanging Hardware",2,5.02,USPS Ground Advantage $4.70; UPS Ground Saver $0.32,Carrier re-rate after label $5.02
LX1723BLK1319,Streamline Matted Picture Frame - 17x23 with 13x19 Mat / Black / 1 Pack,1,5.0,FedEx (service not itemized) $5.00,Billed above label cost $5.00
SB1212MH1010,Shadow Box Keepsake Frame with Mat | Silhouette Collection - 12x12 / Mahogany,4,5.0,USPS Ground Advantage $4.86; FedEx (service not itemized) $0.14,Carrier re-rate after label $4.86; Billed above label cost $0.14
PS0810BK572PK,"Americanflat 8x10 Picture Frame with Mat for 5x7, Black, 2 Pack",3,4.98,FedEx (service not itemized) $4.98,Billed above label cost $4.98
MP-PVC-LX-0606-BLACK-44-2PK,"Americanflat 6x6 Picture Frame with 4x4 Mat - Modern Design, Shatter-Resistant Glass 2 Pack - Black",4,4.97,UPS Ground Saver $4.97,Carrier re-rate after label $4.97
MPCANGWA281P17202424,"Americanflat 24x24 Canvas Wall Art Featuring Blue, Grey and Neutral Tones - Gallery Wrap - Landscape Wall Art",2,4.97,UPS Ground Saver $4.97,Carrier re-rate after label $4.97
319399087065858075,Americanflat A2 A3 A4 A5 Poster Frame - Picture Frame to Display Posters - Ideal for Documents and Artwork - Plexiglass Cover - Adjustable Hanging Hardware - Includes Easel,3,4.97,UPS Ground Saver $4.94; FedEx (service not itemized) $0.03,Carrier re-rate after label $4.94; Billed above label cost $0.03
PS0812NAOAK685PK,Americanflat 8x12 Picture Frame with Polished Plexiglass - Set of 5 - Use as 6x8 Frame with Mat or Display 8x12 Photo Without Mat - Galleria,3,4.96,UPS Ground Saver $2.91; FedEx (service not itemized) $2.05,Carrier re-rate after label $2.91; Billed above label cost $2.05
PS0912WH682PK,"Americanflat 9x12 Picture Frame with Mat for 6x8, White, 2 Pack",2,4.93,FedEx (service not itemized) $4.13; UPS Ground Saver $0.80,Billed above label cost $4.13; Carrier re-rate after label $0.80
289025657432293382,Americanflat 12x18 Picture Frame - Composite Wood Picture Frame for Wall Display - Plexiglass Cover - Hanging Hardware for Horizontal and Verticle Display - Black,2,4.92,UPS Ground Saver $4.92,Carrier re-rate after label $4.92
517544161184628752,Americanflat Botanical Canvas Wall Art Featuring Cream Leaf Silhouettes - Black Background - Set of 3 - Gallery Wrap - Modern Wall Art,1,4.9,UPS Ground Saver $4.90,Carrier re-rate after label $4.90
GSD1218BLK,Deep Molding Picture Frame | Americanflat | No Mat | Modern - Premium Quality - 12x18 / Black,1,4.9,UPS Ground Saver $4.90,Carrier re-rate after label $4.90
GSK0505BLK12PK,Americanflat 5x5 Picture Frame with Polished Plexiglass - Set of 12 - Signature Collection - Picture Frames with Engineered Wood - Square Frame,5,4.89,FedEx (service not itemized) $4.89,Billed above label cost $4.89
MPFLEBRSV5060OPGRN,Americanflat - Fleece and Faux Shearling Throw Blanket - Oversize Plaid - 50x60 Inch - Green,1,4.87,FedEx (service not itemized) $4.87,Billed above label cost $4.87
343081422288175153,Americanflat Picture Frame Set with Mat - Set of 5 - Photo Frame Set of Five for Wall Display - Plexiglass Cover - Hanging Hardware,1,4.87,FedEx (service not itemized) $4.87,Billed above label cost $4.87
LX0507WHT,Picture Frame | Includes Mat | Slim Molding | Streamline Collection - 5x7 / White,3,4.85,UPS (service not itemized) $3.15; UPS Ground Saver $1.70,Billed above label cost $3.15; Carrier re-rate after label $1.70
MW1115BLK,Signature Unmatted Picture Frame - 11x15 / Black / 1 Pack,1,4.85,FedEx (service not itemized) $4.85,Billed above label cost $4.85
A281P532SHOW7174,"Americanflat Coastal Shower Curtain by PI Creative Art, 71"" x 74""",7,4.84,UPS (service not itemized) $3.55; FedEx (service not itemized) $1.29,Billed above label cost $4.84
PS1114MA5PK,Galleria Matted Picture Frame - 11x14 / Mahogany / 5 Pack,1,4.83,FedEx (service not itemized) $4.83,Billed above label cost $4.83
MP-PVC-LX-0608-BLACK-35,"Americanflat 6x8 Picture Frame with 3x5 Mat - Modern Design, Shatter-Resistant Glass - Black",6,4.78,UPS Ground Saver $4.78,Carrier re-rate after label $4.78
MP-ABS-SIF-1218-BLACK-3PK,"Americanflat 3 Pack 12x18 frame Lightweight Snap Frame, Front Loading Poster Frames - Black 12x18 poster frame",2,4.78,UPS (service not itemized) $4.76; FedEx (service not itemized) $0.02,Carrier re-rate after label $4.76; Billed above label cost $0.02
MP-MDF-MW-1114-BLACK-57,Americanflat 11x14 Picture Frame with 5x7 Mat Opening for Weddings Baby Showers and More - Black,2,4.77,USPS Ground Advantage $4.77,Carrier re-rate after label $4.77
WMW0808PNICKEL44,Americanflat 8x8 Picture Frame Shatter-Resistant Glass with Removable Mat - Home Gallery Wall Decor for Photos and Art Signature Collection - Silver,1,4.75,UPS Ground Saver $4.75,Billed above label cost $4.75
WMW0808PBRASS44,Americanflat 8x8 Picture Frame with Shatter-Resistant Glass - Use as 4x4 Frame with Mat or Display 8x8 Photo Without Mat - Gold,1,4.75,UPS Ground Saver $4.75,Billed above label cost $4.75
WMW2632BLK2228,Americanflat Hudson Poster Frame | With Mat | Acrylic Glazing | Lightweight - 26x32 / Black,3,4.74,FedEx (service not itemized) $4.74,Billed above label cost $4.74
BJ5060BLLHRTPNK,Americanflat 50x60 Jacquard Fleece Throw Blanket - Pink Heart Polyester Fleece,1,4.72,FedEx (service not itemized) $4.72,Billed above label cost $4.72
MP-PVC-PS-1117-BLACK-812-2PK,Americanflat 2 Pack of 11x17 Frames with 8x12 Mat - Plexiglass Cover - Black,4,4.72,UPS Ground Saver $4.54; FedEx (service not itemized) $0.18,Carrier re-rate after label $4.54; Billed above label cost $0.18
OVF1620BLK1114,Heirloom Picture Frame - 16x20 / Black / Ornate vintage frame,1,4.71,FedEx (service not itemized) $4.71,Billed above label cost $4.71
MW0505BLKNOMAT,Picture Frame | Classic Molding | Signature Collection - Americanflat - Black / 5x5,1,4.71,UPS Ground Saver $4.71,Carrier re-rate after label $4.71
LX1010BLK44,Americanflat 10x10 Picture Frame with Shatter-Resistant Glass - Use as 4x4 Frame with Mat or Display 10x10 Photo Without Mat - Streamline Collection,2,4.69,FedEx (service not itemized) $4.69,Billed above label cost $4.69
ABS1114BK3PK,Metropolitan Picture Frame - 11x14 / 3 Pack / Non-Matted,2,4.67,FedEx (service not itemized) $4.67,Billed above label cost $4.67
MW1222BLKNOMAT,Americanflat 12x22 Picture Frame with Polished Plexiglass - Gallery Style Frame with Engineered Wood - Signature Collection - Black,1,4.65,USPS Ground Advantage $4.65,Carrier re-rate after label $4.65
LX1012BLKNOMAT,Picture Frame | Slim Molding | Streamline Collection - 10x12,3,4.64,UPS Ground Saver $3.95; FedEx (service not itemized) $0.69,Carrier re-rate after label $3.95; Billed above label cost $0.69
MP-ABS-SIF-2436-BLACK-3PK,Americanflat 3 Pack Lightweight 24x36 Poster Frames - Black,4,4.62,FedEx (service not itemized) $4.62,Billed above label cost $4.62
343126403058761756,Americanflat 2 Pack of Picture Frames with Mat - Plexiglass Cover,1,4.6,UPS Ground Saver $4.60,Carrier re-rate after label $4.60
PS1010WHT882PK,Americanflat 10x10 Picture Frame with Polished Plexiglass - Set of 2 - Use as 8x8 Frame with Mat or Display 10x10 Photo Without Mat - Galleria,12,4.58,FedEx (service not itemized) $4.58,Billed above label cost $4.58
PS1620WH11142PK,"Americanflat 16x20 Picture Frame with Mat for 11x14, White, 2 Pack",2,4.57,USPS Ground Advantage $4.23; UPS Ground Saver $0.34,Carrier re-rate after label $4.57
PILL2020BLKABST001,"Americanflat 20x20 Decorative Throw Pillow with Sewn-in Insert - Soft Square All-in-One Cushion for Sofa, Couch or Bed - Grey and White",2,4.52,FedEx (service not itemized) $4.52,Billed above label cost $4.52
MW1319LWOOD,Americanflat 13x19 Picture Frame in Light Wood - Composite Wood with Shatter Resistant Glass,3,4.48,UPS Ground Saver $4.48,Carrier re-rate after label $4.48
MP-MDF-1319-BLACK,Americanflat Gallery Picture Frame - Wood Molding with Glass Front,3,4.48,UPS Ground Saver $4.48,Carrier re-rate after label $4.48
WB2335BLK,Epic Poster Frame - 23x35 / Black,1,4.45,FedEx (service not itemized) $4.45,Billed above label cost $4.45
MP-PES-PILL-CREAM-2020-LINES001,Americanflat 20x20 Striped Pattern Throw Pillow with Premium Polyester - Cream,1,4.44,UPS Ground Saver $4.44,Carrier re-rate after label $4.44
422930238105436186,Americanflat Picture Frame with Wide Molding with Mat - Modern Wide Picture Frame - Plexiglass Cover - Hanging Hardware - Includes Easel,2,4.42,UPS Ground Saver $4.42,Carrier re-rate after label $4.42
MW1414WALNUT,Signature Matted Picture Frame - 14x14 / Walnut / 1 Pack,2,4.42,UPS Ground Saver $4.42,Carrier re-rate after label $4.42
LX0824BLKNOMAT,Picture Frame | Slim Molding | Streamline Collection - 8x24 / Black,4,4.4,UPS Ground Saver $4.12; FedEx (service not itemized) $0.28,Carrier re-rate after label $4.12; Billed above label cost $0.28
392143502274052097,Americanflat Picture Frame with Oversized Mat,1,4.38,UPS Ground Saver $4.38,Carrier re-rate after label $4.38
MP-MDF-WB-1218-BLACK,Gallery Poster Frame with Wood Grain Finish | Epic Collection - 12x18 / Black,1,4.38,UPS (service not itemized) $4.38,Billed above label cost $4.38
LX0808BLKNOMAT,Picture Frame | Slim Molding | Streamline Collection - 8x8 / Black,4,4.37,UPS Ground Saver $3.56; FedEx (service not itemized) $0.81,Carrier re-rate after label $3.56; Billed above label cost $0.81
PS1218WH11172PK,"Americanflat 12x18 Picture Frame with Mat for 11x17, White, 2 Pack",4,4.36,USPS Ground Advantage $2.92; UPS Ground Saver $1.44,Carrier re-rate after label $4.36
MP-METAL-HG-BV-0406-GOLD,"Americanflat Hinged 4x6 Picture Frame with Wide, Beveled Molding and Shatter-Resistant Glass - Metal Picture Frame Displays Two 4x6 Photos - Gold",3,4.36,UPS Ground Saver $2.73; USPS Ground Advantage $1.63,Carrier re-rate after label $4.36
343124438380904542,Americanflat Poster Frame - Perfect Frame for Photos and Artwork - Large Picture Frame - Polished Plexiglass - Hanging Hardware with Horizontal and Vertical Display,1,4.35,FedEx (service not itemized) $4.35,Billed above label cost $4.35
MP-PES-SHOW-7174-SOLIDSGREEN,Americanflat 71x74 Solid Green Shower Curtain - Water Resistant - Polyester Fabric,2,4.34,UPS Ground Saver $4.34,Carrier re-rate after label $4.34
OCFBAM0810GLD57,Americanflat 8x10 Metal Picture Frame with Bamboo Style Molding - Gold,1,4.33,FedEx (service not itemized) $4.33,Billed above label cost $4.33
MW0820LWOOD446,Americanflat 8x20 Collage Picture Frame in Light Wood| Displays Four 4x6 inch Photos. Shatter-Resistant Glass. Hanging Hardware Included!,3,4.32,UPS Ground Saver $4.32,Carrier re-rate after label $4.32
GSD1212BLK1010,Gallery Picture Frame with Mat | Soho Collection - 12x12 / Black / 10x10,2,4.3,FedEx (service not itemized) $4.30,Billed above label cost $4.30
OCFBAM0507SLV,Americanflat 5x7 Metal Picture Frame With Bamboo-Style Molding - Silver Bamboo Frame with Shatter-Resistant Glass - Elegant Gallery Style Frames,2,4.3,FedEx (service not itemized) $4.30,Billed above label cost $4.30
PS1114MAH8102PK,Galleria Picture Frame - 11x14 with 8x10 mat / Mahogany,5,4.28,FedEx (service not itemized) $4.28,Billed above label cost $4.28
GSD1010BLK88,Gallery Picture Frame with Mat | Soho Collection - 10x10 / Black / 8x8,4,4.28,UPS Ground Saver $3.90; FedEx (service not itemized) $0.38,Carrier re-rate after label $3.90; Billed above label cost $0.38
MP-PVC-PS-1218-BLACK-5PK,Americanflat 5 Pack of 12x18 Frames - Plexiglass Cover - Black,1,4.28,USPS Ground Advantage $4.28,Carrier re-rate after label $4.28
MP-PES-SHOW-A281P1192-7174,71x74 Blue Abstract Shower Curtain - 100% Polyester - Water-Resistant Bath Curtain,2,4.26,UPS Ground Saver $3.90; FedEx (service not itemized) $0.36,Carrier re-rate after label $3.90; Billed above label cost $0.36
571466032882548742,Americanflat Picture Frame Stand - Wall Mounted Frame Stand - Artwork and Photo Easel with Adaptive Clamps for Different Frame Profiles - Black,6,4.26,FedEx (service not itemized) $4.26,Billed above label cost $4.26
WMW1824MAH1218,Oversized Gallery Picture Frame with Mat | Hudson Collection - 18x24 / Mahogany / 12x18,2,4.2,FedEx (service not itemized) $4.20,Billed above label cost $4.20
FF0810WHT,Floating Picture Frame | Americanflat | Crystal-Clear Glass | Premium Quality - 8x10 / White,1,4.18,FedEx (service not itemized) $4.18,Billed above label cost $4.18
PS0912BLK5PKNOMAT,Americanflat 9x12 Picture Frame with Polished Plexiglass - Set of 5 - Galleria Collection - Picture Frames for Wall Display - Black - Modern,3,4.17,UPS Ground Saver $3.55; FedEx (service not itemized) $0.62,Carrier re-rate after label $3.55; Billed above label cost $0.62
LX1114WHT23,Americanflat 11x14 Picture Frame with Shatter-Resistant Glass - Use as 2x3 Frame with Mat or Display 11x14 Photo Without Mat - Signature Collection,3,4.15,FedEx (service not itemized) $4.15,Billed above label cost $4.15
MP-PVC-PS-1114-BLACK-810-2PK,Americanflat 2 Pack of 11x14 Frames with 8x10 Mat - Plexiglass Cover - Black,6,4.14,UPS Ground Saver $3.84; FedEx (service not itemized) $0.30,Carrier re-rate after label $3.84; Billed above label cost $0.30
405130966550249540,Americanflat Picture Frame with Oversized Mat,1,4.13,Global-e (service not itemized) $4.13,Billed above label cost $4.13
392143502274052105,Americanflat Picture Frame with Oversized Mat,1,4.13,Global-e (service not itemized) $4.13,Billed above label cost $4.13
LX0507MAH,Americanflat Thin Picture Frame in Mahogany with Shatter Resistant Glass Horizontal and Vertical Formats for Wall and Tabletop - 5 x 7,2,4.13,UPS Ground Saver $4.13,Carrier re-rate after label $4.13
LX1116BLKNOMAT,Americanflat 11x16 Picture Frame  - Streamline Collection - Thin Border Picture Frame for Wall Display - Hanging Hardware Included - Black,2,4.12,USPS Ground Advantage $4.12,Carrier re-rate after label $4.12
OVF0810SLV57,Heirloom Picture Frame - 8x10 / Silver / Ornate vintage frame,1,4.11,FedEx (service not itemized) $4.11,Billed above label cost $4.11
MP-MDF-WMW-1218-NAOAK-1117,Picture Frame | Wide Molding | Included Mat | Shatter-Resistant Glass | Wall Decor - 12 x 18 / Natural Oak / 11x17,1,4.09,UPS Ground Saver $4.09,Carrier re-rate after label $4.09
313769999081898015,Americanflat Floating Aluminum Picture Frame - Sleek Aluminum Photo Frame for Wall Display - Black Metal Molded Frame - Shatter Resistant Glass - Hanging Hardware,1,4.09,UPS Ground Saver $4.09,Carrier re-rate after label $4.09
MW1212WH,Signature Matted Picture Frame - 12x12 / White / 1 Pack,4,4.08,UPS Ground Saver $2.97; USPS Ground Advantage $0.89; FedEx (service not itemized) $0.22,Carrier re-rate after label $3.85; Billed above label cost $0.22
A303P087SHOW7174,Americanflat 71x74 Forest Bouquet Shower Curtain - 100% Polyester Shower Curtain,3,4.06,UPS (service not itemized) $3.15; FedEx (service not itemized) $0.91,Carrier re-rate after label $3.15; Billed above label cost $0.91
MP-WPC-GSD-1414-BLACK,"Americanflat 14x14 Gallery-Style Picture Frame to Secure Artwork, Prints, and Photos - Black",1,4.04,UPS Ground Saver $4.04,Carrier re-rate after label $4.04
PILL1616REDABST001,"Americanflat 16x16 Decorative Throw Pillow with Sewn-in Insert - Soft Square All-in-One Cushion for Sofa, Couch or Bed - Orange and White",1,4.02,FedEx (service not itemized) $4.02,Billed above label cost $4.02
SIFBLK18243PK,Fusion Picture Frame - 18x24 / Black / 3 Pack,2,4.0,UPS Ground Saver $4.00,Carrier re-rate after label $4.00
MP-WPC-GSD-1620-WHITE,"Americanflat 16x20 Gallery-Style Picture Frame to Secure Artwork, Prints, and Photos - White",2,4.0,UPS Ground Saver $4.00,Carrier re-rate after label $4.00
WB1824DFBLK,Hampton Picture Frame - 18x24 / Charcoal Black,2,4.0,UPS Ground Saver $4.00,Carrier re-rate after label $4.00
392145052757245960,Americanflat 18x24 Poster Frame - Set of 3 - Use as 8x10 Frame with Mat or 18x24 Frame Without Mat - Black,2,4.0,UPS Ground Saver $4.00,Carrier re-rate after label $4.00
355374955710038030,Americanflat 6x20 Collage Picture Frame - Fits Three 4x6 Photos or One 6x20 Picture,2,4.0,UPS Ground Saver $4.00,Carrier re-rate after label $4.00
329325489782685728,Americanflat Picture Frame with Wide Molding with Mat - Modern Wide Picture Frame - Plexiglass Cover - Hanging Hardware - Includes Easel,2,4.0,UPS Ground Saver $2.00; UPS (service not itemized) $2.00,Carrier re-rate after label $2.00; Billed above label cost $2.00
SCHL0922BLK13OP,Americanflat 9x22 School Picture Frame Pre-K to 12 - Fits Twelve 2.5x3.5 Photos and One 5x7 Photo -- K-12 Picture Frame for Wall Display - Black,2,4.0,UPS Ground Saver $4.00,Carrier re-rate after label $4.00
MP-MDF-WB-1722-BLACK,Americanflat Poster Frame 17x22 inches - Black Wooden Picture Frame with Plexiglass Cover,2,4.0,UPS Ground Saver $4.00,Carrier re-rate after label $4.00
MW1418BLK,Signature Unmatted Picture Frame - Black / 14x18 / 1 Pack,2,4.0,FedEx (service not itemized) $4.00,Billed above label cost $4.00
SIFWHT16203PK,Fusion Picture Frame - 16x20 / White / 3 Pack,2,3.99,FedEx (service not itemized) $3.99,Billed above label cost $3.99
MP-PVC-PS-0912-NAOAK-68-2PK,Americanflat 2 Pack of 9x12 Frames with 6x8 Mat - Plexiglass Cover - Natural Oak,2,3.99,UPS Ground Saver $3.69; FedEx (service not itemized) $0.30,Carrier re-rate after label $3.69; Billed above label cost $0.30
VF1114BLK810,Heirloom Picture Frame - 11x14 / Black / Vintage frame,3,3.97,FedEx (service not itemized) $3.97,Billed above label cost $3.97
MW1319OAK,Americanflat 13x19 Picture Frame in Oak - Composite Wood with Shatter Resistant Glass,1,3.97,UPS (service not itemized) $3.97,Billed above label cost $3.97
MP-MDF-CFF-0912-WHITE-246,Americanflat Floating Collage Frame - Display Two 4x6 Photos - 9x12 - White,2,3.97,USPS Ground Advantage $3.80; FedEx (service not itemized) $0.17,Carrier re-rate after label $3.80; Billed above label cost $0.17
MP-PVC-LX-1020-BLACK,Americanflat 10x20 Poster Frame - Perfect for Photos and Artwork - Black,2,3.97,UPS (service not itemized) $2.00; USPS Ground Advantage $1.97,Billed above label cost $2.00; Carrier re-rate after label $1.97
PS1723BLK13195PK,Classic Gallery Picture Frame | Set of 5 | Galleria Collection | Includes Mat - 17X23 / Black,1,3.95,FedEx (service not itemized) $3.95,Billed above label cost $3.95
MP-MDF-MW-1216-BLACK-7SET,Americanflat 7 Piece Gallery Wall Frame Set (1) 12x16 (2) 9x12 (4) 6x8 - Black,1,3.93,FedEx (service not itemized) $3.93,Billed above label cost $3.93
LX1316WHT912,Picture Frame | Includes Mat | Slim Molding | Streamline Collection - 13x16 with 9x12 Mat / White / 1 Pack,2,3.92,FedEx (service not itemized) $3.92,Billed above label cost $3.92
PFF1620BLK1114,Veranda Picture Frame | Americanflat | Fillet Accent | Acrylic Glazing | With Mat - 16x20 / Black / 11x14,4,3.92,FedEx (service not itemized) $3.92,Billed above label cost $3.92
LX1015BLKNOMAT,Streamline Picture Frame - 10x15 / Black / 1 Pack,2,3.9,FedEx (service not itemized) $3.90,Billed above label cost $3.90
ABS0406BK6PK,Metropolitan Picture Frame - 4x6 / 6 Pack / Non-Matted,1,3.9,UPS Ground Saver $3.90,Carrier re-rate after label $3.90
MP-PES-SHOW-A405P299-7174,71x74 Boho Rustic Shower Curtain - 100% Polyester - Water-Resistant Bath Curtain,1,3.9,UPS Ground Saver $3.90,Carrier re-rate after label $3.90
MW0406DWOOD3HINGE,Americanflat Hinged 3 Photo Frame in Driftwood MDF - Desk Photo Frame for 4X6 Photos - Tri Folding Picture Frame For Desk,1,3.9,UPS Ground Saver $3.90,Carrier re-rate after label $3.90
MP-PES-SHOW-A281P1706-7174,71x74 Floral Lavender Shower Curtain - 100% Polyester - Water-Resistant Bath Curtain,1,3.9,UPS Ground Saver $3.90,Carrier re-rate after label $3.90
MP-PES-SHOW-7174-PINKOMBRE,Americanflat 71x74 Ombre Pink Shower Curtain - Water Resistant - Polyester Fabric,1,3.9,UPS Ground Saver $3.90,Carrier re-rate after label $3.90
ALU1620BLK1114,Americanflat Aluminum 16x20 Picture Frame with Shatter-Resistant Glass - Use as 11x14 with Mat or 16x20 Without Mat - Brooklyn Collection - Black,3,3.88,UPS Ground Saver $3.00; FedEx (service not itemized) $0.88,Carrier re-rate after label $3.00; Billed above label cost $0.88
WB1824OAK,Gallery Poster Frame with Wood Grain Finish | Epic Collection - 18x24 / Oak,1,3.87,FedEx (service not itemized) $3.87,Billed above label cost $3.87
PILL2020GRNLINE001,"Americanflat 20x20 Decorative Throw Pillow with Sewn-in Insert - Soft Square All-in-One Cushion for Sofa, Couch or Bed - Green and White",1,3.84,FedEx (service not itemized) $3.84,Billed above label cost $3.84
WMW2434NAOAK2030,Oversized Gallery Picture Frame with Mat | Hudson Collection - 24x34 / Natural Oak / 20x30,6,3.83,FedEx (service not itemized) $3.83,Billed above label cost $3.83
WB2428BLK2024,Black Picture Frame With Mat | Plexiglass Cover | Wall Display | Modern Design - Americanflat - 24x28 / Black / 20x24,3,3.82,FedEx (service not itemized) $3.82,Billed above label cost $3.82
MP-WPC-GSD-1624-WHITE,"Americanflat 16x24 Gallery-Style Picture Frame to Secure Artwork, Prints, and Photos - White",1,3.82,USPS Ground Advantage $3.82,Carrier re-rate after label $3.82
MW1812BLKNOMAT,Picture Frame | Classic Molding | Signature Collection - Americanflat - Black / 18x12,1,3.8,USPS Ground Advantage $3.80,Carrier re-rate after label $3.80
MP-MDF-WMW-1218-BLACK-1117,Americanflat 12x18 Wide Molding Picture Frame - Black,1,3.8,USPS Ground Advantage $3.80,Carrier re-rate after label $3.80
MP-MDF-CFF-1020-WHITE-357,Americanflat Floating Collage Frame - Display Three 5x7 Photos - 10x20 - White,1,3.8,USPS Ground Advantage $3.80,Carrier re-rate after label $3.80
343098837958656028,"Americanflat Gallery-Style Picture Frame with Mat - Showcase Artwork, Prints, and Photos - Shatter Resistant Glass - Hanging Hardware with Drywall Anchor",1,3.79,UPS Ground Saver $3.79,Carrier re-rate after label $3.79
RAF1515BLK,Signature CD & Record Album Matted Picture Frame - 15x15 / Black,5,3.75,FedEx (service not itemized) $3.75,Billed above label cost $3.75
MP-PVC-PS-1319-NAOAK-1117-5PK,Americanflat 5 Pack of 13x19 Frames with 11x17 Mat - Plexiglass Cover - Natural Oak,7,3.73,FedEx (service not itemized) $3.73,Billed above label cost $3.73
MP-PS-BAM-0406-GOLD,Americanflat 4x6 Picture Frame - Gold Bamboo Frame with Faux Bamboo Design - with Easel Stand and Shatter Resistant Glass,4,3.72,UPS Ground Saver $3.72,Carrier re-rate after label $3.72
LX1711BLKNOMAT,Streamline Picture Frame - 17x11 / Black / 1 Pack,1,3.71,UPS Ground Saver $3.71,Carrier re-rate after label $3.71
DF0811PNICKEL2PK,Americanflat 11x14 Silver Diploma Frame - Displays 8.5x11 Diplomas with Mat or 11x14 Inch Without Mat - Shatter-Resistant Glass. (2 Pack),1,3.7,FedEx (service not itemized) $3.70,Billed above label cost $3.70
MP-MDF-0808-BLACK-44-2PK,Americanflat Picture Frame with Mat - Wood with Glass Cover (2 Pack),4,3.7,UPS Ground Saver $3.70,Billed above label cost $2.19; Carrier re-rate after label $1.51
MP-METAL-ROP-0406-GOLD,"Americanflat 4""x6"" Picture Frame with Rope-Style Textured Detailing and Shatter-Resistant Glass - Gallery Style Frames for Tabletop or Wall - Gold",4,3.7,UPS Ground Saver $3.60; FedEx (service not itemized) $0.10,Carrier re-rate after label $3.60; Billed above label cost $0.10
MP-PES-SHOW-A281P104-7275-SL,"Americanflat 72x75 Hookless Shower Curtain - Abstract Pink Cream Shower Curtain with Sheer Panel, Snap-In Liner, and Grommets - 100% Polyester",2,3.7,UPS (service not itemized) $3.35; UPS Ground Saver $0.34,Billed above label cost $3.35; Carrier re-rate after label $0.34
MP-MDF-WMW-0507-PINK-46,Americanflat 5x7 Wide Molding Picture Frame - Pink,1,3.69,UPS Ground Saver $3.69,Carrier re-rate after label $3.69
MP-ALU-FF-0810-PNICKEL,Americanflat Floating Aluminum & Plexiglass Frame - 8x10 - Silver,1,3.69,UPS Ground Saver $3.69,Carrier re-rate after label $3.69
MP-MDF-MW-0816-BLACK-57-3OP,Americanflat 8x16 Collage Picture Frame to Display 3 Photos at Once - Black,1,3.69,UPS Ground Saver $3.69,Carrier re-rate after label $3.69
LX2234BLKNOMAT,Picture Frame | Slim Molding | Streamline Collection - 22x34 / Black,2,3.68,FedEx (service not itemized) $3.68,Billed above label cost $3.68
A271P131SHOW7174,"Americanflat 71 x 74 Shower Curtain, Black Ombre by Emanuela Carratoni",2,3.67,UPS Ground Saver $3.67,Carrier re-rate after label $3.67
MP-PVC-PS-0812-GOLD-68-2PK,Americanflat 2 Pack of 8x12 Frames with 6x8 Mat - Plexiglass Cover - Gold,1,3.65,USPS Ground Advantage $3.65,Carrier re-rate after label $3.65
PS1319NAOAK11172PK,Americanflat 13x19 Picture Frame with Polished Plexiglass - Set of 2 - 11x17 with Mat or 13x19 Without Mat - Galleria - Natural Oak,7,3.65,FedEx (service not itemized) $3.65,Billed above label cost $3.65
GSK1114BLK12PK,Gallery Wall Set - 11x14 / Black / 12 Pack,2,3.65,FedEx (service not itemized) $3.65,Billed above label cost $3.65
WMW1616WHT1212,Oversized Gallery Picture Frame with Mat | Hudson Collection - 16x16 / Distressed White,3,3.65,FedEx (service not itemized) $3.65,Billed above label cost $3.65
PS5565BLK25352PK,Americanflat 5.5x6.5 Picture Frame with Polished Plexiglass - Set of 2 - Use as 2.5x3.5 Frame with Mat or 5.5x6.5 Frame Without Mat - Black,3,3.63,UPS Ground Saver $3.63,Carrier re-rate after label $3.63
LX1812BLKNOMAT,Picture Frame | Slim Molding | Streamline Collection - 18x12 / Black,1,3.61,UPS Ground Saver $3.61,Carrier re-rate after label $3.61
A281P1702SHOW7275SL,"Americanflat 72x75 Hookless Shower Curtain - Water-Resistant Floral Shower Curtain with Sheer Panel, Snap-In Liner, and Grommets - 100% Polyester",8,3.6,FedEx (service not itemized) $3.60,Billed above label cost $3.60
ESLF12ACR,Acrylic Display Stand - 12-Inch / 1 Pack,1,3.55,FedEx (service not itemized) $3.55,Billed above label cost $3.55
SIFF1620BLK,Fusion Float Picture Frame - 16x20 / Black,1,3.55,FedEx (service not itemized) $3.55,Billed above label cost $3.55
SIFF2020BLK810,Fusion Float Picture Frame - 20x20 / Black,1,3.55,FedEx (service not itemized) $3.55,Billed above label cost $3.55
392145044167311368,Americanflat 20x20 Poster Frame - Set of 3 - Use as 8x10 Frame with Mat or 20x20 Frame Without Mat - Black,1,3.55,FedEx (service not itemized) $3.55,Billed above label cost $3.55
MP-PS-VF-0810-SILVER-57,Americanflat 8x10 Vintage Picture Frame with Mat and Beaded Accents with Shatter Resistant Glass - Silver,2,3.54,UPS Ground Saver $3.54,Carrier re-rate after label $3.54
MW1114WHTNOMAT,Americanflat 11x14 Picture Frame with Shatter-Resistant Glass - Signature Collection - Gallery-Style Frames Made of Engineered Wood - Photo Frame for,3,3.54,UPS Ground Saver $3.54,Carrier re-rate after label $3.54
MP-PVC-PS-1010-BLACK-5PK,Americanflat 5 Pack of 10x10 Frames - Plexiglass Cover - Black,2,3.53,UPS Ground Saver $3.53,Carrier re-rate after label $3.53
SHOW7275DGRAYWAFSL,"Americanflat 72x75 Hookless Waffle Pattern Shower Curtain - Water-Resistant Long Shower Curtain with Sheer Panel, Snap-In Liner, and Durable Grommets",9,3.5,FedEx (service not itemized) $3.50,Billed above label cost $3.50
HGMW0507WHT,Signature Hinged Picture Frame - 5x7 / White / Doube fold,1,3.48,USPS Ground Advantage $3.48,Carrier re-rate after label $3.48
MPPVCLX1010BLK44,Americanflat 10x10 Picture Frame - Use as 4x4 Frame with Mat or 10x10 Frame Without Mat - Thin Photo Frame with Shatter-Resistant Glass - Black,8,3.48,FedEx (service not itemized) $3.48,Billed above label cost $3.48
MP-ABS-0406-BLACK-12PK,Americanflat Front Loading Picture Frame Set - 4x6 - Black - 12 Pack,2,3.47,UPS (service not itemized) $2.55; UPS Ground Saver $0.92,Billed above label cost $2.55; Carrier re-rate after label $0.92
WMW2840NAOAK2436,Hudson Picture Frame - 28x40 / Natural Oak / 24x36,2,3.46,FedEx (service not itemized) $3.46,Billed above label cost $3.46
SIFBLK12163PK,"Americanflat 12x16 Picture Frame with Polished Front Cover, Set of 3, Slide-In Photo Frame with Buildable Molding, Fusion Collection, Black",1,3.46,UPS Ground Saver $3.46,Carrier re-rate after label $3.46
MP-MDF-WB-1624-BLACK-1218-BLACK,Black Picture Frame | Wide Molding | Black Mat | Plexiglass Front Cover - Americanflat - 16 x 24 / Black,1,3.46,UPS Ground Saver $3.46,Carrier re-rate after label $3.46
329325687351181318,Americanflat 11x14 Diploma Frame - 8.5x11 with Mat or 11x14 without Mat - Photo Frame for Diploma - Certificate Document Frame - Shatter Resistant Glass - Hanging Hardware - Mahogany,1,3.46,UPS Ground Saver $3.46,Carrier re-rate after label $3.46
MP-PVC-LX-1824-912-BLK-3SET,"Americanflat Set of 3 Picture Frames - Gallery Wall Set with One 18x24 with 8x10 Mat, One 11x14 with 5x7 Mat and One 9x12 with 4x6 Mat - Black",2,3.45,FedEx (service not itemized) $3.45,Billed above label cost $3.45
PS0707WHT445PK,Set of 5 - Classic Gallery Picture Frame with Mat | Galleria Collection - 7 x 7 / White,1,3.43,FedEx (service not itemized) $3.43,Billed above label cost $3.43
VF1620BLKGLD1114,Heirloom Picture Frame - 16x20 / Black/Gold / Vintage frame,1,3.42,FedEx (service not itemized) $3.42,Billed above label cost $3.42
A281P420SHOW7174,"Americanflat 71 x 74 Shower Curtain, Space Giant by PI Creative Art",1,3.42,UPS Ground Saver $3.42,Carrier re-rate after label $3.42
GSD0608BLK57,Soho Matted Picture Frame - 6x8 / Black / 5x7,1,3.42,UPS Ground Saver $3.42,Carrier re-rate after label $3.42
CPT5060C,Americanflat Omala Throw Blanket in Black and Cream Mini Diamond - 100% Cotton with Fringe - 50 x 60,1,3.42,UPS Ground Saver $3.42,Carrier re-rate after label $3.42
MP-MDF-MF-0510-WHITE,Americanflat 5x10 Business License Frame - Use as 3.5x8 Frame with Mat,1,3.42,UPS Ground Saver $3.42,Carrier re-rate after label $3.42
WB1114DFBLK,Rustic Picture Frame with Distressed Molding | Hampton Collection - 11x14 / Charcoal Black,1,3.42,UPS Ground Saver $3.42,Carrier re-rate after label $3.42
MP-MDF-HG-0406-BLACK,Americanflat 4 x 6 Hinged Picture Frame for 2 Photos - Black,1,3.42,UPS Ground Saver $3.42,Carrier re-rate after label $3.42
MP-LX-1216-BLACK-46,Americanflat 4x6 Picture Frame With Oversized Mat 12x16 Frame - Shatter-Resistant Glass Front Cover - Black,1,3.4,FedEx (service not itemized) $3.40,Carrier re-rate after label $3.40
WB1218WALNUT,Epic Poster Frame - 12x18 / Walnut,1,3.39,FedEx (service not itemized) $3.39,Billed above label cost $3.39
431784749194526730,Americanflat Vintage Picture Frame with Mat and Beaded Accents with Shatter Resistant Glass,1,3.39,FedEx (service not itemized) $3.39,Billed above label cost $3.39
MP-MDF-WMW-0808-WHITE-44,Americanflat 8x8 Wide Molding Picture Frame - White,2,3.38,UPS Ground Saver $3.38,Carrier re-rate after label $3.38
MPMDFHPKIT0810BLK,DIY Family Handprint Kit | Personalized Keepsake Frame | Complete Set with Paints | Americanflat - Wall Hanging - 5 Panels,5,3.36,FedEx (service not itemized) $3.36,Billed above label cost $3.36
343124438380904540,Americanflat Poster Frame - Perfect Frame for Photos and Artwork - Large Picture Frame - Polished Plexiglass - Hanging Hardware with Horizontal and Vertical Display,2,3.36,FedEx (service not itemized) $3.36,Billed above label cost $3.36
MP-PVC-PS-1319-SILVER-1117-2PK,Americanflat 2 Pack of 13x19 Frames with 11x17 Mat - Plexiglass Cover - Silver,1,3.36,USPS Ground Advantage $3.36,Carrier re-rate after label $3.36
MP-METAL-BAM-0406-SILVER,"Americanflat 4""x6"" Picture Frame with Bamboo-Style Molding and Shatter-Resistant Glass - Gallery Style Frames for Tabletop or Wall Display - Silver",4,3.34,UPS Ground Saver $2.31; UPS (service not itemized) $0.98; FedEx (service not itemized) $0.05,Carrier re-rate after label $2.31; Billed above label cost $1.03
CF0620BLK346,Americanflat 4x6 Picture Frame Shatter-Resistant Glass - Home Gallery Wall Decor for Photos and Art Signature Collection Professional Quality - Black,6,3.33,FedEx (service not itemized) $3.33,Billed above label cost $3.33
MP-MDF-PIN-1585-BLACK,Pin Display Case | Shatter-Resistant Glass | Enamel Pin Holder | Wall Art Display - 15x8.5 / Black,1,3.32,UPS Ground Saver $3.32,Carrier re-rate after label $3.32
MW0810BLKNOMAT2PK,Picture Frame in Black Set of 2 - Composite Wood with Shatter Resistant Glass - Horizontal and Vertical Formats for Wall - Variety of sizes - 8x10 / Black / 2 Pack,2,3.32,USPS (service not itemized) $2.69; USPS Ground Advantage $0.63,Billed above label cost $2.69; Carrier re-rate after label $0.63
CF2020WHT11OP,"Americanflat 20x20 Collage Picture Frame with Polished Plexiglass - Multi Picture Frames Fit One 8x10, Four 5x5 and Six 4x6 Photos or Use as One",3,3.32,FedEx (service not itemized) $3.32,Billed above label cost $3.32
A281P231SHOW7174,"Americanflat 71 x 74 Shower Curtain, Cheerfulness I by PI Creative Art",1,3.31,UPS Ground Saver $3.31,Carrier re-rate after label $3.31
KAF8511BLU,Americanflat Kids Art Frame | Holds 100 Photos | Modern - Premium Quality - Sapphire Blue / 1 pack,3,3.29,FedEx (service not itemized) $3.29,Billed above label cost $3.29
405106493826596913,Americanflat Picture Frame Set with Mat - Set of 5 - Photo Frame Set of Five for Wall Display - Plexiglass Cover - Hanging Hardware,2,3.27,UPS Ground Saver $3.27,Carrier re-rate after label $3.27
MP-ABS-0810-BLACK-57-6PK,Americanflat Front Loading 8x10 Picture Frame Set with Mat for 5x7 - Perfect for Photos - 6 Pack - Black,2,3.27,UPS Ground Saver $3.27,Carrier re-rate after label $3.27
355375544120557591,Americanflat 14x20 Collage Picture Frame - Fits Nine 4x6 Photos or One 14x20 Photo,1,3.25,USPS Ground Advantage $3.25,Carrier re-rate after label $3.25
PS1218NAOAK11172PK,Americanflat 12x18 Poster Frame with Polished Plexiglass - Set of 2 - 11x17 with Mat or 12x18 Without Mat - Galleria - Natural Oak,2,3.24,FedEx (service not itemized) $3.24,Billed above label cost $3.24
WMW2028MAH1624,Oversized Gallery Picture Frame with Mat | Hudson Collection - 20x28 / Mahogany / 16x24,6,3.23,FedEx (service not itemized) $3.23,Billed above label cost $3.23
571466032882548740,Americanflat Picture Frame Stand - Wall Mounted Frame Stand - Artwork and Photo Easel with Adaptive Clamps for Different Frame Profiles - Black,7,3.22,FedEx (service not itemized) $3.22,Billed above label cost $3.22
MP-PVC-PS-0810-BLACK-57-2PK,Americanflat 2 Pack of 8x10 Frames with 5x7 Mat - Plexiglass Cover - Black,3,3.21,USPS Ground Advantage $2.38; UPS Ground Saver $0.83,Carrier re-rate after label $3.21
MP-MDF-DISTF-1114-RUS-810-4PK,Americanflat 11x14 Picture Frame Set with Mat - Perfect for Farmhouse Decor - Rustic Lodge - 4 Pack,5,3.21,FedEx (service not itemized) $3.21,Billed above label cost $3.21
LX0608GLD46,Streamline Matted Picture Frame - 6x8 with 4x6 Mat / Gold / 1 Pack,10,3.19,FedEx (service not itemized) $3.19,Billed above label cost $3.19
WESL24,Adjustable Wall Easel | Black | Modern - Premium Quality - 24 Inch,8,3.17,FedEx (service not itemized) $3.17,Billed above label cost $3.17
MP-PVC-LX-1824-BLACK,Americanflat 18x24 Poster Frame - Perfect for Photos and Artwork - Black,3,3.14,UPS Ground Saver $3.14,Carrier re-rate after label $3.14
PS0812NAOAK682PK,Galleria Matted Picture Frame - 8x12 with 6x8 mat / Natural Oak / 2 Pack,1,3.14,FedEx (service not itemized) $3.14,Billed above label cost $3.14
MP-LX-1414-BLACK-46,Streamline Black Picture Frame - 14x14 / Black / 4x6,1,3.12,FedEx (service not itemized) $3.12,Billed above label cost $3.12
IFBLK0406DW1-4PK,Americanflat 4x6 Picture Frame - Set of 4 - 2x3 with Mat for Instant-Print Photos - Black Mini Picture Frames with Shatter-Resistant Glass,2,3.11,FedEx (service not itemized) $3.11,Billed above label cost $3.11
MF0510WHT2PK,Americanflat 5x10 Business License Frame with Shatter-Resistant Glass - Set of 2 - Use as 3.5x8 Frame with Mat or Display 5x10 Document Without Mat,6,3.09,FedEx (service not itemized) $3.09,Billed above label cost $3.09
ESLBOOKACR,Standard Size | Acrylic Book Stand | Modern - Premium Quality,1,3.06,FedEx (service not itemized) $3.06,Billed above label cost $3.06
WMW1114BLK810,Americanflat 11x14 Picture Frame - Use as 8x10 Frame with Mat or Display 11x14 Photo Without Mat - Hudson Collection - Black,5,3.04,FedEx (service not itemized) $2.06; UPS Ground Saver $0.98,Billed above label cost $2.06; Carrier re-rate after label $0.98
MP-PVC-LX-1114-WHITE-810,"Americanflat 11x14 Picture Frame with Mat for 8x10 - Modern Design, Shatter-Resistant Glass, PVC Frame - White",2,3.04,USPS Ground Advantage $3.04,Carrier re-rate after label $3.04
LX0606BLK-2PACK,Picture Frame | Set of 2 | Slim Molding | Streamline Collection - 6x6 / 2 Pack,2,3.01,UPS (service not itemized) $2.33; FedEx (service not itemized) $0.68,Billed above label cost $3.01
LX1114SLV,Streamline Matted Picture Frame - 11x14 with 8x10 Mat / Silver / 1 Pack,1,3.01,UPS Ground Saver $3.01,Billed above label cost $3.01
MP-PES-PILL-NAVY-2020-LINES001,Americanflat 20x20 Striped Pattern Throw Pillow with Premium Polyester - Navy,1,3.01,UPS Ground Saver $3.01,Carrier re-rate after label $3.01
PS1010MAH885PK,Galleria Matted Picture Frame - 10x10 / Mahogany / 5 Pack,2,3.01,FedEx (service not itemized) $3.01,Billed above label cost $3.01
PS1010BLK885PK,Americanflat 10x10 Picture Frame with Polished Plexiglass - Set of 5 - Use as 8x8 Frame with Mat or Display 10x10 Photo Without Mat - Galleria,10,3.0,FedEx (service not itemized) $3.00,Billed above label cost $3.00
MP-MDF-1114-BLACK-0810-2PK,Americanflat Set of 2 11x14 Picture Frame with 8x10 Mat - Wood with Glass Cover - Black,4,2.99,UPS Ground Saver $2.56; FedEx (service not itemized) $0.43,Carrier re-rate after label $2.56; Billed above label cost $0.43
343124438380904530,Americanflat Poster Frame - Perfect Frame for Photos and Artwork - Large Picture Frame - Polished Plexiglass - Hanging Hardware with Horizontal and Vertical Display,1,2.99,UPS Ground Saver $2.99,Carrier re-rate after label $2.99
WMW2028WHT1624,Americanflat 20x28 Picture Frame with Polished Plexiglass - Use as 16x24 Frame with Mat or Display 20x28 Photo Without Mat - Hudson Collection - Wide,5,2.98,FedEx (service not itemized) $2.98,Billed above label cost $2.98
257803181384712275,Americanflat Gallery Picture Frame - Photo Frame for Wall Decor - Shatter Resistant Glass - Adjustable Hanging Hardware - Includes Easel for Tabletop Display,1,2.97,UPS Ground Saver $2.97,Carrier re-rate after label $2.97
343099413827633399,Americanflat Poster Frame - Perfect Frame for Photos and Artwork - Large Picture Frame - Polished Plexiglass - Hanging Hardware with Horizontal and Vertical Display,1,2.97,UPS Ground Saver $2.97,Carrier re-rate after label $2.97
MP-ALU-AL-1218-BLACK-1117,Americanflat Aluminum 12x18 Picture Frame - Black,4,2.97,FedEx (service not itemized) $2.97,Billed above label cost $2.97
LX1824BLK810,Thin Border Picture Frame | Shatter-Resistant Plexiglass | Wall Art Display - 18x24 / Black / 8x10,3,2.96,FedEx (service not itemized) $2.96,Billed above label cost $2.96
WB2040BLK,Poster Frame - Photo Frame with Engineered Wood Frame and Polished Plexiglass Cover - Horizontal and Vertical Formats for Wall - 20x40 / Black,2,2.95,FedEx (service not itemized) $2.95,Billed above label cost $2.95
WMW2024WHT1620,Oversized Gallery Picture Frame with Mat | Hudson Collection - 20x24 / White / 16x20,4,2.95,FedEx (service not itemized) $2.95,Billed above label cost $2.95
MP-MDF-WMW-0507-WHITE-46,Americanflat 5x7 Wide Molding Picture Frame - White,1,2.94,USPS Ground Advantage $2.94,Billed above label cost $2.94
MP-MDF-WMW-0810-PINK-57,Americanflat 8x10 Wide Molding Picture Frame - Pink,1,2.94,USPS Ground Advantage $2.94,Billed above label cost $2.94
PFF1114SLV810,Veranda Picture Frame | Fillet Accent | Mat Included | Shatter-Resistant - Americanflat - 11x14 / Silver,6,2.93,FedEx (service not itemized) $2.93,Billed above label cost $2.93
PS1216WH9122PK,"Americanflat 12x16 Picture Frame with Mat for 9x12, White, 2 Pack",1,2.92,USPS Ground Advantage $2.92,Carrier re-rate after label $2.92
MP-MDF-1114-BLACK-810,Americanflat Picture Frame with Mat - Wood with Glass Cover,1,2.92,USPS Ground Advantage $2.92,Carrier re-rate after label $2.92
MP-MDF-1216-BLACK-812,Americanflat 12x16 Picture Frame with 8x12 Mat - Wood with Glass Cover - Black,1,2.92,USPS Ground Advantage $2.92,Carrier re-rate after label $2.92
WB2024PBRASS,Epic Poster Frame - 20x24 / Gold,1,2.91,FedEx (service not itemized) $2.91,Billed above label cost $2.91
MP-METAL-HG-M-0507-BLACK,"Americanflat Hinged 5""x7"" Picture Frame with Shatter-Resistant Glass - Metal Picture Frame Displays Two 5""x7"" Photos - Black",5,2.91,UPS Ground Saver $2.00; UPS (service not itemized) $0.91,Carrier re-rate after label $2.00; Billed above label cost $0.91
BAM0507GLD,Bamboo Gold Picture Frame - 5x7 / Gold / Unmatted,3,2.91,FedEx (service not itemized) $2.91,Billed above label cost $2.91
WB0406DFBL3OP,Rustic Picture Frame with Distressed Molding | Hampton Collection - 3-openings / 4x6 / Turquoise Blue,3,2.91,UPS Ground Saver $2.88; FedEx (service not itemized) $0.03,Carrier re-rate after label $2.88; Billed above label cost $0.03
MW1010WALNUT444,4-Photo Collage Picture Frame for 4x6 or 4x4 | Choose Size and Color - 10x10 / Walnut,2,2.9,USPS (service not itemized) $2.86; FedEx (service not itemized) $0.04,Carrier re-rate after label $2.86; Billed above label cost $0.04
WB1824DFWH,Hampton Picture Frame - 18x24 / Aspen White,1,2.87,UPS Ground Saver $2.87,Carrier re-rate after label $2.87
PRO_MW1114LWOOD,Americanflat 11x14 Light Wood Picture Frame - Displays 8x10 With Mat or 11x14 Without Mat - Composite Wood with Shatter Resistant Glass,1,2.87,USPS Ground Advantage $2.87,Carrier re-rate after label $2.87
A413P075SHOW7275SL,"Americanflat 72x75 Hookless Shower Curtain - Water-Resistant Modern Shower Curtain with Sheer Panel, Snap-In Liner, and Durable Grommets - 100%",7,2.85,FedEx (service not itemized) $2.85,Billed above label cost $2.85
KAF8511NVY,Kids Art Frame | 10x12.5 with mat | Holds up to 100 Artworks - Americanflat - 10x12.5 / Navy,6,2.84,FedEx (service not itemized) $2.84,Billed above label cost $2.84
BAM0406GLD,Bamboo Gold Picture Frame - 4x6 / Gold / Unmatted,2,2.84,FedEx (service not itemized) $2.84,Billed above label cost $2.84
MW0610BLKNOMAT,Americanflat 6x10 Picture Frame with Shatter-Resistant Glass - Signature Collection - Gallery-Style Frames Made of Engineered Wood - Photo Frame,2,2.84,USPS Ground Advantage $2.51; UPS (service not itemized) $0.33,Carrier re-rate after label $2.51; Billed above label cost $0.33
MP-MDF-1117-WHITE,Americanflat Gallery Picture Frame - Wood Molding with Glass Front,1,2.83,USPS Ground Advantage $2.83,Carrier re-rate after label $2.83
PS1620WH5PK,Set of 5 - Classic Gallery Picture Frame with Mat | Galleria Collection - 16 x 20 / White,3,2.83,UPS Ground Saver $2.00; FedEx (service not itemized) $0.83,Carrier re-rate after label $2.00; Billed above label cost $0.83
ALU1114GLD0810,Aluminum Picture Frame | Brooklyn Portrait Collection - 11x14 / Gold,2,2.83,UPS Ground Saver $2.14; FedEx (service not itemized) $0.69,Carrier re-rate after label $2.14; Billed above label cost $0.69
PFF1114BLK810,Veranda Picture Frame - 11x14 / Black / 8x10,4,2.81,FedEx (service not itemized) $2.81,Billed above label cost $2.81
MP-MDF-FF-1114-WHITE,"Americanflat 11x14 Two-Sided Floating Picture Frame to Display Photos, Wall Art, and Pressed Flowers - White",1,2.81,USPS Ground Advantage $2.81,Carrier re-rate after label $2.81
MP-MDF-WB-2230-BLACK,"Americanflat Poster Frame 22""x30"" inches - Black Wooden Picture Frame with Plexiglass Cover",4,2.8,FedEx (service not itemized) $2.80,Billed above label cost $2.80
PS1620SLV11142PK,Americanflat 16x20 Picture Frame with Polished Plexiglass - Set of 2 - 11x14 with Mat or 16x20 Without Mat - Galleria - Picture Frames - Silver,4,2.79,FedEx (service not itemized) $2.79,Billed above label cost $2.79
MP-MDF-WBDIST-0810-DBLUE,Americanflat Rustic Picture Frame - Unique Farmhouse Look - 8x10 - Turquoise Blue,1,2.78,UPS Ground Saver $2.78,Carrier re-rate after label $2.78
WMW0909BLK66,Hudson Picture Frame - 9x9 / Black / 6x6,3,2.78,FedEx (service not itemized) $2.78,Billed above label cost $2.78
PS0812BLK5PKNOMAT,Americanflat 8x12 Picture Frame with Polished Plexiglass - Set of 5 - Galleria Collection - Picture Frames for Tabletop and Wall Display - Black,1,2.77,UPS Ground Saver $2.77,Carrier re-rate after label $2.77
FF1114BK,"Americanflat 11x14 inch Black Floating Frame | Displays 11x14, 8x10, or 5x10 photos. Lead Free Glass. Hanging Hardware Included!",1,2.77,UPS Ground Saver $2.77,Carrier re-rate after label $2.77
WB0406DFBLK3OP,Americanflat Collage Picture Frame in with Three Displays Textured Wood and Polished Glass for Wall and Tabletop - Charcoal 4 x 6,1,2.77,UPS Ground Saver $2.77,Carrier re-rate after label $2.77
MW1414LWOOD,Americanflat 14x14 Light Wood Wedding Signature Picture Frame Displays 5x7 Photo with Polished Glass,1,2.77,UPS Ground Saver $2.77,Carrier re-rate after label $2.77
WMW1114MAH810,Hudson Picture Frame - 11x14 / Mahogany / 8x10,1,2.77,UPS Ground Saver $2.77,Carrier re-rate after label $2.77
SIFBLK11173PK,"Americanflat 11x17 Picture Frame in Black - Set of 3 - 11x17 Frame with Slimline Molding, Plexiglass Cover",4,2.76,UPS Ground Saver $2.15; FedEx (service not itemized) $0.61,Carrier re-rate after label $2.15; Billed above label cost $0.61
WB1836BLK,Gallery Poster Frame without Mat | Epic Collection - 18x36 / Black,2,2.76,FedEx (service not itemized) $2.76,Billed above label cost $2.76
KAF8511OAK,Kids Art Frame | 10x12.5 with mat | Holds up to 100 Artworks - Americanflat - 10x12.5 / Dark Oak,4,2.75,UPS Ground Saver $2.54; FedEx (service not itemized) $0.21,Carrier re-rate after label $2.54; Billed above label cost $0.21
LX1620WHT1114,Picture Frame | Includes Mat | Slim Molding | Streamline Collection - 16x20 with 11x14 Mat / White / 1 Pack,2,2.74,FedEx (service not itemized) $1.74; UPS Ground Saver $1.00,Billed above label cost $1.74; Carrier re-rate after label $1.00
A4LWOOD,A-Size Picture Frame - A4 (8.3x11.7) / Lightwood / 1 Pack,1,2.72,USPS Ground Advantage $2.72,Carrier re-rate after label $2.72
257803181384712283,Americanflat Gallery Picture Frame - Photo Frame for Wall Decor - Shatter Resistant Glass - Adjustable Hanging Hardware - Includes Easel for Tabletop Display,2,2.72,UPS (service not itemized) $2.01; UPS Ground Saver $0.71,Carrier re-rate after label $2.72
LX1114WHT,Picture Frame | Includes Mat | Slim Molding | Streamline Collection - 11x14 with 8x10 Mat / White / 1 Pack,2,2.72,FedEx (service not itemized) $1.72; UPS Ground Saver $1.00,Billed above label cost $1.72; Carrier re-rate after label $1.00
MP-MDF-CFF-1014-BLACK-257,Americanflat Floating Collage Frame - Display Two 5x7 Photos - 10x14 - Black,4,2.71,UPS Ground Saver $1.96; FedEx (service not itemized) $0.39; USPS Ground Advantage $0.36,Carrier re-rate after label $2.33; Billed above label cost $0.39
WB1926BLK,Americanflat 19x26 Picture Frame  - Black Picture Frame - Wide Photo Frames Made of Engineered Wood - Epic Collection - Black,1,2.71,FedEx (service not itemized) $2.71,Billed above label cost $2.71
MP-PVC-PS-0707-BLACK-44-2PK,Americanflat 2 Pack of 7x7 Frames with 4x4 Mat - Plexiglass Cover - Black,1,2.71,USPS Ground Advantage $2.71,Billed above label cost $2.71
BSOL5060GRN,Americanflat 50x60 Fleece Throw Blanket - Green Polyester Fleece,6,2.67,FedEx (service not itemized) $2.67,Billed above label cost $2.67
A281P403SHOW7174,"Americanflat Embodiment by PI Creative Art Floral Shower Curtain, 71x74",4,2.67,UPS (service not itemized) $1.64; FedEx (service not itemized) $1.04,Billed above label cost $2.67
SHOW7275IVRWAFSL,"Americanflat 72x75 Hookless Waffle Pattern Shower Curtain - Water-Resistant Long Shower Curtain with Sheer Panel, Snap-In Liner, and Durable Grommets",6,2.64,FedEx (service not itemized) $2.64,Billed above label cost $2.64
PS0912BLK692PK,Americanflat Galleria Picture Frames | Set of 2 | With Mat | Acrylic - 12x16 with 6x9 mat / Black,1,2.63,FedEx (service not itemized) $2.63,Billed above label cost $2.63
PS1620BLK12165PK,Set of 5 - Classic Gallery Picture Frame with Mat | Galleria Collection - 16 x 20 Matted to 12 x 16 / Black,2,2.62,FedEx (service not itemized) $2.62,Billed above label cost $2.62
MP-MDF-STF-1216-BLACK,Americanflat Quick-Change 12x16 Photo Storage Display Frame Black,2,2.62,FedEx (service not itemized) $2.62,Billed above label cost $2.62
GRAD1313OAK,Americanflat 13x13 Oak Graduation Frame - 2 Opening Mat Displays 8x10 Photo and Tassle. Square Frame with Tempered 2X Sawtooth Hangers,1,2.61,USPS Ground Advantage $2.61,Carrier re-rate after label $2.61
MP-MDF-GSK-0810-BLACK-12PK,Americanflat 8x10 Picture Frame Set to Enhance Wall Decor - Black - 12 Pack,2,2.58,FedEx (service not itemized) $2.58,Billed above label cost $2.58
WMW1723WHT1319,Oversized Gallery Picture Frame with Mat | Hudson Collection - 17x23 / White / 13x19,2,2.58,FedEx (service not itemized) $2.58,Billed above label cost $2.58
MW0812WALNUT,Americanflat 8x12 Picture Frame in Walnut with Shatter Resistant Glass - Horizontal and Vertical Formats for Wall and Tabletop,2,2.57,FedEx (service not itemized) $1.57; UPS Ground Saver $1.00,Billed above label cost $1.57; Carrier re-rate after label $1.00
LX1216BLK46,Americanflat 12x16 Picture Frame in Black - Use as 4x6 Picture Frame with Mat or 12x16 Frame Without Mat,1,2.57,UPS Ground Saver $2.57,Carrier re-rate after label $2.57
A281P376SHOW7174,"Americanflat 71 x 74 Shower Curtain, Drizzle Ii by PI Creative Art",1,2.57,UPS Ground Saver $2.57,Carrier re-rate after label $2.57
OCFBAM0507GLD,Americanflat 5x7 Metal Picture Frame With Bamboo-Style Molding - Gold Bamboo Frame with Shatter-Resistant Glass - Elegant Gallery Style Frames,7,2.56,FedEx (service not itemized) $2.56,Billed above label cost $2.56
A403P120SHOW7174,Mid Century Circles by Artprink - mid century Abstract Shower Curtain - Americanflat,2,2.56,UPS Ground Saver $2.56,Carrier re-rate after label $2.56
OCFBAM0810SLV57,Americanflat 8x10 Metal Picture Frame With Bamboo-Style Molding and Shatter-Resistant Glass - Use as 5x7 Frame with Mat or 8x10 Photo Without Mat,5,2.56,FedEx (service not itemized) $2.56,Billed above label cost $2.56
OCFHGM0507BLK,Americanflat Hinged 5x7 Metal Picture Frame With Shatter-Resistant Glass - Modern Metal Picture Frame Displays Two 5x7 Photos - Elegant Photo Frames,6,2.54,FedEx (service not itemized) $2.54,Billed above label cost $2.54
WMW1215PNICKEL912,Americanflat 12x15 Picture Frame Shatter-Resistant Glass with Removable Mat - Home Gallery Wall Decor for Photos and Art Signature Collection - Silver,1,2.53,USPS Ground Advantage $2.53,Carrier re-rate after label $2.53
MP-MDF-STF-1117-BLACK,Americanflat Quick-Change 11x17 Photo Storage Display Frame Black,2,2.52,FedEx (service not itemized) $1.98; UPS Ground Saver $0.54,Billed above label cost $1.98; Carrier re-rate after label $0.54
MPCANGWA281P17192424,"Americanflat 24x24 Canvas Wall Art Featuring Beige, Brown, Blue and White Tones - Gallery Wrap - Landscape Wall Art",1,2.52,UPS Ground Saver $2.52,Carrier re-rate after label $2.52
LX0608WHTNOMAT,"Americanflat 6x8 Picture Frame with Shatter-Resistant Glass, Streamline Collection, Thin Border Photo Frame for Wall and Tabletop Display, White",7,2.51,FedEx (service not itemized) $2.51,Billed above label cost $2.51
MP-MDF-HG-0507-WHITE,Americanflat 5x7 Hinged Picture Frame for 2 Photos - White,3,2.51,UPS Ground Saver $2.51,Carrier re-rate after label $2.51
343081422288175125,Americanflat Picture Frame Set with Mat - Set of 5 - Photo Frame Set of Five for Wall Display - Plexiglass Cover - Hanging Hardware,5,2.51,FedEx (service not itemized) $2.51,Billed above label cost $2.51
WB1224BLK,Gallery Poster Frame without Mat | Epic Collection - 12x24 / Black,2,2.51,FedEx (service not itemized) $2.51,Billed above label cost $2.51
MP-PVC-LX-1217-BLACK,Americanflat 12x17 Poster Frame - Perfect for Photos and Artwork - Black,1,2.51,USPS Ground Advantage $2.51,Carrier re-rate after label $2.51
FTBLWDBLK3PK,All-Star Sports Display Case | Sports Memorabilia - Football,1,2.5,USPS Ground Advantage $2.50,Carrier re-rate after label $2.50
MP-PVC-PS-0810-WHITE-57-2PK,Americanflat 2 Pack of 8x10 Frames with 5x7 Mat - Plexiglass Cover - White,1,2.48,USPS Ground Advantage $2.48,Carrier re-rate after label $2.48
ABS0406BK12PK,Americanflat Front Loading 4x6 Picture Frames in Black - Set of 12 Thin Frameless Plastic Frames with Shatter-Resistant Glass,1,2.48,USPS Ground Advantage $2.48,Carrier re-rate after label $2.48
WMW1114PNICKEL811,Americanflat 11x14 Picture Frame Shatter-Resistant Glass with Removable Mat - Home Gallery Wall Decor for Photos and Art Signature Collection - Silver,1,2.47,USPS Ground Advantage $2.47,Carrier re-rate after label $2.47
GLFBLLDCBLK,Golf Ball Display Case | Silhouette Collection,2,2.46,UPS Ground Saver $2.46,Carrier re-rate after label $2.46
MP-PES-SHOW-A393P002-7174,71x74 Boho Geometric Shower Curtain - 100% Polyester - Water-Resistant Bath Curtain,3,2.46,UPS Ground Saver $2.14; FedEx (service not itemized) $0.32,Carrier re-rate after label $2.14; Billed above label cost $0.32
MP-MDF-KAF-13516-WHITE-2OP,Americanflat 8.5x11 and 4x6 Art Frame for Kids Displays 2 Images - Perfect for Wall Decor - White,3,2.45,USPS Ground Advantage $1.59; FedEx (service not itemized) $0.86,Carrier re-rate after label $1.59; Billed above label cost $0.86
MP-ALU-FF-0507-BLACK,Americanflat Floating Aluminum & Plexiglass Frame - 5x7 - Black,2,2.45,FedEx (service not itemized) $2.37; UPS Ground Saver $0.08,Billed above label cost $2.37; Carrier re-rate after label $0.08
520066876018393094,Americanflat 16x20 Black Picture Frames - Shatter-Resistant Glass - 3 Pack - Use as 13x17 with mat or as 16x20 frame without mat,8,2.44,FedEx (service not itemized) $2.44,Billed above label cost $2.44
421461307750596612,Americanflat Picture Frame with Bamboo Design - Gold Bamboo Frame with Shatter-Resistant Glass - Elegant Gallery Style Frame - Faux Bamboo Photo Frame for Tabletop or Wall Display,1,2.44,UPS Ground Saver $2.44,Billed above label cost $2.44
473718790188040218,Americanflat Picture Frame with Mat & Rope-Style Textured Detailing and Shatter-Resistant Glass - Use With or Without the included Mat - Elegant Bamboo Frames for Tabletop or Wall,1,2.44,UPS Ground Saver $2.44,Billed above label cost $2.44
MP-MDF-0507-BLACK-46-2PK,Americanflat Picture Frame | Includes Mat | Set of 2 | Classic Molding | Signature Collection - 5x7 / Black,2,2.41,UPS Ground Saver $2.41,Carrier re-rate after label $2.41
GSD0507BLK,Soho Deep Picture Frame - 5x7 / Black,3,2.41,FedEx (service not itemized) $2.41,Billed above label cost $2.41
MW0808WHTNOMAT,Picture Frame | Classic Molding | Signature Collection - Americanflat - White / 8x8,2,2.4,UPS Ground Saver $2.30; FedEx (service not itemized) $0.10,Carrier re-rate after label $2.30; Billed above label cost $0.10
MP-ABS-0507-BLACK-46-6PK,Americanflat Front Loading 5x7 Picture Frame Set with Mat for 4x6 - Perfect for Photos - 6 Pack - Black,2,2.4,UPS Ground Saver $2.40,Carrier re-rate after label $2.40
GSD0507BLK46,Americanflat 5x7 Picture Frame - Use as 4x6 Frame with Mat or Display 5x7 Photo Without Mat - Deep Molding Picture Frames for Tabletop or Wall - Black,2,2.35,UPS Ground Saver $2.00; FedEx (service not itemized) $0.36,Carrier re-rate after label $2.00; Billed above label cost $0.36
PS1313BLK10105PK,Classic Gallery Picture Frame | Set of 5 | Galleria Collection | Includes Mat - 13X13 / Black,2,2.35,FedEx (service not itemized) $2.35,Billed above label cost $2.35
BFXF5060PNK,Americanflat 50x60 Faux Fur Throw Blanket - Pink Polyester Faux Fur,1,2.34,FedEx (service not itemized) $2.34,Billed above label cost $2.34
PS0507BLK462PK,"Set of 2 - Classic Gallery Picture Frame with Mat | Galleria Collection - 5"" x 7"" / Black",1,2.32,FedEx (service not itemized) $2.32,Billed above label cost $2.32
PS1114BK8102PK,"Set of 2 - Classic Gallery Picture Frame with Mat | Galleria Collection - 11"" x 14"" W/MAT 8"" x 10"" / Black",1,2.32,FedEx (service not itemized) $2.32,Billed above label cost $2.32
MP-PES-SHOW-A281P273-7174-RED,Americanflat Abstract Shower Curtain Marble Petroleum by PI Creative Art,3,2.31,FedEx (service not itemized) $2.31,Billed above label cost $2.31
MP-WOVEN-SHOW-7171-GREEN,Americanflat 71x71 Woven Linen Green Shower Curtain with Tassel Accents - Includes 12 Grommets and Hooks - 100% Polyester,1,2.31,UPS Ground Saver $2.31,Carrier re-rate after label $2.31
WMW11514BLK8511,Americanflat 11.5x14 Picture Frame with Shatter-Resistant Glass - Use as 8.5x11 Frame with Mat or Display 11.5x14 Photo Without Mat - Hudson,1,2.3,FedEx (service not itemized) $2.30,Billed above label cost $2.30
MP-METAL-BAM-0810-SILVER-57,Americanflat 8x10 Picture Frame with Bamboo-Style Molding and Shatter-Resistant Glass and Mat - Tabletop or Wall Display - Silver,1,2.29,USPS Ground Advantage $2.29,Billed above label cost $2.29
MP-METAL-BAM-1114-SILVER-810,Americanflat 11x14 Picture Frame with Bamboo-Style Molding and Shatter-Resistant Glass and Mat - Tabletop or Wall Display - Silver,1,2.29,USPS Ground Advantage $2.29,Billed above label cost $2.29
MP-MDF-WMW-1616-BLACK-1212,Americanflat 16x16 Wide Molding Picture Frame - Black,5,2.29,FedEx (service not itemized) $2.29,Billed above label cost $2.29
CF0716WHT257,Americanflat 5x7 Double Picture Frame with Shatter-Resistant Glass - Fits Two 5x7 Photos or use as One 7x16 Frame - Signature Collection - Collage,8,2.27,FedEx (service not itemized) $2.27,Billed above label cost $2.27
SB1212WHT1010,Silhouette Matted Keepsake Shadow Box - 12x12 / White,2,2.26,FedEx (service not itemized) $2.26,Billed above label cost $2.26
MP-MDF-DF-8511-PBRASS,Americanflat 8.5x11 Diploma Frame - Document Frame with Shatter-Resistant Glass and Engineered Wood - Certificate Frame for Tabletop and Wall - Gold,2,2.26,USPS Ground Advantage $1.57; UPS Ground Saver $0.69,Carrier re-rate after label $2.26
MP-MDF-CF-0716-WHITE-257,Americanflat 7x16 Collage Picture Frame - Fits Two 5x7 Photos or One 7x16 Picture - White,2,2.25,USPS Ground Advantage $1.27; UPS Ground Saver $0.98,Carrier re-rate after label $2.25
LX0812BLK-2PACK,Streamline Black Unmatted Picture Frame - 8x12 / Black / 2 Pack,3,2.25,UPS Ground Saver $1.44; FedEx (service not itemized) $0.81,Carrier re-rate after label $1.44; Billed above label cost $0.81
PS0909MAH665PK,Set of 5 - Classic Gallery Picture Frame with Mat | Galleria Collection - 9 x 9 / Mahogany,2,2.25,FedEx (service not itemized) $2.25,Billed above label cost $2.25
MPPESSHOW7174SGROMB,Americanflat 71x74 Sage Green Ombre Shower Curtain - Water-Resistant Long Shower Curtain with Durable Metal Grommets and 10 Hooks - 100% Polyester,3,2.24,FedEx (service not itemized) $2.24,Billed above label cost $2.24
LX1212BLKNOMAT,Picture Frame | Slim Molding | Streamline Collection - 12X12 / Black,1,2.21,UPS Ground Saver $2.21,Carrier re-rate after label $2.21
MP-WPC-GSD-8511-BLACK,"Americanflat 8.5x11 Gallery-Style Picture Frame to Secure Artwork, Prints, and Photos - Black",1,2.2,USPS Ground Advantage $2.20,Carrier re-rate after label $2.20
MP-PVC-PS-1620-SILVER-1114-5PK,Americanflat 5 Pack of 16x20 Frames with 11x14 Mat - Plexiglass Cover - Silver,3,2.2,FedEx (service not itemized) $2.20,Billed above label cost $2.20
MW1114WALNUT546,Americanflat 11x14 Collage Picture Frame in Walnut with Five 4x6 Picture Displays - Shatter Resistant Glass Horizontal and Vertical Formats for Wall,1,2.19,UPS Ground Saver $2.19,Billed above label cost $2.19
BJ3040BXPETCRM,30x40 | Jacquard Fleece Throw Blanket | Cream | Soft and Breathable | Modern,3,2.18,FedEx (service not itemized) $2.18,Billed above label cost $2.18
MP-MDF-MW-1414-DWOOD-57,Americanflat 14x14 Wedding Signature Picture Frame - 5x7 Picture Frame with or 14x14 Frame without Mat - Driftwood,2,2.17,UPS Ground Saver $2.17,Carrier re-rate after label $2.17
LX1824BLKNOMAT2PK,Americanflat 18x24 Poster Frame with Polished Plexiglass - Set of 2 - Streamline Collection - Thin Border Picture Frame for Wall Display - Black,2,2.16,FedEx (service not itemized) $2.16,Billed above label cost $2.16
MP-PES-SHOW-GEO1-7275-GRAY-SL,"Americanflat 72x75 Hookless Shower Curtain - Abstract Grey Lines Shower Curtain with Sheer Panel, Snap-In Liner, and Grommets - 100% Polyester",5,2.15,FedEx (service not itemized) $2.15,Billed above label cost $2.15
MP-MDF-WBDIST-1114-DNAVY,"Americanflat 11x14 Picture Frame in Navy - Rustic Picture Frame with Textured Engineered Wood, Shatter Resistant Glass and Easel Back",1,2.14,USPS Ground Advantage $2.14,Carrier re-rate after label $2.14
MP-MDF-WBDIST-1114-DRED,"Americanflat 11x14 Picture Frame in Red - Rustic Picture Frame with Textured Engineered Wood, Shatter Resistant Glass and Easel Back",1,2.14,USPS Ground Advantage $2.14,Carrier re-rate after label $2.14
MP-MDF-CF-1212-BLACK-446,Americanflat 12x12 Collage Picture Frame - Fits Four 4x6 Photos or One 12x12 Picture - Black,1,2.14,UPS (service not itemized) $2.14,Billed above label cost $2.14
PS1216BK9122PK,"Set of 2 - Classic Gallery Picture Frame with Mat | Galleria Collection - 12"" x 16"" / Black",3,2.13,FedEx (service not itemized) $2.13,Billed above label cost $2.13
PS1620BLK12162PK,"Set of 2 - Classic Gallery Picture Frame with Mat | Galleria Collection - 16"" x 20"" / Black",3,2.13,UPS Ground Saver $2.00; FedEx (service not itemized) $0.13,Carrier re-rate after label $2.00; Billed above label cost $0.13
PS1824BLK5PKNOMAT,Americanflat 18x24 Poster Frame with Polished Plexiglass - Set of 5 - Galleria Collection - Gallery Wall Frame Set for Wall Display - Black,3,2.11,FedEx (service not itemized) $2.11,Billed above label cost $2.11
WMW0507BLK46,Hudson Picture Frame - 5x7 / Black / 4x6,4,2.1,FedEx (service not itemized) $2.10,Billed above label cost $2.10
CCF1212BLK88,Mod Black Picture Frame - Black / 12x12 / 8x8,1,2.08,FedEx (service not itemized) $2.08,Billed above label cost $2.08
MP-PS-1117-WHITE-915-5PK,Americanflat 11x17 poster frame 5 Pack of Picture Frames - Gallery Wall Frame Set 11x17 picture frame with mat,1,2.08,USPS Ground Advantage $2.08,Carrier re-rate after label $2.08
WMW2434WHT2030,Oversized Gallery Picture Frame with Mat | Hudson Collection - 24x34 / White / 20x30,2,2.07,FedEx (service not itemized) $2.07,Billed above label cost $2.07
PS1114MAH8112PK,Americanflat 11x14 Picture Frame with Polished Plexiglass - Set of 2 - Use as 8x11 Frame with Mat or Display 11x14 Photo Without Mat - Mahogany,1,2.06,USPS Ground Advantage $2.06,Carrier re-rate after label $2.06
FY-QT0T-QWY2_2PK,Americanflat 12.5x12.5 Album Frame in Black Aluminum with Polished Plexiglass - Wall Mounted Pack of 2,1,2.06,USPS Ground Advantage $2.06,Carrier re-rate after label $2.06
MP-METAL-HG-M-0406-SILVER,Americanflat Hinged 4x6 Picture Frame with Shatter-Resistant Glass - Metal Picture Frame Displays Two 4x6 Photos - Silver,1,2.03,UPS Ground Saver $2.03,Carrier re-rate after label $2.03
SHOW7275LGRAYWAFSL,"Americanflat 72x75 Hookless Waffle Pattern Shower Curtain - Water-Resistant Long Shower Curtain with Sheer Panel, Snap-In Liner, and Durable Grommets",5,2.03,FedEx (service not itemized) $2.03,Billed above label cost $2.03
SHOW7275GEO5GRYSL,"Americanflat 72x75 Hookless Shower Curtain - Water-Resistant Striped Shower Curtain with Sheer Panel, Snap-In Liner, and Durable Grommets - 100%",4,2.02,FedEx (service not itemized) $2.02,Billed above label cost $2.02
MP-MDF-WBDIST-0507-DBLUE-2OP,Dual Photo Frame | Rustic Farmhouse Design | Hinged Tabletop Display | Glass - 5x7 / Rustic Turquoise Blue,1,2.02,USPS Ground Advantage $2.02,Carrier re-rate after label $2.02
520066888903294982,Americanflat 18x24 Black Picture Frames - Shatter-Resistant Glass - 3 Pack - Use as 14x20 with mat or as 18x24 frame without mat,5,2.02,FedEx (service not itemized) $2.02,Billed above label cost $2.02
A413P090SHOW7275SL,"Americanflat 72x75 Hookless Shower Curtain - Water-Resistant Modern Stripe Shower Curtain with Sheer Panel, Snap-In Liner, and Grommets - 100%",4,2.02,FedEx (service not itemized) $2.02,Billed above label cost $2.02
MP-MDF-FFM-12515-BLACK,"Americanflat 12.5"" x 15"" Floating Picture Frame for Certificates and Diplomas - Black",1,2.01,UPS (service not itemized) $2.01,Carrier re-rate after label $2.01
GSD1620WHT1114,Soho Matted Picture Frame - 16x20 / White / 11x14,1,2.0,UPS Ground Saver $2.00,Carrier re-rate after label $2.00
MPCANFA281P17161624,"Americanflat Canvas Wall Art Featuring Sand, Ocean, Sky and Tall Grasses with Hand-Painted Accents - Coastal Beach Wall Art",1,2.0,UPS Ground Saver $2.00,Carrier re-rate after label $2.00
WMW1824WHT1218,Hudson Picture Frame - 18x24 / White / 12x18,1,2.0,UPS Ground Saver $2.00,Carrier re-rate after label $2.00
CF1826BLK16OP,Signature Matted Engineered Wood Collage Frame - 18x26 / Black / 16OP,1,2.0,UPS Ground Saver $2.00,Carrier re-rate after label $2.00
405134844905717766,Americanflat Poster Frame - Perfect Frame for Photos and Artwork - Large Picture Frame - Polished Plexiglass - Hanging Hardware with Horizontal and Vertical Display,1,2.0,UPS Ground Saver $2.00,Carrier re-rate after label $2.00
WB1620PNICKEL,Epic Poster Frame - 16x20 / Silver,1,2.0,UPS Ground Saver $2.00,Carrier re-rate after label $2.00
WB2024DSTPC,Americanflat 20x24 Picture Frame with Polished Plexiglass - Grey Picture Frame with Engineered Wood - Epic Collection,1,2.0,UPS Ground Saver $2.00,Carrier re-rate after label $2.00
MW1319BK2PK,Americanflat 13x19 Picture Frames in Black - Composite Wood with Shatter Resistant Glass - Wall Mounted Horizontal and Vertical Formats (2-Pack),1,2.0,UPS Ground Saver $2.00,Carrier re-rate after label $2.00
LX2222BLKNOMAT,Americanflat 22x22 Picture Frame with Polished Plexiglass - Thin Border Square Frame for Wall Display - Hanging Hardware Included - Black,1,2.0,UPS Ground Saver $2.00,Carrier re-rate after label $2.00
PS1822BLK14182PK,Americanflat 18x22 Picture Frame with Polished Plexiglass - Set of 2 - Use as 14x18 with Mat or 18x22 Without Mat - Galleria Collection - Black,1,2.0,UPS Ground Saver $2.00,Carrier re-rate after label $2.00
MP-MDF-WB-1420-BLACK-1117,Americanflat Poster Frame 14x20 inches with 11x17 Mat - Black Wooden Picture Frame with Plexiglass Cover,1,2.0,UPS Ground Saver $2.00,Carrier re-rate after label $2.00
MW0824LWOOD546,Signature Matted Engineered Wood Collage Frame - 8x24 / Lightwood / 1 Pack,1,2.0,UPS Ground Saver $2.00,Carrier re-rate after label $2.00
MW0820WALNUT446,Signature Matted Engineered Wood Collage Frame - 8x20 / Walnut / 1 Pack,1,2.0,UPS Ground Saver $2.00,Carrier re-rate after label $2.00
LX2020GLD810NF,Thin Border Picture Frame | Shatter-Resistant Plexiglass | Wall Art Display - 20x20 / Gold / 8x10,1,2.0,UPS Ground Saver $2.00,Carrier re-rate after label $2.00
WMW1624PNICKEL1218,Oversized Gallery Picture Frame with Mat | Hudson Collection - 16x24 / Silver / 12x18,1,2.0,UPS Ground Saver $2.00,Carrier re-rate after label $2.00
313770063506407460,Americanflat Floating Collage Frame - Displays Three Photos with Floating Effect - Shatter Resistant Glass - Hanging Hardware for Horizontal or Verticle Display,1,2.0,UPS Ground Saver $2.00,Carrier re-rate after label $2.00
WMW1624MAH1218,Oversized Gallery Picture Frame with Mat | Hudson Collection - 16x24 / Mahogany / 12x18,1,2.0,UPS Ground Saver $2.00,Carrier re-rate after label $2.00
355375316487290893,Americanflat 12x22 Collage Picture Frame - Fits Eight 4x6 Photos or One 12x22 Picture,1,2.0,UPS Ground Saver $2.00,Carrier re-rate after label $2.00
MP-MDF-WB-1622-BLACK,Americanflat Poster Frame 16x22 inches - Black Wooden Picture Frame with Plexiglass Cover,1,2.0,UPS Ground Saver $2.00,Carrier re-rate after label $2.00
MP-PVC-LX-1418-810-BLK-3SET,Americanflat Set of 3 Picture Frames  | Gallery Wall Frame Set | Black - 14 x 18 / Black,1,2.0,UPS Ground Saver $2.00,Carrier re-rate after label $2.00
332704427912118332,Americanflat Poster Frame with Mat - Large Picture Frame - Polished Plexiglass Cover - Hanging Hardware for Horizontal and Vertical Display - Black,1,2.0,UPS Ground Saver $2.00,Carrier re-rate after label $2.00
337552379440414739,Americanflat 10x20 Collage Picture Frame - Displays (3) 5x7 Photos with Mat or (1) 10x20 Photo without Mat - Wall Gallery Decor - Plexiglass Cover - Hanging Hardware - Black,1,2.0,UPS Ground Saver $2.00,Carrier re-rate after label $2.00
313769999081898031,Americanflat Floating Aluminum Picture Frame - Sleek Aluminum Photo Frame for Wall Display - Black Metal Molded Frame - Shatter Resistant Glass - Hanging Hardware,1,2.0,UPS Ground Saver $2.00,Carrier re-rate after label $2.00
427003095462690828,Americanflat Poster Frame with Mat - Large Picture Frame - Polished Plexiglass Cover - Hanging Hardware for Horizontal and Vertical Display - Black,1,2.0,UPS (service not itemized) $2.00,Billed above label cost $2.00
LX2525BLKNOMAT,Americanflat 25x25 Picture Frame with Polished Plexiglass - Streamline Collection - Thin Square Picture Frame for Wall Display - Black,1,2.0,UPS (service not itemized) $2.00,Billed above label cost $2.00
MP-PS-VF-1620-SILVER-1114,"Americanflat 16""x20"" Vintage Picture Frame with Mat and Beaded Accents with Plexiglass Cover - Silver",1,2.0,UPS (service not itemized) $2.00,Billed above label cost $2.00
LX1416BLKNOMAT,Americanflat 14x16 Picture Frame with Polished Plexiglass - Streamline Collection - Thin Border Picture Frame for Wall Display - Black,4,2.0,FedEx (service not itemized) $2.00,Billed above label cost $2.00
PS0810GLD572PK,Americanflat 8x10 Picture Frame with Polished Plexiglass - Set of 2 - Use as 5x7 Frame with Mat or Display 8x10 Photo Without Mat - Galleria,6,2.0,FedEx (service not itemized) $2.00,Billed above label cost $2.00
PFF1620GLD1114,Veranda Picture Frame - 16x20 / Gold / 11x14,2,1.99,FedEx (service not itemized) $1.99,Billed above label cost $1.99
MP-PES-SHOW-7174-SOLIDBLUE,Americanflat 71x74 Solid Blue Shower Curtain - Water Resistant - Polyester Fabric,3,1.99,UPS Ground Saver $1.99,Carrier re-rate after label $1.99
CFF0912WHT246,Americanflat 4x6 Double Picture Frame with Shatter-Resistant Glass - Fits Two 4x6 Photos or use as One 9x12 Picture Frame - Signature Collection -,4,1.98,FedEx (service not itemized) $1.98,Billed above label cost $1.98
MP-PVC-PS-0912-BLACK-5PK,Americanflat 5 Pack of 9x12 Frames - Plexiglass Cover - Black,2,1.98,UPS Ground Saver $1.98,Carrier re-rate after label $1.98
DF05074PKRUS46,Americanflat Rustic 5x7 Picture Frame Set of 4 - Use as 4x6 Picture Frame with Mat or 5x7 Frame Without Mat,1,1.97,USPS Ground Advantage $1.97,Carrier re-rate after label $1.97
SIF2228BLK,Snap-In Poster Frame Without Mat - Americanflat - 22x28 / Black,2,1.96,FedEx (service not itemized) $1.96,Billed above label cost $1.96
A3PBRASS,A-Size Picture Frame - A3 (11.7x16.5) / Gold / 1 Pack,2,1.95,UPS Ground Saver $1.95,Carrier re-rate after label $1.95
SB1111OAK,Silhouette Keepsake Shadow Box - 11x11 / Oak,1,1.95,FedEx (service not itemized) $1.95,Billed above label cost $1.95
MWMAH10PACK,Americanflat Set of 10 Picture Frames with Shatter-Resistant Glass - Gallery Wall Frame Set with Two 8x10 Frames - Signature Collection - Mahogany,3,1.94,FedEx (service not itemized) $1.94,Billed above label cost $1.94
PS0812WH682PK,"Americanflat 8x12 Picture Frame with Mat for 6x8, White, 2 Pack",1,1.94,UPS Ground Saver $1.94,Carrier re-rate after label $1.94
A281P1573SHOW7275SL,"Americanflat 72x75 Hookless Shower Curtain - Water-Resistant Coral Reef Shower Curtain with Sheer Panel, Snap-In Liner, and Grommets - 100% Polyester",5,1.94,FedEx (service not itemized) $1.94,Billed above label cost $1.94
MP-PS-1114-WHITE-810-5PK,Americanflat 5 Pack of 11x14 Frames with 8x10 Mat - Plexiglass Cover - White,2,1.94,FedEx (service not itemized) $1.94,Billed above label cost $1.94
OVF0507GLD,Heirloom Unmatted Picture Frame - 5x7 / Gold / Ornate Vintage frame,3,1.94,FedEx (service not itemized) $1.94,Billed above label cost $1.94
MP-ALU-AL-1319-BLACK-1117,Americanflat Aluminum 13x19 Picture Frame - Black,2,1.93,FedEx (service not itemized) $1.93,Billed above label cost $1.93
WB2036BLK,Epic Poster Frame - 20x36 / Black,1,1.91,FedEx (service not itemized) $1.91,Billed above label cost $1.91
WMW1620GREY1216,Americanflat 16x20 Picture Frame with Polished Plexiglass - Use as 12x16 Frame with Mat or Display 16x20 Photo Without Mat - Hudson Collection - Wide,1,1.9,FedEx (service not itemized) $1.90,Billed above label cost $1.90
MW0407BLKNOMAT,Picture Frame | Classic Molding | Signature Collection - Americanflat - Black / 4x7,2,1.88,UPS Ground Saver $1.88,Carrier re-rate after label $1.88
MP-PES-SHOW-A281P369-7174-ORG,"Americanflat Where the Passion Flower Grows by PI Creative Art Floral Shower Curtain, 71x74",1,1.87,FedEx (service not itemized) $1.87,Billed above label cost $1.87
MP-PVC-PS-1620-BLACK-5PK,Americanflat 5 Pack of 16x20 Frames - Plexiglass Cover - Black,4,1.87,FedEx (service not itemized) $1.87,Billed above label cost $1.87
260722722961604629,"Americanflat Gallery Wall Picture Frames - Set of 10 - 8x10 (2), 5x7 (4), 4x6 (4) - Picture Frame Set - Shatter Resistant Glass - Adjustable Hanging Hardware - Easel for Table Display",1,1.87,FedEx (service not itemized) $1.87,Billed above label cost $1.87
MW1216BK8122PK,"Americanflat Picture Frame in Black MDF / Shatter Resistant Glass Horizontal and Vertical Formats for Wall - 12"" x 16"" - Pack of 2",1,1.86,FedEx (service not itemized) $1.86,Billed above label cost $1.86
SHOW7275GEO1GRYSL,"Americanflat 72x75 Hookless Shower Curtain - Water-Resistant Cottage Stripe Shower Curtain with Sheer Panel, Snap-In Liner, and Durable Grommets",5,1.86,FedEx (service not itemized) $1.86,Billed above label cost $1.86
WB1318BLK,Epic Poster Frame - 13x18 / Black,5,1.85,FedEx (service not itemized) $1.85,Billed above label cost $1.85
MP-PVC-LX-1216-BLACK-810,Americanflat 12x16 Poster Frame With Mat for 8x10 - Perfect for Photos and Artwork - Black,1,1.85,USPS Ground Advantage $1.85,Carrier re-rate after label $1.85
MP-PVC-PS-8511-BLACK-5PK,Americanflat 5 Pack of 8.5x11 Frames - Plexiglass Cover - Black,1,1.84,USPS Ground Advantage $1.84,Carrier re-rate after label $1.84
GSD0810BLK,Soho Deep Picture Frame - 8x10 / Black,3,1.83,FedEx (service not itemized) $1.83,Billed above label cost $1.83
MP-PVC-LX-0606-BLACK,"Americanflat 6x6 Picture Frame - Modern Design, Shatter-Resistant Glass - Black",1,1.82,UPS Ground Saver $1.82,Carrier re-rate after label $1.82
KAF8511CG,Kids Art Frame | 10x12.5 with mat | Holds up to 100 Artworks - Americanflat - 10x12.5 / Gray,2,1.8,FedEx (service not itemized) $1.80,Billed above label cost $1.80
MW1414BK2PK,Signature Matted Picture Frame - 14x14 / Black / 2-Pack,1,1.8,FedEx (service not itemized) $1.80,Billed above label cost $1.80
DF0811WALNUT,Legacy Matted Document Frame - 11x14 / Walnut / 1 Pack,1,1.8,FedEx (service not itemized) $1.80,Billed above label cost $1.80
VF0810WHTGLD57,Americanflat Vintage Frames - 8x10 Picture Frame with Beaded Accents and Shatter-Resistant Glass - Use as 5x7 Frame or Display 8x10 Photos Without,4,1.79,FedEx (service not itemized) $1.79,Billed above label cost $1.79
MP-MDF-WBDIST-0406-DWHITE-3OP,Americanflat Tri-Photo Frame for Western Home Decor - 4x6 - Aspen White,1,1.78,USPS Ground Advantage $1.78,Carrier re-rate after label $1.78
LX1313BLK1010,Americanflat 13x13 Picture Frame  - Use as 10x10 Frame with Mat or Display 13x13 Photo Without Mat - Streamline Collection - Black,1,1.77,USPS Ground Advantage $1.77,Carrier re-rate after label $1.77
MP-PILL-A281P172-1818-BLKWHT,Americanflat 18x18 Abstract Throw Pillow with Premium Polyester - Black and White,1,1.77,USPS Ground Advantage $1.77,Carrier re-rate after label $1.77
WMW0911WHT68,Americanflat 9x11 Picture Frame with Shatter-Resistant Glass - Use as 6x8 Frame with Mat or Display 9x11 Photo Without Mat - Hudson Collection - Wide,1,1.77,FedEx (service not itemized) $1.77,Billed above label cost $1.77
BSOL9090BRW,Americanflat 90x90 Fleece Throw Blanket - Brown Polyester Fleece,1,1.77,FedEx (service not itemized) $1.77,Billed above label cost $1.77
ACR0608,Acrylic Picture Frame - 6x8,1,1.77,UPS Ground Saver $1.77,Carrier re-rate after label $1.77
MP-PVC-LX-1416-BLACK,Americanflat 14x16 Poster Frame - Perfect for Photos and Artwork - Black,1,1.77,UPS Ground Saver $1.77,Carrier re-rate after label $1.77
MP-PES-SHOW-7174-GREENOMBRE,Americanflat 71x74 Ombre Green Shower Curtain - Water Resistant - Polyester Fabric,1,1.77,UPS Ground Saver $1.77,Carrier re-rate after label $1.77
313770106456080404,Americantflat 9.5x12 Floating Frame for Playbills - Ideal for Theatre Posters - Easy Open Buttons for Loading Pictures - Playbill Frame - Shatter Resistant Glass - Hanging Hardware - Black,1,1.77,UPS Ground Saver $1.77,Carrier re-rate after label $1.77
MP-MDF-WH-10PK,"Americanflat Set of 10 Picture Frames - Gallery Wall 8 x 10, 5 x 7, 4 x 6 White Frames",4,1.76,FedEx (service not itemized) $1.76,Billed above label cost $1.76
MP-ABS-SIF-1114-BLACK-3PK,Americanflat 3 Pack Lightweight 11x14 Poster Frames - Black,3,1.76,UPS Ground Saver $1.38; FedEx (service not itemized) $0.38,Carrier re-rate after label $1.38; Billed above label cost $0.38
LX2026BLK1114BLK,Americanflat 20x26 Picture Frame with Polished Plexiglass - Use as 11x14 Frame with Black Mat or Display 20x26 Photo Without Mat - Streamline,2,1.75,FedEx (service not itemized) $1.75,Billed above label cost $1.75
A281P1001SHOW7275SL,"Americanflat 72x75 Hookless Shower Curtain - Water-Resistant Floral Shower Curtain with Sheer Panel, Snap-In Liner, and Grommets - 100% Polyester",7,1.75,FedEx (service not itemized) $1.75,Billed above label cost $1.75
A281P696SHOW7174,Americanflat 71x74 Abstract Shower Curtain - Revolving Motion by PI Creative Art,5,1.74,FedEx (service not itemized) $1.74,Billed above label cost $1.74
WB1336BLK,"Americanflat 13x36 Poster Frame with Polished Plexiglass, Epic Collection, Gallery Wall Frames with Engineered Wood, Black",1,1.73,FedEx (service not itemized) $1.73,Billed above label cost $1.73
MP-PVC-PS-1319-GOLD-1117-5PK,Americanflat 5 Pack of 13x19 Frames with 11x17 Mat - Plexiglass Cover - Gold,4,1.7,FedEx (service not itemized) $1.70,Billed above label cost $1.70
OCFROP0507GLD,Americanflat 5x7 Picture Frame with Rope-Style Textured Detailing -  Metal Picture Frames with Shatter-Resistant Glass - Gold,4,1.67,UPS Ground Saver $1.45; FedEx (service not itemized) $0.22,Carrier re-rate after label $1.45; Billed above label cost $0.22
MP-MDF-WMW-1117-NAOAK-812,Americanflat 11x17 Wide Molding Picture Frame - Natural Oak,2,1.66,UPS Ground Saver $1.66,Carrier re-rate after label $1.66
MW1114LWOOD2,Americanflat 11x14 Picture Frame in Light Wood - For Two 5x7 Photos - Composite Wood with Shatter Resistant Glass,1,1.66,USPS Ground Advantage $1.66,Carrier re-rate after label $1.66
MP-PVC-LX-0405-BLACK,"Americanflat 4x5 Picture Frame - Modern Design, Shatter-Resistant Glass - Black",1,1.66,USPS Ground Advantage $1.66,Carrier re-rate after label $1.66
BSOL5060GRY,Americanflat 50x60 Fleece Throw Blanket - Gray Polyester Fleece,4,1.66,FedEx (service not itemized) $1.66,Billed above label cost $1.66
VF1218GLD1117,12x18 with 11x17 Mat | Vintage Frames | Gold | Modern - Premium Quality,6,1.65,FedEx (service not itemized) $1.65,Billed above label cost $1.65
PS1822BLK14185PK,Galleria Matted Picture Frame - 18x22 / Black / 5 Pack,1,1.65,FedEx (service not itemized) $1.65,Billed above label cost $1.65
450309315130802247,Americanflat Aluminum Picture Frame with Mat - Metal Photo Frame - Black Metal Molding Frame - Shatter Resistant Glass - Hanging Hardware,1,1.65,FedEx (service not itemized) $1.65,Billed above label cost $1.65
SHOW7174WVGRNOMBRE,Americanflat 71x74 Wave Green Ombre Shower Curtain - Water-Resistant Long Shower Curtain with Durable Metal Grommets and 10 Hooks - 100% Polyester,5,1.64,FedEx (service not itemized) $1.64,Billed above label cost $1.64
MIRCIR3232BLK,"Bedroom, Living Room, Entry Way Hall, Bathroom - Decorative Mirrors - 32x32 / Black / Circle Mirror",1,1.63,FedEx (service not itemized) $1.63,Billed above label cost $1.63
MW1216BK8124PK,Americanflat Picture Frame | Includes Mat | 4 Multipack | Classic Molding | Signature Collection - 12x16,2,1.63,FedEx (service not itemized) $1.63,Billed above label cost $1.63
MP-MDF-MW-1122-BLACK-2PK,Americanflat Newspaper Frame - 11x22 Plexiglass Cover - 2 Pack - Black,5,1.62,FedEx (service not itemized) $1.62,Billed above label cost $1.62
LX0507BLK,Picture Frame | Includes Mat | Slim Molding | Streamline Collection - 5x7 / Black,1,1.62,FedEx (service not itemized) $1.62,Billed above label cost $1.62
MW0408BLKNOMAT,Americanflat 4x8 Picture Frame with Shatter-Resistant Glass - Signature Collection - Gallery-Style Frames Made of Engineered Wood - Photo Frame,3,1.61,UPS Ground Saver $1.17; UPS (service not itemized) $0.44,Carrier re-rate after label $1.17; Billed above label cost $0.44
WMW1114WHT810,Hudson Picture Frame - 11x14 / White / 8x10,1,1.61,FedEx (service not itemized) $1.61,Billed above label cost $1.61
WMW1114GREY811,Americanflat 11x14 Picture Frame Shatter-Resistant Glass with Removable Mat - Home Gallery Wall Decor for Photos and Art Signature Collection - Wood,1,1.6,USPS Ground Advantage $1.60,Carrier re-rate after label $1.60
MP-MDF-MW-1114-BLACK-810-BLACK,Americanflat 11x14 Picture Frame with Shatter-Resistant Glass - Use as 8x10 Frame with Black Mat and White Trim or 11x14 Frame Without Mat - Black,1,1.6,FedEx (service not itemized) $1.60,Billed above label cost $1.60
MP-MDF-0912-BLACK-68,Americanflat Picture Frame with Mat - Wood with Glass Cover,1,1.59,USPS Ground Advantage $1.59,Carrier re-rate after label $1.59
MP-MDF-WBDIST-1114-DWHITE,Picture Frame | Rustic Farmhouse Style | Distressed Wood Look | Wall Decor - 11 x 14 / White,1,1.59,USPS Ground Advantage $1.59,Carrier re-rate after label $1.59
MP-PVC-PS-0812-WHITE-68-2PK,Americanflat 2 Pack of 8x12 Frames with 6x8 Mat - Plexiglass Cover - White,2,1.58,USPS Ground Advantage $1.27; FedEx (service not itemized) $0.31,Carrier re-rate after label $1.27; Billed above label cost $0.31
SB1111DWOOD,Shadow Box Keepsake Frame | Silhouette Collection | Modern Decor - 11x11 / Driftwood,1,1.58,UPS Ground Saver $1.58,Carrier re-rate after label $1.58
MP-MDF-WBDIST-0507-DNAVY,"Americanflat 5x7 Picture Frame in Navy - Rustic Picture Frame with Textured Engineered Wood, Shatter Resistant Glass and Easel Back",1,1.57,UPS (service not itemized) $1.57,Billed above label cost $1.57
KAF8511CCP,My Mini Masterpiece Picture Frame - Light Pink,1,1.57,FedEx (service not itemized) $1.57,Billed above label cost $1.57
BAM0608GLD,Americanflat 6x8 Picture Frame with Bamboo-Style Molding - Gold Bamboo Frame with Shatter-Resistant Glass - Elegant Gallery Style Frames for Tabletop,1,1.57,FedEx (service not itemized) $1.57,Billed above label cost $1.57
MW8514PNICKEL,Signature Unmatted Picture Frame - 8.5x14 / Silver / 1 Pack,1,1.56,UPS Ground Saver $1.56,Carrier re-rate after label $1.56
KAF8511WH2PK,Americanflat Kids Art Frame | Holds 100 Photos | Modern - Premium Quality - White / 2 pack,2,1.56,FedEx (service not itemized) $0.83; UPS Ground Saver $0.73,Billed above label cost $0.83; Carrier re-rate after label $0.73
ODFOAKGLD1114-DW,Americanflat 11x14 Diploma Frame - Use as 8.5x11 Certificate Frame or Display 11x14 Photo Without Mat - Legacy Collection - Oak and Gold Vintage,4,1.55,FedEx (service not itemized) $1.55,Billed above label cost $1.55
WB1218PBRASS,Americanflat 12x18 Poster Frame with Polished Plexiglass - Gold Picture Frame with Engineered Wood - Epic Collection,2,1.55,UPS Ground Saver $1.55,Carrier re-rate after label $1.55
ODFBMAH1114-DBLKG,"Americanflat Ornate 11x14 Diploma Frame in Beaded Mahogany, Certificate Frame with Black and Gold Mat Displays",3,1.55,FedEx (service not itemized) $1.55,Billed above label cost $1.55
405134844905717762,Americanflat Poster Frame - Perfect Frame for Photos and Artwork - Large Picture Frame - Polished Plexiglass - Hanging Hardware with Horizontal and Vertical Display,2,1.54,FedEx (service not itemized) $1.54,Billed above label cost $1.54
MPFLEBRSV5060OPWHT,Americanflat - Fleece and Faux Shearling Throw Blanket - Oversize Plaid - 50x60 Inch - White,1,1.54,FedEx (service not itemized) $1.54,Billed above label cost $1.54
A244P058SHOW7174AZ,"Americanflat 71x74 Abstract Shower Curtain - Water-Resistant with 12 Hooks - 100% Polyester - Navy Blue, Yellow, Blush Pink, Mint Green",5,1.54,FedEx (service not itemized) $1.54,Billed above label cost $1.54
MP-METAL-HG-BV-0406-SILVER,"Americanflat Hinged 4x6 Picture Frame with Wide, Beveled Molding and Shatter-Resistant Glass-Metal Picture Frame Displays Two 4x6 Photos - Silver",5,1.54,USPS Ground Advantage $1.19; UPS Ground Saver $0.35,Carrier re-rate after label $1.54
VF0507GLD,Heirloom Unmatted Picture Frame - 5x7 / Gold / Vintage frame,4,1.52,FedEx (service not itemized) $1.52,Billed above label cost $1.52
CANFF1212BLK,Canvas Floating Frame Without Mat - 12x12 / Black,1,1.52,FedEx (service not itemized) $1.52,Billed above label cost $1.52
LX0608BLK,Streamline Matted Picture Frame - 6x8 with 4x6 Mat / Black / 1 Pack,1,1.51,UPS Ground Saver $1.51,Carrier re-rate after label $1.51
LX0808BLK55,Americanflat 8x8 Picture Frame with Shatter-Resistant Glass - 5x5 with Mat or 8x8 Without Mat - Streamline - Square Frames - Black,1,1.5,UPS Ground Saver $1.50,Carrier re-rate after label $1.50
MW0406BK2PK,Americanflat Picture Frame in Black MDF / Shatter Resistant Glass with Easel Stand - 4 x 6 - Pack of 2,1,1.5,UPS Ground Saver $1.50,Carrier re-rate after label $1.50
319415553970470967,Americanflat Tri-Folding Picture Frame - Displays Two Photos at Once - Double Hinged Picture Frame - Shatter Resistant Glass - Tabletop Display Picture Frame - Black,1,1.49,UPS Ground Saver $1.49,Carrier re-rate after label $1.49
KAF8511YW,Kids Art Frame | 10x12.5 with mat | Holds up to 100 Artworks - Americanflat - 10x12.5 / Sunshine Yellow,2,1.48,FedEx (service not itemized) $1.48,Billed above label cost $1.48
BSKBLWDBLK3PK,"Americanflat Basketball Display for Wall Set of 3 - Ideal for Soccer Ball, Volleyball and Basketball - Space-Saving Sports Ball Organizer for Kids",2,1.48,UPS Ground Saver $1.15; FedEx (service not itemized) $0.33,Carrier re-rate after label $1.15; Billed above label cost $0.33
343126403058761782,Americanflat 2 Pack of Picture Frames with Mat - Plexiglass Cover,2,1.48,USPS Ground Advantage $0.83; UPS Ground Saver $0.65,Carrier re-rate after label $1.48
A405P298SHOW7174,"Americanflat 71x74 Boho Shower Curtain - Water-Resistant Long Shower Curtain with Durable Metal Grommets and 12 Hooks - 100% Polyester - Sage Green,",4,1.48,FedEx (service not itemized) $1.48,Billed above label cost $1.48
MP-ABS-SIF-2030-BLACK-3PK,"Americanflat 20x30 poster frame 3 Pack Lightweight Snap Frame, Front Loading Poster Frames - Black 20x30 frame",5,1.47,FedEx (service not itemized) $1.47,Billed above label cost $1.47
OCFHGM0406BLK,Americanflat Hinged 4x6 Metal Picture Frame With Shatter-Resistant Glass - Modern Metal Picture Frame Displays Two 4x6 Photos - Elegant Photo Frames,3,1.46,FedEx (service not itemized) $1.46,Billed above label cost $1.46
MP-PVC-PS-1114-GOLD-810-2PK,Americanflat 2 Pack of 11x14 Frames with 8x10 Mat - Plexiglass Cover - Gold,2,1.46,USPS Ground Advantage $0.81; UPS Ground Saver $0.65,Carrier re-rate after label $1.46
MAG0406BLKACR3SET,4x6 | Magnetic Refrigerator Frame | Set of 3 | Black | Modern - Premium Quality,3,1.45,FedEx (service not itemized) $1.45,Billed above label cost $1.45
MP-PVC-PS-1114-BLACK-5PK,Americanflat 5 Pack of 11x14 Frames - Plexiglass Cover - Black,2,1.45,UPS Ground Saver $1.45,Carrier re-rate after label $1.45
MW0812WHTNOMAT,Americanflat 8x12 Picture Frame with Shatter-Resistant Glass - Signature Collection - Gallery-Style Frames Made of Engineered Wood - Photo Frame,1,1.45,FedEx (service not itemized) $1.45,Billed above label cost $1.45
KAF8511DWOOD,My Mini Masterpiece Picture Frame - Driftwood / 1 Pack,1,1.44,UPS Ground Saver $1.44,Carrier re-rate after label $1.44
MP-PVC-PS-1114-BLACK-811-5PK,Americanflat 5 Pack of 11x14 Frames with 8x11 Mat - Plexiglass Cover - Black,1,1.43,UPS Ground Saver $1.43,Carrier re-rate after label $1.43
MP-MDF-A5-WHITE,Americanflat A5 Picture Frame - White 5.8x8.3 Frame with Engineered Wood and Shatter-Resistant Glass for Tabletop and Wall Display,2,1.42,USPS Ground Advantage $1.42,Carrier re-rate after label $1.42
MP-ALU-FF-0810-BLACK,Americanflat Floating Aluminum & Plexiglass Frame - 8x10 - Black,3,1.41,FedEx (service not itemized) $0.79; UPS Ground Saver $0.62,Billed above label cost $0.79; Carrier re-rate after label $0.62
MW1313BLK,Americanflat 13x13 Picture Frame in Black - Composite Wood with Shatter Resistant Glass - Horizontal and Vertical Formats for Wall,5,1.4,UPS Ground Saver $1.00; FedEx (service not itemized) $0.40,Carrier re-rate after label $1.00; Billed above label cost $0.40
A321P031SHOW7174,"Americanflat 71 x 74 Shower Curtain, Homecoming by Louise Robinson",4,1.4,UPS Ground Saver $0.74; UPS (service not itemized) $0.66,Carrier re-rate after label $0.74; Billed above label cost $0.66
PS1316BLK10135PK,Classic Gallery Picture Frame | Set of 5 | Galleria Collection | Includes Mat - 13x16 / Black,1,1.4,FedEx (service not itemized) $1.40,Billed above label cost $1.40
LX0404BLK-2PACK,Picture Frame | Set of 2 | Slim Molding | Streamline Collection - 4x4 / Black / 2 Pack,2,1.39,UPS Ground Saver $1.39,Carrier re-rate after label $1.39
MW1111DWOOD,Signature Matted Picture Frame - 11x11 / Driftwood / 1 Pack,1,1.39,USPS Ground Advantage $1.39,Carrier re-rate after label $1.39
BJ3040BXFLWCRM,Americanflat 30x40 Jacquard Kids Fleece Throw Blanket - Cream Flower Polyester Fleece,1,1.39,FedEx (service not itemized) $1.39,Billed above label cost $1.39
KAF8511AQUA,Americanflat Kids Art Frame | Holds 100 Photos | Modern - Premium Quality - Aquamarine / 1 pack,1,1.38,FedEx (service not itemized) $1.38,Billed above label cost $1.38
KAF8511PK,Americanflat Kids Art Frame | Holds 100 Photos | Modern - Premium Quality - Peachy Pink / 1 pack,1,1.38,FedEx (service not itemized) $1.38,Billed above label cost $1.38
LX2030WHTNOMAT,Streamline Picture Frame - 20x30 / White / 1 Pack,1,1.37,FedEx (service not itemized) $1.37,Billed above label cost $1.37
WB2228LWOOD,Epic Poster Frame - 22x28 / Light Wood,1,1.37,FedEx (service not itemized) $1.37,Billed above label cost $1.37
ALU1218BLK1117,Aluminum Picture Frame | Brooklyn Portrait Collection - 12x18 / Black,2,1.35,FedEx (service not itemized) $0.81; UPS Ground Saver $0.54,Billed above label cost $0.81; Carrier re-rate after label $0.54
WMW2434GREY2030,Oversized Gallery Picture Frame with Mat | Hudson Collection - 24x34 / Grey Wood / 20x30,1,1.35,FedEx (service not itemized) $1.35,Billed above label cost $1.35
MP-METAL-ROP-0507-GOLD,"Americanflat 5""x7"" Picture Frame with Rope-Style Textured Detailing and Shatter-Resistant Glass - Gallery Style Frames for Tabletop or Wall - Gold",3,1.34,FedEx (service not itemized) $1.34,Billed above label cost $1.34
PILL1616GRNLINE001,Americanflat 16x16 Throw Pillow with Sewn-In Insert - All-In-One Decorative Pillows - No Cover Needed - Soft and Durable Cushion for Bed or Sofa,1,1.34,FedEx (service not itemized) $1.34,Billed above label cost $1.34
A281P696SHOW7174AZ,"Shower Curtain 71x74, Water-Resistant, Hooks - Americanflat - 71x74 / Slate Blue & Gold",3,1.33,FedEx (service not itemized) $1.33,Billed above label cost $1.33
MP-METAL-HG-M-0507-SILVER,Americanflat Hinged 5x7 Picture Frame with Shatter-Resistant Glass - Metal Picture Frame Displays Two 5x7 Photos - Silver,1,1.32,UPS Ground Saver $1.32,Carrier re-rate after label $1.32
PS0810SLV575PK,Classic Gallery Picture Frame | Set of 5 | Galleria Collection | Includes Mat - 8X10 / Silver,1,1.32,UPS Ground Saver $1.32,Carrier re-rate after label $1.32
MP-ABS-SIF-2028-BLACK-3PK,"Americanflat 3 Pack Lightweight Snap Frame, Front Loading Poster Frames - Black 20x28 picture frame",5,1.32,FedEx (service not itemized) $1.32,Billed above label cost $1.32
BSBLWDBLK3PK,"Set of 3 - Sports Ball Display Stands | Baseball, Basketball, Football, or Tennis | All-Star Collection - Baseball & Tennis",2,1.31,FedEx (service not itemized) $0.91; UPS Ground Saver $0.40,Billed above label cost $0.91; Carrier re-rate after label $0.40
A281P378SHOW7174,Americanflat 71x74 Crimson Lust Shower Curtain - 100% Polyester Shower Curtain,1,1.31,UPS (service not itemized) $1.31,Billed above label cost $1.31
WMW1212PNICKEL1010,Americanflat 12x12 Picture Frame Shatter-Resistant Glass with Removable Mat - Home Gallery Wall Decor for Photos and Art Signature Collection - Silver,1,1.3,UPS Ground Saver $1.30,Carrier re-rate after label $1.30
LX0810WHTNOMAT,Americanflat 8x10 Picture Frame - Streamline Collection - Thin Border Photo Frame Hanging Hardware and Easel Stand Included - White,3,1.3,FedEx (service not itemized) $1.30,Billed above label cost $1.30
WMW1319GREY1117,Oversized Gallery Picture Frame with Mat | Hudson Collection - 13x19 / Grey,3,1.28,FedEx (service not itemized) $1.28,Billed above label cost $1.28
OVF0406GLD,Americanflat 4x6 Picture Frame with Shatter-Resistant Glass - Vintage Frames with Easel - Ornate Picture Frames for Wall and Tabletop Display - Gold,4,1.27,FedEx (service not itemized) $1.27,Billed above label cost $1.27
MP-PW-COD-1204-BLACK,"Americanflat Challenge Coin Display with 4 Rows in Black - Military Coin Display Case - Collectible Coin Holder, 12¬î x 4¬î Solid Wood",4,1.27,UPS Ground Saver $1.27,Carrier re-rate after label $1.27
MP-PES-SHOW-7275-GREEN-WAF-SL,"Americanflat 72x75 Green Hookless Waffle Pattern Shower Curtain - Water-Resistant Long Shower Curtain with Sheer Panel, Snap-In Liner, and Grommets",1,1.27,USPS Ground Advantage $1.27,Carrier re-rate after label $1.27
MP-WOVEN-SHOW-7171-BLACK,Americanflat 71x71 Woven Linen Black Shower Curtain with Tassel Accents - Includes 12 Grommets and Hooks - 100% Polyester,1,1.27,USPS Ground Advantage $1.27,Carrier re-rate after label $1.27
329325756070658082,"Americanflat 11x14 (1), 8x10 (2), 5x7 (4) Gallery Wall Frame Set - Set of 7 - Collage Wall Art Decor - Shatter Resistant Glass - Adjustable Hanging Hardware - Includes Easels",3,1.27,FedEx (service not itemized) $1.27,Billed above label cost $1.27
MP-PES-SHOW-A311P107-7174,71x74 Minimalist Floral Shower Curtain - 100% Polyester - Water-Resistant Bath Curtain,2,1.25,UPS Ground Saver $1.25,Carrier re-rate after label $1.25
PS0812BK682PK,"Americanflat 8x12 Picture Frame with Mat for 6x8, Black, 2 Pack",2,1.23,UPS Ground Saver $1.23,Carrier re-rate after label $1.23
355375522645721128,Americanflat 14x14 Collage Picture Frame - Fits Six 4x6 Photos or One 14x14 Photo,2,1.23,UPS Ground Saver $1.23,Carrier re-rate after label $1.23
ALU1114BLK0810,Aluminum Picture Frame | Brooklyn Portrait Collection - 11x14 / Black,6,1.23,FedEx (service not itemized) $1.23,Billed above label cost $1.23
BSOL5060BLU,Americanflat 50x60 Fleece Throw Blanket - Blue Polyester Fleece,3,1.22,FedEx (service not itemized) $1.22,Billed above label cost $1.22
PS0810BLK5PKNOMAT,Americanflat 8x10 Gallery Wall Picture Frame Set of 5 Polished Plexiglass - Home Gallery Wall Decor for Photos and Art Signature Collection - Black,2,1.21,UPS Ground Saver $0.91; FedEx (service not itemized) $0.30,Carrier re-rate after label $0.91; Billed above label cost $0.30
WB2128BLK,"Americanflat 21x28 Poster Frame with Polished Plexiglass, Epic Collection, Gallery Wall Frames with Engineered Wood, Black",1,1.21,FedEx (service not itemized) $1.21,Billed above label cost $1.21
520066910378131462,"Americanflat Black Picture Frame Gallery Set - Shatter-Resistant Glass - White Mats - 6 Pack - Multi - Size for 8x10, 11x14, 18x24",1,1.21,FedEx (service not itemized) $1.21,Billed above label cost $1.21
VF1114SLV810,Americanflat Heirloom Frame | With Mat | Beaded Accents | Wall Display - 11x14 / Silver / Vintage frame,2,1.19,FedEx (service not itemized) $1.19,Billed above label cost $1.19
MP-PES-SHOW-7174-SOLIDBURGUNDY,Americanflat 71x74 Solid Burgundy Shower Curtain - Water Resistant - Polyester Fabric,2,1.19,UPS Ground Saver $1.19,Carrier re-rate after label $1.19
MP-MDF-MW-1216-BLACK-812-BLACK,Americanflat 12x16 Picture Frame with Shatter-Resistant Glass - Use as 8x12 Frame with Black Mat and White Trim or 12x16 Frame Without Mat - Black,2,1.18,FedEx (service not itemized) $1.18,Billed above label cost $1.18
MP-ALU-FY-125125-BLACK-2PK,Americanflat 12.5 x 12.5 Album Frame to Display and Protect your Favorite Album Covers - Black - 2 Pack,3,1.18,FedEx (service not itemized) $1.18,Billed above label cost $1.18
FFM12515BLK,Signature Float Black Matted Engineered Wood Picture Frame - 12.5x15 / Black,1,1.18,FedEx (service not itemized) $1.18,Billed above label cost $1.18
WB0810DFNAVY,Rustic Picture Frame with Distressed Molding | Hampton Collection - 8x10 / Navy,1,1.18,FedEx (service not itemized) $1.18,Billed above label cost $1.18
SHOW7275PKWAFSL,"Americanflat 72x75 Hookless Waffle Pattern Shower Curtain - Water-Resistant Long Shower Curtain with Sheer Panel, Snap-In Liner, and Durable Grommets",3,1.17,FedEx (service not itemized) $1.17,Billed above label cost $1.17
329325743185756167,Americanflat 11x22 Newspaper Frame - Set of 2 - Newspaper Display Frame for Showcasing Articles - Polished Plexiglass Cover - Hanging Hardware - Black,3,1.17,FedEx (service not itemized) $1.17,Billed above label cost $1.17
MP-PVC-LX-0507-BLACK-46,"Americanflat 5x7 Picture Frame with 4x6 Mat - Modern Design, Shatter-Resistant Glass - Black",1,1.17,USPS Ground Advantage $1.17,Carrier re-rate after label $1.17
GSK0406BK6PK,Gallery Wall Set - 4x6 / Black / 6 Pack,1,1.17,FedEx (service not itemized) $1.17,Billed above label cost $1.17
PFF0810SLV57,Veranda Picture Frame - 8x10 / Silver / 5x7,3,1.16,FedEx (service not itemized) $1.16,Billed above label cost $1.16
LX2237534BLK,"Poster Frame 22x34 Without Mat, Thin Border - Americanflat - 22.375x34 / Black",3,1.16,FedEx (service not itemized) $1.16,Billed above label cost $1.16
298584717682704566,"Americanflat Snap-In Picture Frame in Black - Set of 3 - Poster Frame with Slimline Molding, Plexiglass Cover, and Hanging Hardware - Black",1,1.16,FedEx (service not itemized) $1.16,Billed above label cost $1.16
MWPBRASS10PACK,"Americanflat 10 Piece Gold Gallery Wall Picture Frame Set with 8x10, 5x7, and 4x6.Picture Frames For Wall or Desk",3,1.15,FedEx (service not itemized) $1.15,Billed above label cost $1.15
SB0810MH,Shadow Box Keepsake Frame | Silhouette Collection | Deep Display | Modern Decor - 8x10 / Mahogany,1,1.15,UPS Ground Saver $1.15,Carrier re-rate after label $1.15
MP-ABS-SIF-1216-BLACK-3PK,Americanflat 3 Pack Lightweight 12x16 Poster Frames - Black,1,1.15,UPS Ground Saver $1.15,Carrier re-rate after label $1.15
319412551551664136,Americanflat 12.5 x 12.5 Album Cover Frame - Set of 2 - Vinyl Record Frame for Wall Display - Protect Your Favorite Album Covers - Plexiglass Cover - Hanging Hardware - Black,3,1.14,FedEx (service not itemized) $1.14,Billed above label cost $1.14
SHOW7275DGRWAFSL,"Americanflat 72x75 Hookless Waffle Pattern Shower Curtain - Water-Resistant Long Shower Curtain with Sheer Panel, Snap-In Liner, and Durable Grommets",3,1.14,FedEx (service not itemized) $1.14,Billed above label cost $1.14
MP-MDF-WB-2432-BLACK,Americanflat Poster Frame 24x32 inches - Black Wooden Picture Frame with Plexiglass Cover,6,1.12,FedEx (service not itemized) $1.12,Billed above label cost $1.12
MP-PVC-LX-3030-BLACK,Americanflat 30x30 Poster Frame - Perfect for Photos and Artwork - Black,1,1.12,FedEx (service not itemized) $1.12,Billed above label cost $1.12
313769999081898029,Americanflat Floating Aluminum Picture Frame - Sleek Aluminum Photo Frame for Wall Display - Black Metal Molded Frame - Shatter Resistant Glass - Hanging Hardware,1,1.12,UPS Ground Saver $1.12,Carrier re-rate after label $1.12
ESLF4ACR4PK,Acrylic Display Stand  Modern Clear Easel | Premium Quality - 4-Inch / 4 Pack,5,1.11,FedEx (service not itemized) $1.11,Billed above label cost $1.11
LX1218BLKNOMAT2PK,Picture Frame | Set of 2 | Slim Molding | Streamline Collection - 12x18 / Black / 2 Pack,2,1.11,FedEx (service not itemized) $1.11,Billed above label cost $1.11
WMW1616PNICKEL1212,Oversized Gallery Picture Frame with Mat | Hudson Collection - 16x16 / Silver / 12x12,1,1.11,FedEx (service not itemized) $1.11,Billed above label cost $1.11
WMW2228PNICKEL1824,Oversized Gallery Picture Frame with Mat | Hudson Collection - 22x28 / Silver / 18x24,1,1.11,FedEx (service not itemized) $1.11,Billed above label cost $1.11
257803095485366274,Americanflat Picture Frame Set with Mat - Set of 5 - Photo Frame Set of Five for Wall Display - Plexiglass Cover - Hanging Hardware,1,1.1,FedEx (service not itemized) $1.10,Billed above label cost $1.10
SIFF1117BLK,Americanflat 11x17 Picture Frame Shatter-Resistant Glass - Home Gallery Wall Decor for Photos and Art Signature Collection Professional - Black,1,1.09,FedEx (service not itemized) $1.09,Billed above label cost $1.09
SB0810DWOOD,Americanflat 8x10 Shadow Box Frame in Drift Wood with Soft Linen Back - Composite Wood with Polished Glass for Wall and Tabletop,1,1.08,UPS Ground Saver $1.08,Carrier re-rate after label $1.08
ODFBMAH1114-DBLUEG,"Americanflat Ornate 11x14 Diploma Frame in Beaded Mahogany, Certificate Frame with Blue and Gold Mat Displays",1,1.08,FedEx (service not itemized) $1.08,Billed above label cost $1.08
ALUFF0810BLK2PK,Brooklyn Float Unmatted Picture Frame - 8x10 / Black / 2 Pack,1,1.07,USPS Ground Advantage $1.07,Carrier re-rate after label $1.07
MP-PES-SHOW-A281P435-7174-BLUE,Americanflat Abstract Shower Curtain No Borders Shower Curtain by PI Creative Art,3,1.07,FedEx (service not itemized) $1.07,Billed above label cost $1.07
MW1114LWOOD546,Americanflat 11x14 Collage Picture Frame in Light Wood with Five 4x6 Picture Displays - Shatter Resistant Glass,1,1.06,UPS Ground Saver $1.06,Carrier re-rate after label $1.06
WB1522BLK,Epic Poster Frame - 15x22 / Black,2,1.04,FedEx (service not itemized) $1.04,Billed above label cost $1.04
MP-MDF-WMW-2840-WHITE-2436,Picture Frame | Wide Molding | Included Mat | Shatter-Resistant Glass | Wall Decor - 28 x 40 / White / 24x36,1,1.04,FedEx (service not itemized) $1.04,Billed above label cost $1.04
GSK0507BK6PK,Gallery Wall Set - 5x7 / Black / 6 Pack,5,1.04,FedEx (service not itemized) $1.04,Billed above label cost $1.04
LX8511WALNUT,Streamline Picture Frame - 8.5x11 / Walnut / 1 Pack,2,1.03,UPS Ground Saver $0.92; FedEx (service not itemized) $0.11,Carrier re-rate after label $0.92; Billed above label cost $0.11
289026315537252357,Americanflat Quick-Change Photo Storage Display Frame - Store up to 35 Pictures at Once with Elastic Strap Storage - Shatter Resistant Glass - Hanging Hardware - Includes Easel - Black,1,1.03,FedEx (service not itemized) $1.03,Billed above label cost $1.03
MP-PES-SHOW-A281P273-7174-GREEN,Americanflat Abstract Shower Curtain Marble Petroleum by PI Creative Art,3,1.02,FedEx (service not itemized) $1.02,Billed above label cost $1.02
332704427912118346,Americanflat Poster Frame with Mat - Large Picture Frame - Polished Plexiglass Cover - Hanging Hardware for Horizontal and Vertical Display - Black,1,1.02,FedEx (service not itemized) $1.02,Billed above label cost $1.02
ALU1620GLD1114,Aluminum Picture Frame | Brooklyn Portrait Collection |Modern - Premium Quality - 16x20 / Gold,1,1.02,FedEx (service not itemized) $1.02,Billed above label cost $1.02
MW0808PNICKEL,Americanflat 8x8 Picture Frame in Silver - Displays 4x4 With Mat and 8x8 Without Mat - Composite Wood with Shatter Resistant Glass  and Tabletop,2,1.02,UPS Ground Saver $1.02,Carrier re-rate after label $1.02
LX1616SLV57,Americanflat 16x16 Picture Frame Polished Plexiglass with Removable Mat - Home Gallery Wall Decor for Photos and Art Signature Collection - Silver,2,1.01,FedEx (service not itemized) $1.01,Billed above label cost $1.01
A4BK,A-Size Picture Frame - A4 (8.3x11.7) / Black / 1 Pack,2,1.01,FedEx (service not itemized) $0.51; UPS Ground Saver $0.50,Billed above label cost $0.51; Carrier re-rate after label $0.50
LX1620BLK1216,Streamline Matted Picture Frame - 16x20 with 12x16 Mat / Black / 1 Pack,1,1.0,UPS Ground Saver $1.00,Carrier re-rate after label $1.00
405130966550249530,Americanflat Picture Frame with Oversized Mat,1,1.0,UPS Ground Saver $1.00,Carrier re-rate after label $1.00
319412633156042777,"Americanflat Gallery-Style Picture Frame with Mat - Showcase Artwork, Prints, and Photos - Shatter Resistant Glass - Hanging Hardware with Drywall Anchor",1,1.0,UPS Ground Saver $1.00,Carrier re-rate after label $1.00
PS1319MAH11172PK,Americanflat 13x19 Picture Frame with Polished Plexiglass - Set of 2 - Use as 11x17 Frame with Mat or 13x19 Frame Without Mat - Mahogany,1,1.0,UPS Ground Saver $1.00,Carrier re-rate after label $1.00
MP-MDF-NAOAK-10PK,"Americanflat Set of 10 Picture Frames - Gallery Wall 8x10, 5x7, 4x6 Oak Frames",3,0.99,FedEx (service not itemized) $0.99,Billed above label cost $0.99
MW0912BK,Signature Unmatted Picture Frame - 9x12 / Black / 1 Pack,2,0.99,FedEx (service not itemized) $0.99,Billed above label cost $0.99
MP-ALU-FF-0507-PBRASS,Americanflat Floating Aluminum & Plexiglass Frame - 5x7 - Gold,3,0.98,UPS Ground Saver $0.98,Carrier re-rate after label $0.98
MP-MDF-MF-0510-WALNUT-2PK,Americanflat 5x10 Business License Frame - Use as 3.5x8 Frame with Mat (2 Pack) - Walnut,1,0.98,UPS Ground Saver $0.98,Carrier re-rate after label $0.98
MP-WPC-GSD-0812-BLACK,"Americanflat 8x12 Gallery-Style Picture Frame to Secure Artwork, Prints, and Photos - Black",1,0.98,UPS Ground Saver $0.98,Carrier re-rate after label $0.98
447044408222400516,Americanflat Floral Rectangular Throw Pillow with Premium Polyester - White and Indigo,1,0.98,UPS Ground Saver $0.98,Carrier re-rate after label $0.98
MW1114WH546,Americanflat Collage Frame | Fits Five 4x6 | Shatter-Resistant Glass - 11x14 / White,1,0.98,UPS Ground Saver $0.98,Carrier re-rate after label $0.98
WB1217BLK,Gallery Poster Frame without Mat | Epic Collection - 12x17 / Black,2,0.98,FedEx (service not itemized) $0.98,Billed above label cost $0.98
A281P351SHOW7174,"Americanflat Abstract Shower Curtain by PI Creative Art, 71"" x 74""",3,0.97,FedEx (service not itemized) $0.64; UPS (service not itemized) $0.33,Billed above label cost $0.97
WMW0507NAOAK46,Gallery Picture Frame with Mat | Hudson Collection - 5x7 / Natural Oak,1,0.97,FedEx (service not itemized) $0.97,Billed above label cost $0.97
PS1216BLK5PKNOMAT,Galleria Unmatted Picture Frame - 12x16 / Black / 5 Pack,1,0.97,FedEx (service not itemized) $0.97,Billed above label cost $0.97
WB2232BLK,Americanflat 22x32 Poster Frame  - Black Picture Frame - Wide Photo Frames Made of Engineered Wood - Epic Collection - Black,2,0.95,FedEx (service not itemized) $0.95,Billed above label cost $0.95
MP-PS-VF-0406-GOLD,"Americanflat 4""x6"" Vintage Picture Frame with Beaded Accents with Shatter Resistant Glass and Easel Stand - Golden",2,0.94,UPS Ground Saver $0.90; FedEx (service not itemized) $0.04,Carrier re-rate after label $0.90; Billed above label cost $0.04
343126403058761804,Americanflat 2 Pack of Picture Frames with Mat - Plexiglass Cover,1,0.93,FedEx (service not itemized) $0.93,Billed above label cost $0.93
343126403058761736,Americanflat 2 Pack of Picture Frames with Mat - Plexiglass Cover,1,0.93,FedEx (service not itemized) $0.93,Billed above label cost $0.93
MP-MDF-WBDIST-0608-DWHITE,Americanflat Rustic Picture Frame - Unique Farmhouse Look - 6x8 - Aspen White,1,0.93,USPS Ground Advantage $0.93,Carrier re-rate after label $0.93
VF0507BLKGLD,Heirloom Unmatted Picture Frame - 5x7 / Black/Gold / Vintage frame,2,0.93,FedEx (service not itemized) $0.93,Billed above label cost $0.93
PS1117GLD9155PK,Americanflat 11x17 Gallery Wall Picture Frame Set of 5 Polished Plexiglass with Removable Mat - Home Gallery Wall Decor for Photos and Art - Gold,1,0.93,FedEx (service not itemized) $0.93,Billed above label cost $0.93
MAG0507BLKACR3SET,Magnetic Refrigerator Frame | Americanflat | Shatter-Resistant | Modern Decor - 5x7 / Black / 3 Pack,2,0.91,FedEx (service not itemized) $0.91,Billed above label cost $0.91
571466032882548738,Americanflat Picture Frame Stand - Wall Mounted Frame Stand - Artwork and Photo Easel with Adaptive Clamps for Different Frame Profiles - Black,2,0.91,FedEx (service not itemized) $0.91,Billed above label cost $0.91
KAF8511LWOOD2PK,Americanflat Kids Artwork Picture Frame in Light Wood- Displays 8.5x11 With Mat and 10x12.5 Without Mat -  2 Pack,1,0.91,USPS Ground Advantage $0.91,Carrier re-rate after label $0.91
LX1616GLD57,Streamline Matted Picture Frame - 16x16 with 5x7 Mat / Gold / 1 Pack,2,0.91,FedEx (service not itemized) $0.91,Billed above label cost $0.91
MWWALNUT10PACK,"Americanflat 10-Piece Walnut Picture Frame Set | Includes Sizes 8x10, 5x7, and 4x6. Shatter-Resistant Glass. Hanging Hardware Included!",2,0.91,FedEx (service not itemized) $0.91,Billed above label cost $0.91
A3DWOOD,A-Size Picture Frame - A3 (11.7x16.5) / Driftwood / 1 Pack,1,0.91,FedEx (service not itemized) $0.91,Billed above label cost $0.91
LX1622WHT1218,Picture Frame | Includes Mat | Slim Molding | Streamline Collection - 16x22 with 12x18 Mat / White / 1 Pack,4,0.9,FedEx (service not itemized) $0.90,Billed above label cost $0.90
IFBLK2134,"Americanflat 2x3 Picture Frame in Black - Use as 2x3 Frame for Instant-Print Photos - Mini Picture Frame with Crystal-Clear Glass, Hanging Hardware",1,0.9,UPS Ground Saver $0.90,Carrier re-rate after label $0.90
MP-PS-1218-BLACK-1117-5PK,Americanflat 5 Pack of 12x18 Frames with 11x17 Mat - Plexiglass Cover - Black,3,0.9,FedEx (service not itemized) $0.90,Billed above label cost $0.90
MP-METAL-ROP-1114-SILVER-810,Americanflat 11x14 Picture Frame with Rope-Style Textured Detailing - Use as 8x10 Frame with Mat or Display 11x14 Photo Without Mat - Silver,3,0.89,UPS Ground Saver $0.89,Carrier re-rate after label $0.89
PS1624BLK5PKNOMAT,Set of 5 - Classic Gallery Picture Frame with Mat | Galleria Collection - 16 x 24 / Black,1,0.89,FedEx (service not itemized) $0.89,Billed above label cost $0.89
WMW1212NAOAK1010,Hudson Picture Frame - 12x12 / Natural Oak / 10x10,1,0.88,FedEx (service not itemized) $0.88,Billed above label cost $0.88
MP-PVC-PS-0812-NAOAK-68-5PK,Americanflat 5 Pack of 8x12 Frames with 6x8 Mat - Plexiglass Cover - Natural Oak,2,0.88,UPS Ground Saver $0.88,Carrier re-rate after label $0.88
PS1212BLK995PK,Classic Gallery Picture Frame | Set of 5 | Galleria Collection | Includes Mat - 12X12 / Black,1,0.88,FedEx (service not itemized) $0.88,Billed above label cost $0.88
PS1216NAOAK9122PK,Galleria Matted Picture Frame - 12x16 with 9x12 mat / Natural Oak / 2 Pack,1,0.88,FedEx (service not itemized) $0.88,Billed above label cost $0.88
MPIRONWESL24,"Americanflat 24"" Picture Frame Stand - Wall Mounted Frame Stand - Artwork and Photo Easel with Adaptive Clamps for Different Frame Profiles - Black",5,0.87,FedEx (service not itemized) $0.87,Billed above label cost $0.87
PS0608WHT352PK,Americanflat 6x8 Picture Frame with Polished Plexiglass - Set of 2 - Use as 3x5 Frame with Mat or Display 6x8 Photo Without Mat - Galleria Collection,2,0.87,FedEx (service not itemized) $0.87,Billed above label cost $0.87
405106493826596919,Americanflat Picture Frame Set with Mat - Set of 5 - Photo Frame Set of Five for Wall Display - Plexiglass Cover - Hanging Hardware,2,0.87,FedEx (service not itemized) $0.87,Billed above label cost $0.87
SIF1624BLK,Snap-In Poster Frame Without Mat - Americanflat - 16x24 / Black,3,0.86,FedEx (service not itemized) $0.86,Billed above label cost $0.86
FFM165165BLK,Signature CD & Record Album Matted Picture Frame - 16.5x16.5 / Black,2,0.86,FedEx (service not itemized) $0.86,Billed above label cost $0.86
332699112270725137,Americanflat 12x4 Challenge Coin Display - Four Rows for Displaying Military Challenge Coins - Showcase up to 30 Coins at Once - Collectible Coin Holder - Pinewood Finish - Black,2,0.86,UPS (service not itemized) $0.44; UPS Ground Saver $0.42,Billed above label cost $0.44; Carrier re-rate after label $0.42
MW1218BK2PK,Americanflat 12x18 Picture Frames in Black - Composite Wood with Shatter Resistant Glass  (2-Pack),2,0.85,FedEx (service not itemized) $0.85,Billed above label cost $0.85
A281P369SHOW7174AZ,"Americanflat 71x74 Floral Shower Curtain - Metal Grommets and 12 Hooks - 100% Polyester - Botanical Curtains - Beige, Blue, Green, Coral and Pink",2,0.85,FedEx (service not itemized) $0.85,Billed above label cost $0.85
MW0812BK,Picture Frame | Classic Molding | Signature Collection - Americanflat - Black / 8x12,2,0.85,UPS Ground Saver $0.81; FedEx (service not itemized) $0.04,Carrier re-rate after label $0.81; Billed above label cost $0.04
MWBK10PACK,Americanflat Set of 10 Picture Frames with Shatter-Resistant Glass - Gallery Wall Frame Set with Two 8x10 Frames - Signature Collection - Black,1,0.84,FedEx (service not itemized) $0.84,Billed above label cost $0.84
MPLXG1616BLK573SET,Black | Gallery Wall Frames Set of 3 | Matching Size | Wide Mat – Americanflat - 16x16 matted to 5x7 / Black,1,0.84,FedEx (service not itemized) $0.84,Billed above label cost $0.84
MP-MDF-HPD-30-BLACK,"Americanflat Hanging Photo Display with Clips - 16"" Engineered Wood Picture Hanger with 23"" Metal Chains and 30 Clips",1,0.84,UPS (service not itemized) $0.84,Billed above label cost $0.84
PS1114NAOAK8105PK,Classic Gallery Picture Frame | Set of 5 | Galleria Collection | Includes Mat - 11X14 / Natural Oak,1,0.84,FedEx (service not itemized) $0.84,Billed above label cost $0.84
FF1114BK2PK,Signature Float Black Picture Frame - 11x14 / Black / 2 Pack,1,0.83,FedEx (service not itemized) $0.83,Billed above label cost $0.83
RINGDCBLK20,All-Star Ring Display Case - 20 Rings,2,0.83,FedEx (service not itemized) $0.83,Billed above label cost $0.83
LX1818WHT88,Streamline Matted Picture Frame - 18x18 with 8x8 Mat / White / 1 Pack,2,0.83,FedEx (service not itemized) $0.83,Billed above label cost $0.83
MP-ALU-FF-1114-PNICKEL,Americanflat Floating Aluminum & Plexiglass Frame - 11x14 - Silver,2,0.83,UPS Ground Saver $0.83,Carrier re-rate after label $0.83
MP-PVC-LX-0911-BLACK,"Americanflat 9x11 Picture Frame - Modern Design, Shatter-Resistant Glass, PVC Frame - Black",1,0.83,USPS Ground Advantage $0.83,Carrier re-rate after label $0.83
SIFF0810BLK,Americanflat 8x10 Floating Picture Frame with Shatter-Resistant Glass - Fits 6x8 Photos - Slide-In Photo Frame - Floating Frames - Black,3,0.83,FedEx (service not itemized) $0.83,Billed above label cost $0.83
WB1628BLK,Epic Poster Frame - 16x28 / Black,1,0.82,FedEx (service not itemized) $0.82,Billed above label cost $0.82
KAF8511WALNUT2PK,Americanflat Kids Art Frame | Holds 100 Photos | Modern - Premium Quality - Walnut / 2 pack,2,0.82,FedEx (service not itemized) $0.82,Billed above label cost $0.82
GSD2436WHT2030,Soho Matted Picture Frame - 24x36 / White / 20x30,1,0.81,FedEx (service not itemized) $0.81,Billed above label cost $0.81
MPBROUFXF5060RAB,"Faux Fur Throw Blanket - 50x60 Inch Luxury Rouched Design - Soft Plush Blanket for Couch, Sofa, and Bed - Premium Warm Cozy Home Decor - Rabbit",1,0.81,FedEx (service not itemized) $0.81,Billed above label cost $0.81
PS0909MAH662PK,"Set of 2 - Classic Gallery Picture Frame with Mat | Galleria Collection - 9"" x 9"" / Brown",1,0.81,FedEx (service not itemized) $0.81,Billed above label cost $0.81
OVF1620SLV1114,Heirloom Picture Frame - 16x20 / Silver / Ornate vintage frame,2,0.81,FedEx (service not itemized) $0.81,Billed above label cost $0.81
345732684133597252,"Americanflat Picture Frame - Rustic Picture Frame with Textured Engineered Wood, Shatter Resistant Glass and Easel Back - Horizontal and Vertical Display",1,0.8,UPS Ground Saver $0.80,Carrier re-rate after label $0.80
343126403058761794,Americanflat 2 Pack of Picture Frames with Mat - Plexiglass Cover,1,0.8,UPS Ground Saver $0.80,Carrier re-rate after label $0.80
473718712878628874,"Americanflat Hinged Picture Frame with Wide, Beveled Molding and Shatter-Resistant Glass - Modern Metal Picture Frame Displays Two Photos - Elegant Photo Frames for Tabletop Display",1,0.8,UPS Ground Saver $0.80,Carrier re-rate after label $0.80
A281P1706SHOW7174,Americanflat 71x74 Floral Shower Curtain - Water-Resistant Long Shower Curtain with Durable Metal Grommets and 12 Hooks - 100% Polyester - Botanical,2,0.78,FedEx (service not itemized) $0.78,Billed above label cost $0.78
329325489782685720,Americanflat Picture Frame with Wide Molding with Mat - Modern Wide Picture Frame - Plexiglass Cover - Hanging Hardware - Includes Easel,1,0.78,FedEx (service not itemized) $0.78,Billed above label cost $0.78
SBD0810BLK,Shadow Box Keepsake Frame with Door | Silhouette Collection - 8x10 / Black,2,0.78,FedEx (service not itemized) $0.78,Billed above label cost $0.78
MP-PVC-LX-0810-BLACK-10SET,"Americanflat Set of 10 Picture Frames - Gallery Wall Frame Set with Two 8x10, Four 5x7, and Four 4x6 Frames - Black",2,0.77,FedEx (service not itemized) $0.77,Billed above label cost $0.77
MPLXG1624BLK8103SET,Black | Gallery Wall Frames Set of 3 | Matching Size | Wide Mat – Americanflat - 16x24 matted to 8x10 / Black,2,0.77,FedEx (service not itemized) $0.77,Billed above label cost $0.77
SHOW7275GEO7GRYSL,"Americanflat 72x75 Hookless Shower Curtain - Water-Resistant Soft Waves Shower Curtain with Sheer Panel, Snap-In Liner, and Durable Grommets - 100%",3,0.77,FedEx (service not itemized) $0.77,Billed above label cost $0.77
OVF1114SLV810,Heirloom Picture Frame - 11x14 / Silver / Ornate vintage frame,3,0.76,FedEx (service not itemized) $0.76,Billed above label cost $0.76
MAG0507BLKACR,5x7 with 4x6 Mat | Magnetic Refrigerator Frame | Black | Modern,1,0.76,FedEx (service not itemized) $0.76,Billed above label cost $0.76
A281P228SHOW7174,"Americanflat 71 x 74 Shower Curtain, Winters Trail II by PI Creative Art",1,0.75,UPS Ground Saver $0.75,Carrier re-rate after label $0.75
343124438380904536,Americanflat Poster Frame - Perfect Frame for Photos and Artwork - Large Picture Frame - Polished Plexiglass - Hanging Hardware with Horizontal and Vertical Display,3,0.75,FedEx (service not itemized) $0.75,Billed above label cost $0.75
LX1616BLKNOMAT,Americanflat 16x16 Picture Frame with Polished Plexiglass - - Thin Border Square Frame for Wall Display - Hanging Hardware Included - Black,2,0.74,UPS Ground Saver $0.65; FedEx (service not itemized) $0.09,Carrier re-rate after label $0.65; Billed above label cost $0.09
WMW2434PNICKEL2030,Oversized Gallery Picture Frame with Mat | Hudson Collection - 24x34 / Silver / 20x30,1,0.73,FedEx (service not itemized) $0.73,Billed above label cost $0.73
MP-PES-SHOW-A281P417-7174-BLACK,Americanflat Abstract Shower Curtain Gulf by PI Creative Art,2,0.73,FedEx (service not itemized) $0.73,Billed above label cost $0.73
FFM1526BLK,Signature Float Black Matted Engineered Wood Picture Frame - 15x26 / Black,2,0.73,FedEx (service not itemized) $0.73,Billed above label cost $0.73
MP-PES-SHOW-A413P090-7275-SL,"Americanflat 72x75 Hookless Shower Curtain - Abstract Pink Green Orange Shower Curtain with Sheer Panel, Snap-In Liner, and Grommets - 100% Polyester",2,0.72,FedEx (service not itemized) $0.48; UPS Ground Saver $0.24,Billed above label cost $0.48; Carrier re-rate after label $0.24
WB1640BLK,Epic Poster Frame - 16x40 / Black,2,0.72,FedEx (service not itemized) $0.72,Billed above label cost $0.72
A413P077SHOW7275SL,"Americanflat 72x75 Hookless Shower Curtain - Water-Resistant Geometric Pastel Shower Curtain with Sheer Panel, Snap-In Liner, and Grommets - 100%",1,0.72,FedEx (service not itemized) $0.72,Billed above label cost $0.72
KAF8511DWOOD2PK,Americanflat  Kids Artwork Picture Frame in Driftwood- Displays 8.5x11 With Mat and 10x12.5 Without Mat -  2 Pack,1,0.72,UPS Ground Saver $0.72,Carrier re-rate after label $0.72
LX1418GLD57,Americanflat 14x18 Picture Frame with Polished Plexiglass - Use as 5x7 Frame with Mat or Display 14x18 Photo Without Mat - Streamline Collection,1,0.72,FedEx (service not itemized) $0.72,Billed above label cost $0.72
VF0406SLV,Heirloom Unmatted Picture Frame - 4x6 / Silver / Vintage frame,2,0.71,FedEx (service not itemized) $0.71,Billed above label cost $0.71
355375174753370117,Americanflat 12x28 Collage Picture Frame - Fits Two 8x10 Photos or One 12x18 Picture,1,0.71,UPS Ground Saver $0.71,Carrier re-rate after label $0.71
MP-MDF-WMW-0810-WHITE-57,Americanflat 8x10 Wide Molding Picture Frame - White,1,0.71,UPS Ground Saver $0.71,Carrier re-rate after label $0.71
WMW1010BLK88,Hudson Picture Frame - 10x10 / Black / 8x8,3,0.7,FedEx (service not itemized) $0.70,Billed above label cost $0.70
OVF0810GLD57,Heirloom Picture Frame - 8x10 / Gold / Ornate vintage frame,2,0.7,FedEx (service not itemized) $0.70,Billed above label cost $0.70
MP-SB-1114-PBRASS,Americanflat Shadow Box Frame Gold 11x14 inches - 1.5 Deep Box Frame with Glass Front,1,0.69,UPS Ground Saver $0.69,Carrier re-rate after label $0.69
A4OAK,"Americanflat A4 Picture Frame, Oak",1,0.69,UPS Ground Saver $0.69,Carrier re-rate after label $0.69
MP-WOVEN-SHOW-7171-BLUE,Americanflat 71x71 Woven Linen Blue Shower Curtain with Tassel Accents - Includes 12 Grommets and Hooks - 100% Polyester,1,0.69,UPS Ground Saver $0.69,Carrier re-rate after label $0.69
KAF8511BK4PK,Americanflat Kids Art Frame with Mat | Set of 4 | Holds up to 100 Artworks - Black,4,0.68,FedEx (service not itemized) $0.68,Billed above label cost $0.68
MP-PVC-LX-1215-BLACK,Americanflat 12x15 Poster Frame - Perfect for Photos and Artwork - Black,2,0.68,UPS Ground Saver $0.37; FedEx (service not itemized) $0.30,Carrier re-rate after label $0.37; Billed above label cost $0.30
MW1111PBRASS,Signature Matted Picture Frame - 11x11 / Gold / 1-Pack,1,0.67,FedEx (service not itemized) $0.67,Billed above label cost $0.67
298584717682704558,"Americanflat Snap-In Picture Frame in Black - Set of 3 - Poster Frame with Slimline Molding, Plexiglass Cover, and Hanging Hardware - Black",2,0.67,FedEx (service not itemized) $0.67,Billed above label cost $0.67
A281P886SHOW7174,Americanflat 71x74 Geometric Shower Curtain - Water-Resistant Long Shower Curtain with Durable Metal Grommets and 12 Hooks - 100% Polyester - Sage,2,0.67,FedEx (service not itemized) $0.67,Billed above label cost $0.67
VF1114WHTGLD810,Americanflat Vintage Frames - 11x14 Picture Frame with Beaded Accents and Shatter-Resistant Glass - Use as 8x10 Frame or Display 11x14 Photos Without,2,0.66,FedEx (service not itemized) $0.66,Billed above label cost $0.66
LX0808BLK,Streamline Matted Picture Frame - 8x8 with 6x6 Mat / Black / 1 Pack,1,0.65,UPS Ground Saver $0.65,Carrier re-rate after label $0.65
SB0808BK,Americanflat Shadow Box Frame in Black with Soft Linen Back MDF and Shatter Resistant Glass for Wall and Tabletop - 8 x 8,1,0.65,UPS Ground Saver $0.65,Carrier re-rate after label $0.65
ODFMAHGLD1114-DBLKGLD,Americanflat 11x14 Diploma Frame - Use as 8.5x11 Certificate Frame or Display 11x14 Photo Without Mat - Legacy Collection - Mahogany & Gold Vintage,1,0.65,FedEx (service not itemized) $0.65,Billed above label cost $0.65
HPF1622BLK,Black | Concealment Picture Frame | Magnetic Hinged Storage – Americanflat - 16x22 / Black,1,0.65,FedEx (service not itemized) $0.65,Billed above label cost $0.65
PS1216WH5PK,Set of 5 - Classic Gallery Picture Frame with Mat | Galleria Collection - 12 x 16 / White,1,0.65,FedEx (service not itemized) $0.65,Billed above label cost $0.65
PFF0810GLD57,Veranda Picture Frame | Americanflat | Fillet Accent | Acrylic Glazing | With Mat - 8x10 / Gold / 5x7,2,0.64,FedEx (service not itemized) $0.64,Billed above label cost $0.64
343081422288175123,Americanflat Picture Frame Set with Mat - Set of 5 - Photo Frame Set of Five for Wall Display - Plexiglass Cover - Hanging Hardware,1,0.64,FedEx (service not itemized) $0.64,Billed above label cost $0.64
OVF0406BLK,Heirloom Unmatted Picture Frame - 4x6 / Black / Ornate Vintage frame,1,0.64,FedEx (service not itemized) $0.64,Billed above label cost $0.64
VF0406BLKGLD,Heirloom Unmatted Picture Frame - 4x6 / Black/Gold / Vintage frame,1,0.64,FedEx (service not itemized) $0.64,Billed above label cost $0.64
VF0507BLK,Heirloom Unmatted Picture Frame - 5x7 / Black / Vintage frame,1,0.64,FedEx (service not itemized) $0.64,Billed above label cost $0.64
VF0810BLKGLD57,Heirloom Picture Frame - 8x10 / Black/Gold / Vintage frame,1,0.64,FedEx (service not itemized) $0.64,Billed above label cost $0.64
WMW0507WHT46,Hudson Picture Frame - 5x7 / White / 4x6,1,0.63,USPS Ground Advantage $0.63,Carrier re-rate after label $0.63
ALU0810GLD0507,Brooklyn Portrait Picture Frame - 8x10 / Gold,1,0.63,USPS Ground Advantage $0.63,Carrier re-rate after label $0.63
WMW1620WHT1114,Americanflat 16x20 Picture Frame with Polished Plexiglass - Use as 11x14 Frame with Mat or Display 16x20 Photo Without Mat - Hudson Collection - Wide,1,0.63,FedEx (service not itemized) $0.63,Billed above label cost $0.63
SIFF1114BLK,Floating Picture Frame | Slide-In Design | Shatter-Resistant Glass Front - 11x14 / Black,3,0.62,FedEx (service not itemized) $0.62,Billed above label cost $0.62
WESL18,Adjustable Wall Easel | Black | Modern - Premium Quality - 18 Inch,2,0.62,FedEx (service not itemized) $0.62,Billed above label cost $0.62
PS0808BLK552PK,Galleria Matted Picture Frame - 8x8 with 5x5 mat / Black / 2 Pack,1,0.62,FedEx (service not itemized) $0.62,Billed above label cost $0.62
CANFF1114BLK,Canvas Floating Frame Without Mat - 11x14 / Black,1,0.62,FedEx (service not itemized) $0.62,Billed above label cost $0.62
A393P032SHOW7174,Americanflat 71x74 Boho Shower Curtain - Water-Resistant Long Shower Curtain with Durable Metal Grommets and 12 Hooks - 100% Polyester - Burnt,2,0.62,FedEx (service not itemized) $0.62,Billed above label cost $0.62
OCFHGBV0406GLD,"Americanflat Hinged 4x6 Picture Frame with Wide, Beveled Molding and Shatter-Resistant Glass - Modern Frame Two 4x6 Photos - Gold",2,0.62,FedEx (service not itemized) $0.62,Billed above label cost $0.62
A281P141SHOW7174,"Americanflat 71x74 Boho Shower Curtain - Water-Resistant Long Shower Curtain with Durable Metal Grommets and 12 Hooks - 100% Polyester - Turquoise,",2,0.62,FedEx (service not itemized) $0.62,Billed above label cost $0.62
OCFBAM0406SLV,Americanflat 4x6 Metal Picture Frame With Bamboo-Style Molding - Silver Bamboo Frame with Shatter-Resistant Glass - Elegant Gallery Style Frames,2,0.62,FedEx (service not itemized) $0.62,Billed above label cost $0.62
OCFBEA0406SLV,Americanflat 4x6 Metal Picture Frame With Beaded-Style Detailing - Beaded Metal Picture Frame With Shatter-Resistant Glass - Elegant Gallery Style,2,0.61,FedEx (service not itemized) $0.61,Billed above label cost $0.61
A281P1707SHOW7174,"Americanflat 71x74 Botanical Shower Curtain - Water-Resistant Long Shower Curtain with Durable Metal Grommets and 12 Hooks - 100% Polyester - Ivory,",2,0.61,FedEx (service not itemized) $0.61,Billed above label cost $0.61
LX1826BLK1422,Picture Frame | Includes Mat | Slim Molding | Streamline Collection - 18x26 with 14x22 Mat / Black / 1 Pack,1,0.61,FedEx (service not itemized) $0.61,Billed above label cost $0.61
A281P129SHOW7174AZ,"Shower Curtain 71x74, Water-Resistant, Hooks - Americanflat - 71x74 / Teal Abstract",1,0.61,FedEx (service not itemized) $0.61,Billed above label cost $0.61
LX0406GLD,Streamline Picture Frame - 4x6 / Gold / 1 Pack,2,0.61,FedEx (service not itemized) $0.61,Billed above label cost $0.61
LEDGE_WH14_3PK,Floating Shelves Set of 3 - White / 14,1,0.6,FedEx (service not itemized) $0.60,Billed above label cost $0.60
MW0810WHTNOMAT,Picture Frame | Classic Molding | Signature Collection - Americanflat - White / 8x10,3,0.6,FedEx (service not itemized) $0.60,Billed above label cost $0.60
MPBROUFXF5060GRY,"Faux Fur Throw Blanket - 50x60 Inch Luxury Rouched Design - Soft Plush Blanket for Couch, Sofa, and Bed - Premium Warm Cozy Home Decor - Grey",2,0.6,FedEx (service not itemized) $0.60,Billed above label cost $0.60
A405P233SHOW7174,"Americanflat 71x74 Boho Shower Curtain - Water-Resistant Long Shower Curtain with Durable Metal Grommets and 12 Hooks - 100% Polyester - Terracotta,",1,0.6,FedEx (service not itemized) $0.60,Billed above label cost $0.60
WMW1215BLK912,Hudson Picture Frame - 12x15 / Black / 9x12,2,0.59,FedEx (service not itemized) $0.59,Billed above label cost $0.59
549065642600267800,Americanflat Vintage Frames - Picture Frame with Beaded Accents - Use with Included Mat - Distressed Finish,2,0.58,FedEx (service not itemized) $0.58,Billed above label cost $0.58
SB8511BK,Shadow Box Frame | Shatter-Resistant Glass | Deep Display Box - Americanflat - 8.5x11 / Black,1,0.58,UPS Ground Saver $0.58,Carrier re-rate after label $0.58
LX2430BLK1319,Streamline Matted Picture Frame - 24x30 with 13x19 Mat / Black / 1 Pack,1,0.57,FedEx (service not itemized) $0.57,Billed above label cost $0.57
VF1319GLD1218,13x19 with 12x18 Mat | Vintage Frames | Gold | Modern - Premium Quality,1,0.57,FedEx (service not itemized) $0.57,Billed above label cost $0.57
MP-PS-1216-WHITE-8511-5PK,Americanflat 12x16 frame with mat 5 Pack of Picture Frames - Gallery Wall Frame Set 16x12 picture frame,2,0.56,FedEx (service not itemized) $0.56,Billed above label cost $0.56
MW0608BLK35,Americanflat 6x8 Picture Frame - Use as 3x5 Frame with Mat or Display 6x8 Photo Without Mat - Signature Collection - Picture Frames Black,2,0.55,UPS Ground Saver $0.55,Carrier re-rate after label $0.55
DF08104PKMOD57,Collage Picture Frame | Set of 4 | Shatter-Resistant | With Mat | Multi-Wood Finish - Americanflat - 8x10 / Modern Farmhouse,1,0.55,FedEx (service not itemized) $0.55,Billed above label cost $0.55
WMW2028NAOAK1624,"Americanflat 20x28 Picture Frame with Polished Plexiglass, Use as 16x24 Frame with Mat or 20x28 Frame Without Mat, Hudson Collection, Natural Oak",1,0.55,FedEx (service not itemized) $0.55,Billed above label cost $0.55
LX11514WHT8511,Americanflat 11.5x14 Diploma Frame with Shatter-Resistant Glass - Use as 8.5x11 Frame with Mat or Display 11.5x14 Document Without Mat - Legacy,2,0.55,FedEx (service not itemized) $0.55,Billed above label cost $0.55
WB1424BLK,Epic Poster Frame - 14x24 / Black,1,0.54,FedEx (service not itemized) $0.54,Billed above label cost $0.54
SHOW7174WVBLUOMBRE,Americanflat 71x74 Wave Blue Ombre Shower Curtain - Water-Resistant Long Shower Curtain with Durable Metal Grommets and 10 Hooks - 100% Polyester,2,0.54,FedEx (service not itemized) $0.54,Billed above label cost $0.54
A281P662SHOW7174,"Americanflat 71 x 74 Shower Curtain, Synthesis Ii by PI Creative Art",1,0.54,UPS Ground Saver $0.54,Carrier re-rate after label $0.54
MP-MDF-WBDIST-0810-DRED,"Americanflat 8x10 Picture Frame in Red - Rustic Picture Frame with Textured Engineered Wood, Shatter Resistant Glass and Easel Back",1,0.54,UPS Ground Saver $0.54,Carrier re-rate after label $0.54
MP-MDF-WMW-1218-WHITE-1117,Americanflat 12x18 Wide Molding Picture Frame - White,1,0.54,UPS Ground Saver $0.54,Carrier re-rate after label $0.54
MPLXG2424BLK11143SET,Black | Gallery Wall Frames Set of 3 | Matching Size | Wide Mat – Americanflat - 24x24 matted to 11x14 / Black,1,0.54,FedEx (service not itemized) $0.54,Billed above label cost $0.54
257803095485366277,Americanflat Picture Frame Set with Mat - Set of 5 - Photo Frame Set of Five for Wall Display - Plexiglass Cover - Hanging Hardware,1,0.54,FedEx (service not itemized) $0.54,Billed above label cost $0.54
549051482093092870,"Americanflat Now Playing Vinyl Record Stand - Clear Acrylic Now Playing Sign Holds Up to 19 Records - 7.8x7.5""",1,0.54,FedEx (service not itemized) $0.54,Billed above label cost $0.54
SBBBYTK1216WHT34,Americanflat 12x16 Baby Shower Guest Book with 80 Heart Tokens - Fits 3x4 Baby Sonogram - Token Shadow Box - Inlcudes Pink and Blue Mats - Ideal,1,0.54,FedEx (service not itemized) $0.54,Billed above label cost $0.54
343124438380904534,Americanflat Poster Frame - Perfect Frame for Photos and Artwork - Large Picture Frame - Polished Plexiglass - Hanging Hardware with Horizontal and Vertical Display,1,0.54,FedEx (service not itemized) $0.54,Billed above label cost $0.54
257803095485366281,Americanflat Picture Frame Set with Mat - Set of 5 - Photo Frame Set of Five for Wall Display - Plexiglass Cover - Hanging Hardware,1,0.54,FedEx (service not itemized) $0.54,Billed above label cost $0.54
WB2126BLK,Gallery Poster Frame without Mat | Epic Collection - 21x26 / Black,1,0.54,FedEx (service not itemized) $0.54,Billed above label cost $0.54
KAFSLD8511WHT,Americanflat 8.5x11 Kids Art Storage Picture Frame - Home Gallery Wall Decor for Photos and Art Signature Collection Professional Quality - White,3,0.53,FedEx (service not itemized) $0.53,Billed above label cost $0.53
LX2230BLKNOMAT,Picture Frame | Slim Molding | Streamline Collection - 22x30 / Black,2,0.53,FedEx (service not itemized) $0.41; UPS Ground Saver $0.12,Billed above label cost $0.41; Carrier re-rate after label $0.12
KAF8511LP,Americanflat Kids Art Frame | Holds 100 Photos | Modern - Premium Quality - Lilac / 1 pack,2,0.52,FedEx (service not itemized) $0.52,Billed above label cost $0.52
LX0507WHTNOMAT,Streamline Picture Frame - 5x7 / White / 1 Pack,1,0.52,FedEx (service not itemized) $0.52,Billed above label cost $0.52
MP-PVC-LX-1218-BLACK,Americanflat 12x18 Poster Frame - Perfect for Photos and Artwork - Black,1,0.51,UPS Ground Saver $0.51,Carrier re-rate after label $0.51
MW1117DWOOD,Signature Unmatted Picture Frame - Driftwood / 11x17 / 1 Pack,1,0.5,UPS Ground Saver $0.50,Carrier re-rate after label $0.50
MP-PVC-LX-0912-BLACK-68,"Americanflat 9x12 Picture Frame with Mat for 6x8 - Modern Design, Shatter-Resistant Glass, PVC Frame - Black",1,0.5,UPS Ground Saver $0.50,Carrier re-rate after label $0.50
WMW1010NAOAK88,Hudson Picture Frame - 10x10 / Natural Oak / 8x8,1,0.5,UPS Ground Saver $0.50,Carrier re-rate after label $0.50
MW1114DWOOD57,Signature Matted Picture Frame - 11x14 with 5x7 mat / Driftwood / 1 Pack,1,0.5,UPS Ground Saver $0.50,Carrier re-rate after label $0.50
GSD1218BLK1117,Soho Matted Picture Frame - 12x18 / Black / 11x17,1,0.5,UPS Ground Saver $0.50,Carrier re-rate after label $0.50
SHOW7174SGRYOMBRE,Americanflat 71x74 Grey Ombre Shower Curtain - 100% Polyester Curtain - Water-Resistant with Metal Grommets and 12 Rings - Gradient Shower Curtains,1,0.5,UPS Ground Saver $0.50,Carrier re-rate after label $0.50
280387087038234632,"Americanflat Shadow Box Frame - 1.5 Interior Depth for Memorabilia - Display Case for Showcasing Souvenirs, Awards, and Medals - Shatter Resistant Glass - Hanging Hardware",1,0.49,FedEx (service not itemized) $0.49,Billed above label cost $0.49
MP-PES-SHOW-A413P077-7275-SL,"Americanflat 72x75 Hookless Shower Curtain - Abstract Orange Green Shower Curtain with Sheer Panel, Snap-In Liner, and Grommets - 100% Polyester",2,0.49,UPS Ground Saver $0.49,Carrier re-rate after label $0.49
SHOW7275BLUWAFSL,"Americanflat 72x75 Hookless Waffle Pattern Shower Curtain - Water-Resistant Long Shower Curtain with Sheer Panel, Snap-In Liner, and Durable Grommets",2,0.49,FedEx (service not itemized) $0.49,Billed above label cost $0.49
MP-PES-SHOW-A281P369-7174-Sepia,"Americanflat Where the Passion Flower Grows by PI Creative Art Floral Shower Curtain, 71x74",1,0.48,FedEx (service not itemized) $0.48,Billed above label cost $0.48
A238P008SHOW7174,"Americanflat 71 x 74 Shower Curtain, Leaf It Alone by Christine Olmstead",1,0.48,FedEx (service not itemized) $0.48,Billed above label cost $0.48
MW8511PNICKEL2PK,Americanflat 8.5x11 Diploma Frame in Silver with Shatter Resistant Glass - Horizontal and Vertical Formats for Wall and Tabletop (2 Pack),1,0.48,UPS Ground Saver $0.48,Carrier re-rate after label $0.48
355375174753370119,Americanflat 12x28 Collage Picture Frame - Fits Two 8x10 Photos or One 12x18 Picture,1,0.48,UPS Ground Saver $0.48,Carrier re-rate after label $0.48
A303P135SHOW7174,Americanflat 71x74 Coastal Shower Curtain - Ocean View by Modern Tropical,1,0.48,FedEx (service not itemized) $0.48,Billed above label cost $0.48
WMW0808WHT55,Hudson Picture Frame - 8x8 / White / 5x5,1,0.47,FedEx (service not itemized) $0.47,Billed above label cost $0.47
340169670841073781,Americanflat Gallery Wall Picture Frames - Set of 12 - Picture Frame Set for Wall Collage - Plexiglass Cover - Hanging Hardware - Includes Easel,1,0.47,FedEx (service not itemized) $0.47,Billed above label cost $0.47
340169670841073785,Americanflat Gallery Wall Picture Frames - Set of 12 - Picture Frame Set for Wall Collage - Plexiglass Cover - Hanging Hardware - Includes Easel,1,0.47,FedEx (service not itemized) $0.47,Billed above label cost $0.47
MP-MDF-WBDIST-0507-DBLUE,Americanflat Rustic Picture Frame - Unique Farmhouse Look - 5x7 - Turquoise Blue,1,0.47,USPS Ground Advantage $0.47,Carrier re-rate after label $0.47
MP-MDF-GSK-0810-BLACK-6PK,Americanflat 8x10 Picture Frame Set to Enhance Wall Decor - Black - 6 Pack,1,0.47,FedEx (service not itemized) $0.47,Billed above label cost $0.47
547949900291080258,Americanflat Vintage Frames - Picture Frame with Beaded Accents - Antique Frames for Tabletop and Wall Display - Ornate Frame,2,0.46,FedEx (service not itemized) $0.46,Billed above label cost $0.46
MW0405BLKNOMAT,Picture Frame | Classic Molding | Signature Collection - Americanflat - Black / 4x5,2,0.46,UPS Ground Saver $0.42; FedEx (service not itemized) $0.04,Carrier re-rate after label $0.42; Billed above label cost $0.04
LX810BLKNOMAT2PK,Streamline Picture Frame - 8x10 / Black / 2 Pack,1,0.45,FedEx (service not itemized) $0.45,Billed above label cost $0.45
MAGMINI4SET,2x3 | Magnetic Refrigerator Frame | Set of 4 | Black | Modern - Premium Quality,1,0.45,FedEx (service not itemized) $0.45,Billed above label cost $0.45
A281P273SHOW7174AZ,"Americanflat 71x74 Marble Shower Curtain - Durable Metal Grommets and 12 Hooks - 100% Polyester - Turquoise, Light Blue, Navy Blue, White and Gold",2,0.45,FedEx (service not itemized) $0.45,Billed above label cost $0.45
KAFTT8511WHT,My Mini Masterpiece 8.5x11 Tabletop Picture Frame - 8.5x11 / White,1,0.44,FedEx (service not itemized) $0.44,Billed above label cost $0.44
WB1322BLK,Epic Poster Frame - 13x22 / Black,1,0.44,FedEx (service not itemized) $0.44,Billed above label cost $0.44
LX1824WHTNOMAT,Streamline Picture Frame - 18x24 / White / 1 Pack,1,0.44,FedEx (service not itemized) $0.44,Billed above label cost $0.44
MWWH10PACK,Americanflat Picture Frame in White MDF / Shatter Resistant Glass Horizontal and Vertical Formats for Wall - Pack of 10,3,0.43,FedEx (service not itemized) $0.43,Billed above label cost $0.43
MPPESSHOW7174WGYOMB,Americanflat 71x74 Wave Grey Ombre Shower Curtain - Water-Resistant Long Shower Curtain with Durable Metal Grommets and 10 Hooks - 100% Polyester,1,0.43,FedEx (service not itemized) $0.43,Billed above label cost $0.43
MW8514BK2PK,Picture Frame | Composite Wood | Shatter-Resistant Glass | Wall Display Multi pack - 8.5x14 / Black / 2 Pack,1,0.43,FedEx (service not itemized) $0.43,Billed above label cost $0.43
LX0911BLKNOMAT,Picture Frame | Slim Molding | Streamline Collection - 9x11,1,0.43,FedEx (service not itemized) $0.43,Billed above label cost $0.43
473718820252811266,Americanflat Silver Metal Picture Frame with Beaded-Style Detailing - Beaded Picture Frame with Shatter-Resistant Glass - Elegant Gallery Style Frames for Tabletop or Wall Display,1,0.42,UPS Ground Saver $0.42,Carrier re-rate after label $0.42
KAF8511BB,Americanflat Kids Art Frame | Holds 100 Photos | Modern - Premium Quality - Baby Blue / 1 pack,2,0.42,FedEx (service not itemized) $0.42,Billed above label cost $0.42
MP-SB-1620-BLACK,Americanflat Shadow Box Frame Black 16x20 inches - 1.5 Deep Box Frame with Plexiglass Front,1,0.41,UPS Ground Saver $0.41,Carrier re-rate after label $0.41
CFF0912BLK246,Signature Float Matted Collage Frame - Black / 9x12,1,0.4,FedEx (service not itemized) $0.40,Billed above label cost $0.40
BROUFXF5060BRW,Throw Blanket | Ruched Faux Fur - 50x60 - Brown,1,0.4,FedEx (service not itemized) $0.40,Billed above label cost $0.40
MP-MDF-STF-1114-BLACK,Americanflat Quick-Change 11x14 Photo Storage Display Frame Black,1,0.4,FedEx (service not itemized) $0.40,Billed above label cost $0.40
WB1416BLK,Epic Poster Frame - 14x16 / Black,1,0.39,FedEx (service not itemized) $0.39,Billed above label cost $0.39
SIFBLK20243PK,Fusion Picture Frame - 20x24 / Black / 3 Pack,1,0.37,FedEx (service not itemized) $0.37,Billed above label cost $0.37
MW1122PBRASS,Signature Unmatted Picture Frame - Polished Brass / 11x22 / 1 Pack,1,0.37,FedEx (service not itemized) $0.37,Billed above label cost $0.37
WB0507DFWH2OP,Americanflat Collage Picture Frame in with Two Displays Textured Wood and Polished Glass for Wall and Tabletop - White 5 x 7,1,0.37,UPS Ground Saver $0.37,Carrier re-rate after label $0.37
MP-PILL-REDS-1616-ABSTRACT001,Americanflat 16x16 Abstract Blurred Throw Pillow with Premium Polyester - Red,1,0.37,UPS Ground Saver $0.37,Carrier re-rate after label $0.37
MP-PES-SHOW-7174-GREYOMBRE,Americanflat 71x74 Ombre Grey Shower Curtain - Water Resistant - Polyester Fabric,1,0.37,UPS Ground Saver $0.37,Carrier re-rate after label $0.37
MW0808BLK55,Americanflat Picture Frame | Includes Mat | Classic Molding | Signature Collection - 8x8 Matted to 5x5 / Black,1,0.37,UPS Ground Saver $0.37,Carrier re-rate after label $0.37
473718712878628876,"Americanflat Hinged Picture Frame with Wide, Beveled Molding and Shatter-Resistant Glass - Modern Metal Picture Frame Displays Two Photos - Elegant Photo Frames for Tabletop Display",1,0.37,UPS Ground Saver $0.37,Carrier re-rate after label $0.37
MP-PVC-PS-1319-SILVER-1117-5PK,Americanflat 5 Pack of 13x19 Frames with 11x17 Mat - Plexiglass Cover - Silver,1,0.37,FedEx (service not itemized) $0.37,Billed above label cost $0.37
LX0808WHT66,Picture Frame | Includes Mat | Slim Molding | Streamline Collection - 8x8 with 6x6 Mat / White / 1 Pack,2,0.37,FedEx (service not itemized) $0.37,Billed above label cost $0.37
MP-PVC-IF-0406-BLACK-DW1-2PK,Americanflat 4x6 Mini Instant Photo Frame with Double White Mat - Display 2.1x3.4 Photos - Black - 2 Pack,1,0.36,USPS Ground Advantage $0.36,Carrier re-rate after label $0.36
MP-MDF-810-BLACK-46-2OP,Americanflat 8x10 Double Picture Frame - Displays Two 4x6 Photos or Artwork - Black,1,0.36,UPS (service not itemized) $0.36,Carrier re-rate after label $0.36
A5WHT,A-Sized Picture Frame | A Frames Collection | Modern Decor - A5 (5.8x8.3) / White / 1 Pack,1,0.36,FedEx (service not itemized) $0.36,Billed above label cost $0.36
A5BLK-2PACK,A-Sized Picture Frame | A Frames Collection | Modern Decor - A5 (5.8x8.3) / Black / 2 Pack,1,0.36,FedEx (service not itemized) $0.36,Billed above label cost $0.36
LX1317BLKNOMAT,Streamline Picture Frame - 13x17 / Black / 1 Pack,1,0.36,FedEx (service not itemized) $0.36,Billed above label cost $0.36
POD1114BLK3PK,Americanflat 11x14 Black Picture Frames - Shatter-Resistant Glass - 3 Pack - Use as 8x10 with mat or as 11x14 frame without mat,3,0.35,FedEx (service not itemized) $0.35,Billed above label cost $0.35
SB0810BLK68,Silhouette Matted Keepsake Shadow Box - 8x10 / Black,1,0.35,FedEx (service not itemized) $0.35,Billed above label cost $0.35
LX1111BLK,Picture Frame | Includes Mat | Slim Molding | Streamline Collection - 11x11 with 8x8 Mat / Black / 1 Pack,1,0.34,UPS Ground Saver $0.34,Carrier re-rate after label $0.34
FSF1114BLK,Americanflat Guardian Storage Frame | With Mat | Fire-Resistant Pouch - 11x14 / Black,1,0.34,UPS Ground Saver $0.34,Carrier re-rate after label $0.34
329325489782685722,Americanflat Picture Frame with Wide Molding with Mat - Modern Wide Picture Frame - Plexiglass Cover - Hanging Hardware - Includes Easel,1,0.34,UPS Ground Saver $0.34,Carrier re-rate after label $0.34
405106493826596915,Americanflat Picture Frame Set with Mat - Set of 5 - Photo Frame Set of Five for Wall Display - Plexiglass Cover - Hanging Hardware,1,0.34,UPS Ground Saver $0.34,Carrier re-rate after label $0.34
MW1111LWOOD,Americanflat 11x11 Picture Frame in Light Wood - Displays 8x8 With Mat and 11x11 Without Mat - Composite Wood with Shatter Resistant Glass,1,0.34,UPS Ground Saver $0.34,Carrier re-rate after label $0.34
332699056436150294,Americanflat 14x14 Wedding Signature Picture Frame - 5x7 with Mat or 14x14 without Mat - Signature Frame for Celebrations - Shatter Resistant Glass - Hanging Hardware,1,0.34,UPS Ground Saver $0.34,Carrier re-rate after label $0.34
MP-MDF-WB-1620-BLACK-1114,Americanflat Poster Frame 16x20 inches with 11x14 Mat - Black Wooden Picture Frame with Plexiglass Cover,1,0.34,UPS Ground Saver $0.34,Carrier re-rate after label $0.34
MP-PES-SHOW-7275-BLACK-WAF-SL,"Americanflat 72x75 Black Hookless Waffle Pattern Shower Curtain - Water-Resistant Long Shower Curtain with Sheer Panel, Snap-In Liner, and Grommets",1,0.34,UPS Ground Saver $0.34,Carrier re-rate after label $0.34
343124438380904508,Americanflat Poster Frame - Perfect Frame for Photos and Artwork - Large Picture Frame - Polished Plexiglass - Hanging Hardware with Horizontal and Vertical Display,1,0.34,UPS Ground Saver $0.34,Carrier re-rate after label $0.34
FF1218BK,Floating Picture Frame Crystal-Clear Glass - Americanflat - 12x18 / Black,1,0.34,UPS (service not itemized) $0.34,Carrier re-rate after label $0.34
MW1114WALNUT57,Americanflat 11x14 Picture Frame in Walnut - Displays 5x7 With Mat and 11x14 Without Mat - Composite Wood with Shatter Resistant Glass,2,0.34,UPS Ground Saver $0.31; FedEx (service not itemized) $0.03,Carrier re-rate after label $0.31; Billed above label cost $0.03
OVF0507SLV,Heirloom Unmatted Picture Frame - 5x7 / Silver / Ornate Vintage frame,1,0.33,FedEx (service not itemized) $0.33,Billed above label cost $0.33
289025631662489606,Americanflat 8.5x11 Thin Border Diploma Flame - Showcases Certificates and Diplomas - Document Picture Frame - Shatter Resistant Glass - Hanging Hardware and Easel for Table Display - Black,1,0.33,UPS (service not itemized) $0.33,Billed above label cost $0.33
319399087065858081,Americanflat A2 A3 A4 A5 Poster Frame - Picture Frame to Display Posters - Ideal for Documents and Artwork - Plexiglass Cover - Adjustable Hanging Hardware - Includes Easel,1,0.33,UPS (service not itemized) $0.33,Billed above label cost $0.33
MP-MDF-CF-5514-WHITE-344,Americanflat 5.5x14 Collage Picture Frame - Fits Three 3x3 Photos or One 5.5x14 Photo - White,1,0.33,UPS (service not itemized) $0.33,Billed above label cost $0.33
MP-MDF-8511-BLACK,Americanflat 8.5x11 Diploma Frame - Document Frame with Shatter-Resistant Glass and Engineered Wood - Certificate Frame for Tabletop and Wall - Black,1,0.33,UPS (service not itemized) $0.33,Billed above label cost $0.33
SIFBLK11143PK,Fusion Picture Frame - 11x14 / Black / 3 Pack,1,0.33,FedEx (service not itemized) $0.33,Billed above label cost $0.33
KAF8511PNICKEL2PK,Americanflat Kids Art Frame | Holds 100 Photos | Modern - Premium Quality - Silver / 2 pack,1,0.32,UPS Ground Saver $0.32,Carrier re-rate after label $0.32
MP-PS-912-WHITE-68-5PK,Americanflat 9x12 Frame 5 Pack of Picture Frames with Mat - Gallery Wall Frame Set 9x12 picture frame,1,0.32,UPS Ground Saver $0.32,Carrier re-rate after label $0.32
MW0912DWOOD68,Americanflat 9x12 Picture Frame in Driftwood - Displays 6x8 With Mat and 9x12 Without Mat - Composite Wood with Shatter Resistant Glass,1,0.32,UPS Ground Saver $0.32,Carrier re-rate after label $0.32
343097196783599727,"Americanflat Gallery-Style Picture Frame - Ideal Frame for Gallery Wall Display - Showcase Artwork, Prints, and Photos - Shatter Resistant Glass - Hanging Hardware with Drywall Anchor",1,0.32,UPS Ground Saver $0.32,Carrier re-rate after label $0.32
ESLF6ACR4PK,Acrylic Display Stand  Modern Clear Easel | Premium Quality - 6-Inch / 4 Pack,1,0.31,FedEx (service not itemized) $0.31,Billed above label cost $0.31
MW0808WHT55,Signature Matted Picture Frame - 8x8 / White / 1 Pack,1,0.31,FedEx (service not itemized) $0.31,Billed above label cost $0.31
LX2020SLV810NF,Thin Border Picture Frame | Shatter-Resistant Plexiglass | Wall Art Display - 20x20 / Silver / 8x10,1,0.31,FedEx (service not itemized) $0.31,Billed above label cost $0.31
A281P241SHOW7174,Americanflat 71x74 Coastal Shower Curtain - Upon a Clear by PI Creative Art,1,0.31,FedEx (service not itemized) $0.31,Billed above label cost $0.31
MP-PES-SHOW-A281P435-7174-GREEN,Americanflat Abstract Shower Curtain No Borders Shower Curtain by PI Creative Art,1,0.31,FedEx (service not itemized) $0.31,Billed above label cost $0.31
PS0506BLK232PK,Americanflat 5x6 Gallery Wall Picture Frame Set of 2 Polished Plexiglass with Removable Mat - Home Gallery Wall Decor for Photos and Art - Black,1,0.31,FedEx (service not itemized) $0.31,Billed above label cost $0.31
LX1518BLK,Poster Frame | Slim Molding | Streamline Collection - Black / 15x18,1,0.31,FedEx (service not itemized) $0.31,Billed above label cost $0.31
257803095485366283,Americanflat Picture Frame Set with Mat - Set of 5 - Photo Frame Set of Five for Wall Display - Plexiglass Cover - Hanging Hardware,1,0.31,FedEx (service not itemized) $0.31,Billed above label cost $0.31
PS11514BLK85112PK,Americanflat 11.5x14 Picture Frame with Polished Plexiglass - Set of 2 - Use as 8.5x11 Frame with Mat or Display 11.5x14 Photo Without Mat - Galleria,1,0.31,FedEx (service not itemized) $0.31,Billed above label cost $0.31
PETINK0912BLK3OP,Americanflat Inkless Pet Paw Print Kit with 3 Mess-Free Ink Pads - 9x12 Frame with Mat for 3 Openings and Shatter-Resistant Glass - Tabletop or Wall,1,0.31,FedEx (service not itemized) $0.31,Billed above label cost $0.31
MPFLEB5060FLOWHT,Americanflat Throw Blanket - 50x60 Inch Printed Fleece - Floral Design - Lightweight Warmth - White,1,0.31,FedEx (service not itemized) $0.31,Billed above label cost $0.31
PS0912SLV682PK,Americanflat 9x12 Picture Frame with Polished Plexiglass - Set of 2 - Use as 6x8 Frame with Mat or Display 9x12 Photo Without Mat - Galleria,1,0.31,FedEx (service not itemized) $0.31,Billed above label cost $0.31
A303P334SHOW7174,"Americanflat 71x74 Boho Shower Curtain - Durable Metal Grommets and 12 Hooks - 100% Polyester - Ivory, Burnt Orange and Green Bathroom Curtains",1,0.31,FedEx (service not itemized) $0.31,Billed above label cost $0.31
A393P021SHOW7174AZ,"Americanflat 71x74 Boho Shower Curtain - Durable Metal Grommets and 12 Hooks - 100% Polyester - Warm Beige, Black, and Ochre Yellow",1,0.31,FedEx (service not itemized) $0.31,Billed above label cost $0.31
GSK8511BLK12PK,Gallery Wall Picture Frames Set of 12 - Americanflat - 8.5x11 / Black,1,0.31,FedEx (service not itemized) $0.31,Billed above label cost $0.31
257803095485366279,Americanflat Picture Frame Set with Mat - Set of 5 - Photo Frame Set of Five for Wall Display - Plexiglass Cover - Hanging Hardware,1,0.31,FedEx (service not itemized) $0.31,Billed above label cost $0.31
MP-MDF-STF-0406-BLACK,Americanflat Quick-Change 4x6 Photo Storage Display Frame Black,1,0.31,FedEx (service not itemized) $0.31,Billed above label cost $0.31
WB1321BLK,Americanflat 13x21 Picture Frame with Polished Plexiglass - Black Picture Frame - Wide Photo Frames Made of Engineered Wood for Vertical or - Modern,1,0.31,FedEx (service not itemized) $0.31,Billed above label cost $0.31
MP-MDF-DF-8511-MAHOGANY,Americanflat 8.5x11 Diploma Frame - Document Frame with Shatter-Resistant Glass - Certificate Frame for Tabletop and Wall - Mahogany,1,0.31,FedEx (service not itemized) $0.31,Billed above label cost $0.31
MPFLEB5060DPGRN,Fleece Throw Blanket - 50x60 Inch - Modern Dash Windowpane Design - Ultra Soft Warmth - Green,1,0.31,FedEx (service not itemized) $0.31,Billed above label cost $0.31
MF0510BK2PK,5x10 | License Frame | Set of 2 | Includes Mat | Shatter-Resistant Glass – Americanflat - 5x10 / Black,1,0.31,FedEx (service not itemized) $0.31,Billed above label cost $0.31
MP-PS-1218-WHITE-1117-5PK,Americanflat 12x18 frame with mat 5 Pack of Picture Frames - Gallery Wall Frame Set 12x18 poster frame,1,0.31,FedEx (service not itemized) $0.31,Billed above label cost $0.31
MP-PS-1319-BLACK-1117-5PK,Americanflat 13x19 frame 5 Pack of Picture Frames with Mat - Gallery Wall Frame Set 13 x 19 picture frame,1,0.31,FedEx (service not itemized) $0.31,Billed above label cost $0.31
LX1414GLD46,Americanflat 14x14 Picture Frame with Polished Plexiglass - Use as 4x6 Frame with Mat or Display 14x14 Photo Without Mat - Streamline Collection,1,0.31,FedEx (service not itemized) $0.31,Billed above label cost $0.31
MF0510WALNUT,Americanflat License Frame | With 3.5x8 Mat | Tabletop & Wall | Legacy - 5x10 / Walnut / White,1,0.31,FedEx (service not itemized) $0.31,Billed above label cost $0.31
ALUFF0507PBRASS,Americanflat Aluminum 5x7 Floating Picture Frame with Shatter-Resistant Glass - Use as 4x6 Picture Frame or Display 5x7 Photo - Signature Float,1,0.31,FedEx (service not itemized) $0.31,Billed above label cost $0.31
LX2228BLK1216,Streamline Matted Picture Frame - 22x28 with 12x16 Mat / Black / 1 Pack,1,0.3,FedEx (service not itemized) $0.30,Billed above label cost $0.30
WMW1624WHT1218,Oversized Gallery Picture Frame with Mat | Hudson Collection - 16x24 / White / 12x18,1,0.3,FedEx (service not itemized) $0.30,Billed above label cost $0.30
MPBDLFXF5060WHT,Americanflat Throw Blanket - 50x60 Inch Double Sided Luxe Faux Fur - Soft Plush Fleece Bedding - Cozy Warmth For Living Room Couch Or Sofa - White,1,0.3,FedEx (service not itemized) $0.30,Billed above label cost $0.30
MP-PVC-PS-1624-BLACK-5PK,Americanflat 5 Pack of 16x24 Frames - Plexiglass Cover - Black,1,0.3,FedEx (service not itemized) $0.30,Billed above label cost $0.30
MP-SB-1114-WHITE,"Americanflat Shadow Box Frame White 11x14 inches - 1.5"" Deep Box Frame for Objects with Glass Front",1,0.3,FedEx (service not itemized) $0.30,Billed above label cost $0.30
STF0507BLK,"Storage Picture Frame, Quick Change, 35-Photo - Americanflat - 5x7 / Black",1,0.3,FedEx (service not itemized) $0.30,Billed above label cost $0.30
MP-PVC-LX-2424-BLACK,Americanflat 24x24 Poster Frame - Perfect for Photos and Artwork - Black,1,0.3,FedEx (service not itemized) $0.30,Billed above label cost $0.30
GSD1216BLK812,Gallery Picture Frame with Mat | Soho Collection - 12x16 / Black / 8x12,2,0.29,UPS Ground Saver $0.21; FedEx (service not itemized) $0.08,Carrier re-rate after label $0.21; Billed above label cost $0.08
LX0606BLKNOMAT,Streamline Picture Frame - 6x6 / Black / 1 Pack,1,0.29,FedEx (service not itemized) $0.29,Billed above label cost $0.29
WMW1824NAOAK1218,Oversized Gallery Picture Frame with Mat | Hudson Collection - 18X24 / Natural Oak / 12x18,1,0.29,FedEx (service not itemized) $0.29,Billed above label cost $0.29
343081422288175159,Americanflat Picture Frame Set with Mat - Set of 5 - Photo Frame Set of Five for Wall Display - Plexiglass Cover - Hanging Hardware,1,0.29,FedEx (service not itemized) $0.29,Billed above label cost $0.29
MP-MDF-WB-1624-BLACK,Americanflat Poster Frame 16x24 inches - Black Wooden Picture Frame with Plexiglass Cover,1,0.29,FedEx (service not itemized) $0.29,Billed above label cost $0.29
A405P028SHOW7174,Americanflat 71x74 Blue Wave and Sand Shower Curtain - 100% Polyester Shower Curtain,1,0.28,FedEx (service not itemized) $0.28,Billed above label cost $0.28
WB2020BLKPC,Epic Poster Frame - 20x20 / Black,1,0.28,FedEx (service not itemized) $0.28,Billed above label cost $0.28
MP-MDF-GSK-0810-WHITE-12PK,Americanflat 8x10 Picture Frame Set to Enhance Wall Decor - White - 12 Pack,1,0.28,FedEx (service not itemized) $0.28,Billed above label cost $0.28
520066867428458502,Americanflat 11x14 Black Picture Frames - Shatter-Resistant Glass - 3 Pack - Use as 8x10 with mat or as 11x14 frame without mat,1,0.28,FedEx (service not itemized) $0.28,Billed above label cost $0.28
MP-MDF-STF-0810-BLACK,Americanflat Quick-Change 8x10 Photo Storage Display Frame Black,1,0.28,FedEx (service not itemized) $0.28,Billed above label cost $0.28
ACR0507,Double-Sided Acrylic Picture Frame | Scratch Resistant - 5x7,3,0.27,FedEx (service not itemized) $0.27,Billed above label cost $0.27
SHOW7275GEO4GRYSL,"Americanflat 72x75 Hookless Shower Curtain - Water-Resistant Striped Shower Curtain with Sheer Panel, Snap-In Liner, and Durable Grommets - 100%",1,0.27,FedEx (service not itemized) $0.27,Billed above label cost $0.27
WB0507DFBLK2OP,Americanflat Collage Picture Frame in with Two  Displays Textured Wood and Polished Glass for Wall and Tabletop - Charcoal 5 x 7,1,0.27,UPS Ground Saver $0.27,Carrier re-rate after label $0.27
LX0709BLKNOMAT,Picture Frame | Slim Molding | Streamline Collection - 7x9 / Black,2,0.27,FedEx (service not itemized) $0.27,Billed above label cost $0.27
MP-MDF-MW-1114-OAK-7SET,Americanflat 7 Piece Gallery Wall Frame Set to Enhance Wall Decor - Oak,4,0.26,FedEx (service not itemized) $0.26,Billed above label cost $0.26
DF08104PKRUS57,"Collage Frame, Set of 4 - 8x10 / Rustic Lodge",1,0.26,FedEx (service not itemized) $0.26,Billed above label cost $0.26
MPFLEBRSV5060TTLCRM,Throw Blanket | Fleece & Sherpa - Classic Tattersall Plaid - 50x60 / Cream,1,0.25,FedEx (service not itemized) $0.25,Billed above label cost $0.25
MPFLEBRSV5060OPBLU,Throw Blanket | Fleece & Sherpa - Reversible - Oversize Plaid - 50x60 / Blue,1,0.25,FedEx (service not itemized) $0.25,Billed above label cost $0.25
PRO_MW1114NAOAK,Signature Matted Picture Frame - 11x14 / Natural Oak / 1 Pack,1,0.25,FedEx (service not itemized) $0.25,Billed above label cost $0.25
CF0620WHT346,Americanflat Signature Collage Frame | 3-Opening | Shatter-Resistant Glass - 6x20 / White / White,1,0.25,UPS Ground Saver $0.25,Carrier re-rate after label $0.25
MP-MDF-FF-8511-WHITE,"Americanflat 8.5x11 Two-Sided Floating Picture Frame to Display Photos, Wall Art, and Pressed Flowers - White",1,0.25,UPS Ground Saver $0.25,Carrier re-rate after label $0.25
280387087038234634,"Americanflat Shadow Box Frame - 1.5 Interior Depth for Memorabilia - Display Case for Showcasing Souvenirs, Awards, and Medals - Shatter Resistant Glass - Hanging Hardware",1,0.25,FedEx (service not itemized) $0.25,Billed above label cost $0.25
PFF1620SLV1114,Veranda Picture Frame - 16x20 / Silver / 11x14,1,0.24,FedEx (service not itemized) $0.24,Billed above label cost $0.24
MP-ALU-AL-1117-BLACK-812,Americanflat Aluminum 11 x 17 Picture Frame - Black,1,0.24,FedEx (service not itemized) $0.24,Billed above label cost $0.24
KAF8511PNICKEL,Kids Art Frame | 10x12.5 with mat | Holds up to 100 Artworks - Americanflat - 10x12.5 / Silver,1,0.23,FedEx (service not itemized) $0.23,Billed above label cost $0.23
CCF0808BLK44,Mod Black Picture Frame - Black / 8x8 / 4x4,1,0.23,FedEx (service not itemized) $0.23,Billed above label cost $0.23
A281P238SHOW7174AZ,Americanflat 71x74 Beach Shower Curtain - Water-Resistant Long Shower Curtain with Coastal Landscape Design - Durable Metal Grommets and 12 Hooks,1,0.22,FedEx (service not itemized) $0.22,Billed above label cost $0.22
329325489782685724,Americanflat Picture Frame with Wide Molding with Mat - Modern Wide Picture Frame - Plexiglass Cover - Hanging Hardware - Includes Easel,1,0.22,FedEx (service not itemized) $0.22,Billed above label cost $0.22
332704427912118338,Americanflat Poster Frame with Mat - Large Picture Frame - Polished Plexiglass Cover - Hanging Hardware for Horizontal and Vertical Display - Black,1,0.22,FedEx (service not itemized) $0.22,Billed above label cost $0.22
MP-PS-810-WHITE-57-5PK,Americanflat 5 Pack of 8x10 Frames with 5x7 Mat - Plexiglass Cover - White,1,0.22,FedEx (service not itemized) $0.22,Billed above label cost $0.22
MW0608BLKNOMAT,Signature Unmatted Picture Frame - Black / 6x8 / 1 Pack,2,0.22,FedEx (service not itemized) $0.22,Billed above label cost $0.22
MW0912LWOOD68,Americanflat 9x12 Picture Frame with Shatter-Resistant Glass - Use as 6x8 Frame with Mat or 9x12 Frame Without Mat - Signature Collection - Light Wood,1,0.21,UPS Ground Saver $0.21,Carrier re-rate after label $0.21
MW0816LWOOD3,Americanflat Picture Frame | Collage | Three 4x6 Openings with Classic Molding | Signature Collection - 8x16 / Lightwood,1,0.21,UPS Ground Saver $0.21,Carrier re-rate after label $0.21
MP-MDF-MW-1114-WHITE-46-5OP,Americanflat 11x14 Collage Picture Frame to Display 5 4x6 Photos at Once - White,1,0.21,UPS Ground Saver $0.21,Carrier re-rate after label $0.21
SIFWHT16243PK,Fusion Picture Frame - 16x24 / White / 3 Pack,1,0.2,FedEx (service not itemized) $0.20,Billed above label cost $0.20
MW11514WHT8511,Americanflat 11.5x14 Picture Frame with Shatter-Resistant Glass - Use as 8.5x11 Frame with Mat or Display 11.5x14 Photo Without Mat - Signature,1,0.2,FedEx (service not itemized) $0.20,Billed above label cost $0.20
A281P371SHOW7174,Americanflat 71x74 Delicate Lines Shower Curtain - 100% Polyester Shower Curtain,2,0.2,FedEx (service not itemized) $0.20,Billed above label cost $0.20
MW1515BLK1212,15x15 Black - Use as 12x12 Frame with Mat or 15x15 Frame Without Mat - Picture Frame,1,0.19,FedEx (service not itemized) $0.19,Billed above label cost $0.19
CANFF2436BLK,Americanflat 24x36 Canvas Floating Frame with Adhesive Strips Included - Vertical and Horizontal Floating Frame for Artwork - Canvas Frames - Black,1,0.19,FedEx (service not itemized) $0.19,Billed above label cost $0.19
MWOAK10PACK,"Americanflat 10-Piece Oak Picture Frame Set | Includes Sizes 8x10, 5x7, and 4x6. Shatter-Resistant Glass. Hanging Hardware Included!",2,0.19,FedEx (service not itemized) $0.19,Billed above label cost $0.19
PS0912NAOAK685PK,Galleria Matted Picture Frame - 9x12 / Natural Oak / 5 Pack,1,0.18,FedEx (service not itemized) $0.18,Billed above label cost $0.18
MP-PVC-LX-8511-BLACK-2PK,Americanflat 8.5x11 Thin Border Diploma Frame - Shatter-Resistant Glass Front Cover Black (2 Pack),1,0.18,FedEx (service not itemized) $0.18,Billed above label cost $0.18
MK-PD3-810-WHT2,Americanflat 4x6 Double Picture Frame in White- Composite Wood with Shatter Resistant Glass,1,0.18,FedEx (service not itemized) $0.18,Billed above label cost $0.18
ODFBBB1114-DWB,Legacy Matted Document Frame - 11x14 / Black & Bronze / 1 Pack,1,0.17,FedEx (service not itemized) $0.17,Billed above label cost $0.17
A281P128SHOW7174,"Americanflat 71 x 74 Shower Curtain, Liability I by PI Creative Art",1,0.17,UPS Ground Saver $0.17,Carrier re-rate after label $0.17
VF1620SLV1114,Americanflat Heirloom Frame | With Mat | Beaded Accents | Wall Display - 16x20 / Silver / Vintage frame,1,0.17,FedEx (service not itemized) $0.17,Billed above label cost $0.17
MP-PES-SHOW-A281P369-7174-BLUE,"Americanflat Where the Passion Flower Grows by PI Creative Art Floral Shower Curtain, 71x74",1,0.17,FedEx (service not itemized) $0.17,Billed above label cost $0.17
A352P007SHOW7174,"Americanflat Warm Waves by PI Creative Art Floral Painted Shower Curtain, 71"" x 74""",1,0.17,FedEx (service not itemized) $0.17,Billed above label cost $0.17
547949900291080254,Americanflat Vintage Frames - Picture Frame with Beaded Accents - Antique Frames for Tabletop and Wall Display - Ornate Frame,1,0.15,FedEx (service not itemized) $0.15,Billed above label cost $0.15
LX0610BLKNOMAT,Streamline Picture Frame - 6x10 / Black / 1 Pack,1,0.15,FedEx (service not itemized) $0.15,Billed above label cost $0.15
MW0808BKNOMAT,Signature Unmatted Picture Frame - 8x8 / Black / 1 Pack,1,0.15,FedEx (service not itemized) $0.15,Billed above label cost $0.15
WMW1114BL810,Hudson Picture Frame - 11x14 / Blue / 8x10,1,0.15,FedEx (service not itemized) $0.15,Billed above label cost $0.15
WMW1114NAOAK811,Hudson Picture Frame - 11x14 / Natural Oak / 8x11,1,0.15,FedEx (service not itemized) $0.15,Billed above label cost $0.15
WB1114DFWH,Hampton Picture Frame - 11x14 / Aspen White,1,0.15,FedEx (service not itemized) $0.15,Billed above label cost $0.15
BJ3040BXCHKLTGRAY,Americanflat 30x40 Jacquard Kids Fleece Throw Blanket - Light Gray Checkered Polyester Fleece,1,0.15,FedEx (service not itemized) $0.15,Billed above label cost $0.15
CFF1020BLK357,Americanflat 5x7 Picture Frame Collage with Shatter-Resistant Glass - Fits Three 5x7 Photos or use as One 10x20 Picture Frame - Signature Collection,1,0.15,FedEx (service not itemized) $0.15,Billed above label cost $0.15
WB1330BLK,Epic Poster Frame - 13x30 / Black,1,0.15,FedEx (service not itemized) $0.15,Billed above label cost $0.15
343126403058761740,Americanflat 2 Pack of Picture Frames with Mat - Plexiglass Cover,1,0.15,FedEx (service not itemized) $0.15,Billed above label cost $0.15
LX1620SLV68,Thin Border Picture Frame | Shatter-Resistant Plexiglass - Americanflat - 16x20 / Silver / 6x8,1,0.15,FedEx (service not itemized) $0.15,Billed above label cost $0.15
LX2026SLV1114,Thin Border Picture Frame | Shatter-Resistant Plexiglass - Americanflat - 20x26 / Silver / 11x14,1,0.15,FedEx (service not itemized) $0.15,Billed above label cost $0.15
MP-MDF-MW-0810-OAK-10SET,"Americanflat Set of 10 Picture Frames - Gallery Wall 8x10, 5x7, 4x6 Frames - Oak",1,0.15,FedEx (service not itemized) $0.15,Billed above label cost $0.15
298584717682704564,"Americanflat Snap-In Picture Frame in Black - Set of 3 - Poster Frame with Slimline Molding, Plexiglass Cover, and Hanging Hardware - Black",1,0.15,FedEx (service not itemized) $0.15,Billed above label cost $0.15
MP-METAL-BAM-0507-GOLD,"Americanflat 5""x7"" Picture Frame with Bamboo-Style Molding and Shatter-Resistant Glass - Gallery Style Frames for Tabletop or Wall Display - Gold",1,0.15,UPS (service not itemized) $0.15,Billed above label cost $0.15
MP-PVC-LX-1616-BLACK,Streamline Poster Frame - 16x16 / Black,1,0.14,FedEx (service not itemized) $0.14,Billed above label cost $0.14
CARDC1118BLK,11x18 Toy Car Display Case | Holds 30 Cars | Wall-Mounted with Shatter-Resistant Glass | Black,1,0.14,UPS Ground Saver $0.14,Carrier re-rate after label $0.14
MPCANFA281P17271216,"Americanflat Tree Canvas Wall Art Featuring Green, Blue, Brown and Cream Tones with Hand-Painted Accents - Abstract Wall Art",1,0.12,FedEx (service not itemized) $0.12,Billed above label cost $0.12
MP-PVC-LX-0808-BLACK-66,"Americanflat 8x8 Picture Frame with 6x6 Mat - Modern Design, Shatter-Resistant Glass - Black",1,0.12,UPS Ground Saver $0.12,Carrier re-rate after label $0.12
CCF8511BLK,Mod Black Picture Frame - Black / 8.5x11 / Unmatted,1,0.12,FedEx (service not itemized) $0.12,Billed above label cost $0.12
KAFSLD8511WHT2OP,My Mini Masterpiece 8.5x11 Slide-In Picture Frame - White / 8.5x11,1,0.12,FedEx (service not itemized) $0.12,Billed above label cost $0.12
LX11514GLD8511,Americanflat Legacy Diploma Frame | With 8.5x11 Mat | Shatter-Resistant - 11.5x14 / Gold / White,1,0.12,FedEx (service not itemized) $0.12,Billed above label cost $0.12
GSD0810BLK57,Picture Frame With Mat - Deep Molding Frame with Shatter Resistant Glass and Hanging Hardware Included - 8x10 / Black,1,0.11,FedEx (service not itemized) $0.11,Billed above label cost $0.11
MW0406BLKNOMAT,Signature Unmatted Picture Frame - Black / 4x6 / 1 Pack,1,0.11,FedEx (service not itemized) $0.11,Billed above label cost $0.11
ACR0808,Americanflat Acrylic Picture Frame - 8x8,1,0.1,FedEx (service not itemized) $0.10,Billed above label cost $0.10
OVF0507BLK,Heirloom Unmatted Picture Frame - 5x7 / Black / Ornate Vintage frame,2,0.1,FedEx (service not itemized) $0.10,Billed above label cost $0.10
PS0505BLK5PKNOMAT,Galleria Unmatted Picture Frame - 5x5 / Black / 5 Pack,2,0.1,FedEx (service not itemized) $0.10,Billed above label cost $0.10
MP-MDF-WBDIST-1620-DNAVY,Picture Frame | Rustic Textured Wood | Shatter-Resistant Glass | Easel Back - 16 x 20 / Navy,1,0.1,FedEx (service not itemized) $0.10,Billed above label cost $0.10
329336822892855304,Americanflat 10x12.5 Kids Art Frame - 8.5x11 with Mat or 10x12.5 without Mat - Kids Artwork Frame - Magnetic Frame Closure - Shatter Resistant Glass - Hanging Hardware,1,0.1,FedEx (service not itemized) $0.10,Billed above label cost $0.10
329325627221639184,Americanflat 8.5x11 Slide-In Kids Art Frame - Kids Artwork Frame - Showcase 3-Dimensional Artwork - Storage for Several Artworks Inside - Keyhole Hanging Hardware,1,0.1,FedEx (service not itemized) $0.10,Billed above label cost $0.10
MP-PES-SHOW-A413P091-7275-SL,"Americanflat 72x75 Hookless Shower Curtain - Polka Dot Green Orange Pink Shower Curtain with Sheer Panel, Snap-In Liner, and Grommets",1,0.1,FedEx (service not itemized) $0.10,Billed above label cost $0.10
A314P044SHOW7174,Americanflat 71x74 Shower Curtain - Blue Abstract Design - Indigo Vine by Chaos & Wonder Design,1,0.1,FedEx (service not itemized) $0.10,Billed above label cost $0.10
MP-WPC-GSD-1218-WHITE,"Americanflat 12x18 Gallery-Style Picture Frame with Mat to Secure Artwork, Prints, and Photos - White",1,0.1,FedEx (service not itemized) $0.10,Billed above label cost $0.10
MP-MDF-MW-1010-BLACK-88-BLACK,Signature Black Picture Frame - Black / 10 x 10 matted to 8x8,1,0.1,FedEx (service not itemized) $0.10,Billed above label cost $0.10
SHOW7275YWWAFSL,"Americanflat 72x75 Hookless Waffle Pattern Shower Curtain - Water-Resistant Long Shower Curtain with Sheer Panel, Snap-In Liner, and Durable Grommets",1,0.1,FedEx (service not itemized) $0.10,Billed above label cost $0.10
MP-PVC-LX-1925-BLACK,Americanflat 19x25 Poster Frame - Perfect for Photos and Artwork - Black,1,0.09,UPS (service not itemized) $0.09,Billed above label cost $0.09
319412633156042787,"Americanflat Gallery-Style Picture Frame with Mat - Showcase Artwork, Prints, and Photos - Shatter Resistant Glass - Hanging Hardware with Drywall Anchor",1,0.08,FedEx (service not itemized) $0.08,Billed above label cost $0.08
MP-ALU-FF-0507-PNICKEL,Americanflat Floating Aluminum & Plexiglass Frame - 5x7 - Silver,1,0.08,UPS Ground Saver $0.08,Carrier re-rate after label $0.08
WB0507DFBL,Rustic Picture Frame with Distressed Molding | Hampton Collection - 1-opening / 5x7 / Turquoise Blue,1,0.08,FedEx (service not itemized) $0.08,Billed above label cost $0.08
MW0507WHT46,Signature Matted Picture Frame - 5x7 / White / 1 Pack,2,0.07,FedEx (service not itemized) $0.07,Billed above label cost $0.07
A281P370SHOW7174,"Americanflat Floral Shower Curtain by PI Creative Art, 71"" x 74""",1,0.07,FedEx (service not itemized) $0.07,Billed above label cost $0.07
VF1620WHT1114,Americanflat Vintage Frames - 16x20 Picture Frame with Beaded Accents and Polished Plexiglass - Use as 11x14 Frame or Display 16x20 Photos Without,1,0.07,FedEx (service not itemized) $0.07,Billed above label cost $0.07
MP-METAL-HG-BV-0406-BLACK,"Americanflat Hinged 4x6 Picture Frame with Wide, Beveled Molding and Shatter-Resistant Glass - Metal Picture Frame Displays Two 4x6 Photos - Black",1,0.07,UPS Ground Saver $0.07,Carrier re-rate after label $0.07
MP-ALU-AL-0810-BLACK-57,Americanflat Aluminum 8 x 10 Picture Frame - Black,1,0.07,FedEx (service not itemized) $0.07,Billed above label cost $0.07
LX0404WHTNOMAT,Streamline Picture Frame - 4x4 / White / 1 Pack,1,0.07,FedEx (service not itemized) $0.07,Billed above label cost $0.07
BAM1114GLD810,Bamboo Gold Picture Frame - 11x14 / Gold / Matted,1,0.07,FedEx (service not itemized) $0.07,Billed above label cost $0.07
MPLX1824BLK810BLK,Americanflat 18x24 Picture Frame with 8x10 Mat | Thin Photo Frame - Black - 18x24 / Black,1,0.06,FedEx (service not itemized) $0.06,Billed above label cost $0.06
MP-PVC-PS-0812-NAOAK-68-2PK,Americanflat 2 Pack of 8x12 Frames with 6x8 Mat - Plexiglass Cover - Natural Oak,1,0.06,FedEx (service not itemized) $0.06,Billed above label cost $0.06
WMW0507MAH46,Hudson Picture Frame - 5x7 / Mahogany / 4x6,1,0.06,FedEx (service not itemized) $0.06,Billed above label cost $0.06
LX0912WHTNOMAT,Streamline Picture Frame - 9x12 / White / 1 Pack,1,0.06,FedEx (service not itemized) $0.06,Billed above label cost $0.06
MP-METAL-ROP-0406-SILVER,Americanflat 4x6 Picture Frame with Rope-Style Textured Detailing and Shatter-Resistant Glass - Gallery Style Frames for Tabletop or Wall - Silver,1,0.05,FedEx (service not itemized) $0.05,Billed above label cost $0.05
WB0810DFBL,Rustic Picture Frame with Distressed Molding | Hampton Collection - 1-opening / 8x10 / Turquoise Blue,1,0.05,FedEx (service not itemized) $0.05,Billed above label cost $0.05
ALU0812BLK0608,Americanflat 8x12 Metal Picture Frame with Tempered Glass - Use as 6x8 Frame with Mat or Display 8x12 Photo Without Mat - Brooklyn Collection,1,0.05,FedEx (service not itemized) $0.05,Billed above label cost $0.05
LX2026GLD1114,Thin Border Picture Frame | Shatter-Resistant Plexiglass | Wall Art Display - 20x26 / Gold / 11x14,1,0.05,FedEx (service not itemized) $0.05,Billed above label cost $0.05
MW1010WHT444,Signature Matted Engineered Wood Collage Frame - 10x10 with 4x4 mat / White / 4 Opening,1,0.04,FedEx (service not itemized) $0.04,Billed above label cost $0.04
LX2020BLK810BLK,Americanflat 20x20 Picture Frame with Polished Plexiglass - Use as 8x10 Frame with Black Mat or Display 20x20 Photo Without Mat - Streamline,1,0.04,FedEx (service not itemized) $0.04,Billed above label cost $0.04
MW0708BLKNOMAT,Signature Unmatted Picture Frame - Black / 7x8 / 1 Pack,1,0.04,FedEx (service not itemized) $0.04,Billed above label cost $0.04
MW0609BLKNOMAT,Signature Unmatted Picture Frame - Black / 6x9 / 1 Pack,1,0.04,FedEx (service not itemized) $0.04,Billed above label cost $0.04
MW0710BLK,Signature Unmatted Picture Frame - Black / 7x10 / 1 Pack,1,0.04,FedEx (service not itemized) $0.04,Billed above label cost $0.04
LX0606WHTNOMAT,Streamline Picture Frame - 6x6 / White / 1 Pack,1,0.03,FedEx (service not itemized) $0.03,Billed above label cost $0.03
A5LWOOD,"Americanflat A5 Picture Frame, Lightwood",1,0.03,FedEx (service not itemized) $0.03,Billed above label cost $0.03
444395138482864136,Americanflat Black Picture Frame with Shatter-Resistant Glass - Classic Molding with Black Mat and White Trim,1,0.03,FedEx (service not itemized) $0.03,Billed above label cost $0.03
MW0608WHT35,Americanflat Picture Frame | Includes Mat | Classic Molding | Signature Collection - 6x8 / White,1,0.03,FedEx (service not itemized) $0.03,Billed above label cost $0.03
MW1012WHT810,Americanflat Picture Frame | Includes Mat | Classic Molding | Signature Collection - 10x12 / White,1,0.03,FedEx (service not itemized) $0.03,Billed above label cost $0.03
ABS1218BK3PK,"Picture Frame | Metropolitan Collection | Set of 2,6,12,3 | Extra Fine Molding - 12x18 / 3 Pack / Non-Matted",1,0.03,FedEx (service not itemized) $0.03,Billed above label cost $0.03
HGMW0810WH,Americanflat Picture Frame | Hinged Designed | Two Openings with Classic Molding | Signature Collection - 8x10 / White / Doube fold,1,0.03,FedEx (service not itemized) $0.03,Billed above label cost $0.03
343096071999717399,Americanflat 10x12.5 Kids Art Frame - 8.5x11 with Mat or 10x12.5 without Mat - Kids Artwork Frame - Magnetic Frame Closure - Shatter Resistant Glass - Hanging Hardware,1,0.03,FedEx (service not itemized) $0.03,Billed above label cost $0.03
343096071999717395,Americanflat 10x12.5 Kids Art Frame - 8.5x11 with Mat or 10x12.5 without Mat - Kids Artwork Frame - Magnetic Frame Closure - Shatter Resistant Glass - Hanging Hardware,1,0.03,FedEx (service not itemized) $0.03,Billed above label cost $0.03
KAF8511SEAFGR,Americanflat Kids Art Frame | Holds 100 Photos | Modern - Premium Quality - Seafoam Green / 1 pack,1,0.02,FedEx (service not itemized) $0.02,Billed above label cost $0.02
MF0510WALUT2PK,Black Business License Frame - 5x10 / Walnut / 2 Pack,1,0.02,FedEx (service not itemized) $0.02,Billed above label cost $0.02
MP-PVC-IF-0406-BLACK-DW1-4PK,Americanflat 4x6 Mini Instant Photo Frame with Double White Mat - Display 2.1x3.4 Photos - Black - 4 Pack,1,0.02,FedEx (service not itemized) $0.02,Billed above label cost $0.02
MWOAK07MULTIPK,"Americanflat 7 Pack Oak Gallery Wall Set | Displays One 11x14, Two 8x10, and Four 5x7 inch photos. Shatter-Resistant Glass. Hanging Hardware Included!",1,0.02,FedEx (service not itemized) $0.02,Billed above label cost $0.02
A267P055SHOW7174,Americanflat 71x74 Botanical Shower Curtain - Droplets Of Gold by Ingrid Beddoes,1,0.01,FedEx (service not itemized) $0.01,Billed above label cost $0.01
