defect,detail,title,size,category,upc,sku,price,in_stock,url,offer_id
description contradicts title size,"description quotes 12x12, 15x15 but the title says 11x11 -- trust 11x11",11x11 Black - Use as 8x8 Frame with Mat or 11x11 Frame Without Mat - Picture Frame,11x11,Picture Frame,00810029118545,LX1111BLK,12.99,yes,https://americanflat.com/products/11x11-black-use-as-8x8-frame-with-mat-or-11x11-frame-without-mat-picture-frame,shopify_US_7274309582918_41006078328902
description contradicts title size,description quotes 8.5x11 but the title says 11x14 -- trust 11x14,11x14 with 8.5x11 Mat | Diploma Frame | 2 Pack | Driftwood | Modern 11x14 / White / White,11x14,Picture Frame,00850037537525,,19.99,yes,https://americanflat.com/products/americanflat-diploma-frames-set-of-2-with-8-5x11-mat-wall-display,shopify_US_7972754620486_43869865181254
description contradicts title size,description quotes 16x20 but the title says 11x14 -- trust 11x14,11x14 | Matted to 4x6 | Black | Signature Matted Engineered Wood Collage Frame | 4 Opening | Americanflat,11x14,Collage Frame,00791398917802,MW1114BK546,13.99,yes,https://americanflat.com/products/americanflat-16x20-collage-picture-frame-fits-one-6x8-four-5x7-and-four-4x4-photos-or-one-16x20-photo,shopify_US_7607908040774_46243812540486
description contradicts title size,description quotes 16x20 but the title says 11x14 -- trust 11x14,11x14 | Matted to 4x6 | Driftwood | Signature Matted Engineered Wood Collage Frame | 5 Opening | Americanflat,11x14,Collage Frame,00810029115834,MW1114DWOOD546,10.99,yes,https://americanflat.com/products/americanflat-16x20-collage-picture-frame-fits-one-6x8-four-5x7-and-four-4x4-photos-or-one-16x20-photo,shopify_US_7607908040774_46243812180038
description contradicts title size,description quotes 16x20 but the title says 11x14 -- trust 11x14,11x14 | Matted to 4x6 | Gold | Signature Matted Engineered Wood Collage Frame | 5 Opening | Americanflat,11x14,Collage Frame,00810029115872,MW1114PBRASS546,14.99,yes,https://americanflat.com/products/americanflat-16x20-collage-picture-frame-fits-one-6x8-four-5x7-and-four-4x4-photos-or-one-16x20-photo,shopify_US_7607908040774_46243812245574
description contradicts title size,description quotes 16x20 but the title says 11x14 -- trust 11x14,11x14 | Matted to 4x6 | Lightwood | Signature Matted Engineered Wood Collage Frame | 5 Opening | Americanflat,11x14,Collage Frame,00810029115858,MW1114LWOOD546,9.99,yes,https://americanflat.com/products/americanflat-16x20-collage-picture-frame-fits-one-6x8-four-5x7-and-four-4x4-photos-or-one-16x20-photo,shopify_US_7607908040774_46243812278342
description contradicts title size,description quotes 16x20 but the title says 11x14 -- trust 11x14,11x14 | Matted to 4x6 | Oak | Signature Matted Engineered Wood Collage Frame | 5 Opening | Americanflat,11x14,Collage Frame,00810029115841,MW1114OAK546,14.99,yes,https://americanflat.com/products/americanflat-16x20-collage-picture-frame-fits-one-6x8-four-5x7-and-four-4x4-photos-or-one-16x20-photo,shopify_US_7607908040774_46243812343878
description contradicts title size,description quotes 16x20 but the title says 11x14 -- trust 11x14,11x14 | Matted to 4x6 | Silver | Signature Matted Engineered Wood Collage Frame | 5 Opening | Americanflat,11x14,Collage Frame,00810029115889,MW1114PNICKEL546,17.99,no,https://americanflat.com/products/americanflat-16x20-collage-picture-frame-fits-one-6x8-four-5x7-and-four-4x4-photos-or-one-16x20-photo,shopify_US_7607908040774_46243812311110
description contradicts title size,description quotes 16x20 but the title says 11x14 -- trust 11x14,11x14 | Matted to 4x6 | Walnut | Signature Matted Engineered Wood Collage Frame | 5 Opening | Americanflat,11x14,Collage Frame,00810029115865,MW1114WALNUT546,15.99,no,https://americanflat.com/products/americanflat-16x20-collage-picture-frame-fits-one-6x8-four-5x7-and-four-4x4-photos-or-one-16x20-photo,shopify_US_7607908040774_46243812212806
description contradicts title size,"description quotes 16x16, 5x7 but the title says 10x10 -- trust 10x10",11x14 | White | Picture Frame | Matted to 2x3 | Streamline 10x10 / Black / 4x4,10x10,Picture Frame,00198301386814,,11.99,yes,https://americanflat.com/products/thin-border-picture-frame-shatter-resistant-plexiglass-wall-art-display,shopify_US_8423982760006_45167810576454
description contradicts title size,"description quotes 16x16, 5x7 but the title says 10x10 -- trust 10x10",11x14 | White | Picture Frame | Matted to 2x3 | Streamline 10x10 / White / 4x4,10x10,Picture Frame,00198301386821,,11.99,yes,https://americanflat.com/products/thin-border-picture-frame-shatter-resistant-plexiglass-wall-art-display,shopify_US_8423982760006_45167810543686
description contradicts title size,"description quotes 16x16, 5x7 but the title says 11x14 -- trust 11x14",11x14 | White | Picture Frame | Matted to 2x3 | Streamline 11x14 / Black / 2x3,11x14,Picture Frame,00198301386876,,12.99,yes,https://americanflat.com/products/thin-border-picture-frame-shatter-resistant-plexiglass-wall-art-display,shopify_US_8423982760006_45167810510918
description contradicts title size,"description quotes 16x16, 5x7 but the title says 11x14 -- trust 11x14",11x14 | White | Picture Frame | Matted to 2x3 | Streamline 11x14 / White / 2x3,11x14,Picture Frame,00198301386944,,12.99,yes,https://americanflat.com/products/thin-border-picture-frame-shatter-resistant-plexiglass-wall-art-display,shopify_US_8423982760006_45167810478150
description contradicts title size,"description quotes 16x16, 5x7 but the title says 12x16 -- trust 12x16",11x14 | White | Picture Frame | Matted to 2x3 | Streamline 12x16 / Black / 4x6,12x16,Picture Frame,00810131997861,,15.99,yes,https://americanflat.com/products/thin-border-picture-frame-shatter-resistant-plexiglass-wall-art-display,shopify_US_8423982760006_45167808872518
description contradicts title size,"description quotes 16x16, 5x7 but the title says 12x16 -- trust 12x16",11x14 | White | Picture Frame | Matted to 2x3 | Streamline 12x16 / Gold / 4x6,12x16,Picture Frame,00810131997885,,16.99,yes,https://americanflat.com/products/thin-border-picture-frame-shatter-resistant-plexiglass-wall-art-display,shopify_US_8423982760006_45167808905286
description contradicts title size,"description quotes 16x16, 5x7 but the title says 12x16 -- trust 12x16",11x14 | White | Picture Frame | Matted to 2x3 | Streamline 12x16 / Silver / 4x6,12x16,Picture Frame,00810131997892,,16.99,yes,https://americanflat.com/products/thin-border-picture-frame-shatter-resistant-plexiglass-wall-art-display,shopify_US_8423982760006_45167808938054
description contradicts title size,"description quotes 16x16, 5x7 but the title says 12x16 -- trust 12x16",11x14 | White | Picture Frame | Matted to 2x3 | Streamline 12x16 / White / 4x6,12x16,Picture Frame,00810131997908,,9.99,yes,https://americanflat.com/products/thin-border-picture-frame-shatter-resistant-plexiglass-wall-art-display,shopify_US_8423982760006_45167808970822
description contradicts title size,"description quotes 16x16, 5x7 but the title says 14x14 -- trust 14x14",11x14 | White | Picture Frame | Matted to 2x3 | Streamline 14x14 / Black / 4x6,14x14,Picture Frame,00810131997915,,17.99,yes,https://americanflat.com/products/thin-border-picture-frame-shatter-resistant-plexiglass-wall-art-display,shopify_US_8423982760006_45167809003590
description contradicts title size,"description quotes 16x16, 5x7 but the title says 14x14 -- trust 14x14",11x14 | White | Picture Frame | Matted to 2x3 | Streamline 14x14 / Black / 4x6 Black,14x14,Picture Frame,00198301387835,,19.99,yes,https://americanflat.com/products/thin-border-picture-frame-shatter-resistant-plexiglass-wall-art-display,shopify_US_8423982760006_45167811067974
description contradicts title size,"description quotes 16x16, 5x7 but the title says 14x14 -- trust 14x14",11x14 | White | Picture Frame | Matted to 2x3 | Streamline 14x14 / Gold / 4x6,14x14,Picture Frame,00810131997939,,19.99,yes,https://americanflat.com/products/thin-border-picture-frame-shatter-resistant-plexiglass-wall-art-display,shopify_US_8423982760006_45167809036358
description contradicts title size,"description quotes 16x16, 5x7 but the title says 14x18 -- trust 14x18",11x14 | White | Picture Frame | Matted to 2x3 | Streamline 14x18 / Black / 5x7,14x18,Picture Frame,00810131997960,,19.99,yes,https://americanflat.com/products/thin-border-picture-frame-shatter-resistant-plexiglass-wall-art-display,shopify_US_8423982760006_45167809790022
description contradicts title size,"description quotes 16x16, 5x7 but the title says 14x18 -- trust 14x18",11x14 | White | Picture Frame | Matted to 2x3 | Streamline 14x18 / Gold / 5x7,14x18,Picture Frame,00810131997984,,21.99,yes,https://americanflat.com/products/thin-border-picture-frame-shatter-resistant-plexiglass-wall-art-display,shopify_US_8423982760006_45167809134662
description contradicts title size,"description quotes 16x16, 5x7 but the title says 14x18 -- trust 14x18",11x14 | White | Picture Frame | Matted to 2x3 | Streamline 14x18 / Silver / 5x7,14x18,Picture Frame,00810131997991,,21.99,yes,https://americanflat.com/products/thin-border-picture-frame-shatter-resistant-plexiglass-wall-art-display,shopify_US_8423982760006_45167809167430
description contradicts title size,"description quotes 16x16, 5x7 but the title says 14x18 -- trust 14x18",11x14 | White | Picture Frame | Matted to 2x3 | Streamline 14x18 / White / 5x7,14x18,Picture Frame,00810131998004,,20.99,yes,https://americanflat.com/products/thin-border-picture-frame-shatter-resistant-plexiglass-wall-art-display,shopify_US_8423982760006_45167809822790
description contradicts title size,"description quotes 16x16, 5x7 but the title says 16x20 -- trust 16x20",11x14 | White | Picture Frame | Matted to 2x3 | Streamline 16x20 / Black / 6x8,16x20,Picture Frame,00810131998066,,21.99,yes,https://americanflat.com/products/thin-border-picture-frame-shatter-resistant-plexiglass-wall-art-display,shopify_US_8423982760006_45167809298502
description contradicts title size,"description quotes 16x16, 5x7 but the title says 16x20 -- trust 16x20",11x14 | White | Picture Frame | Matted to 2x3 | Streamline 16x20 / Gold / 6x8,16x20,Picture Frame,00810131998080,,24.99,yes,https://americanflat.com/products/thin-border-picture-frame-shatter-resistant-plexiglass-wall-art-display,shopify_US_8423982760006_45167809331270
description contradicts title size,"description quotes 16x16, 5x7 but the title says 16x20 -- trust 16x20",11x14 | White | Picture Frame | Matted to 2x3 | Streamline 16x20 / Silver / 6x8,16x20,Picture Frame,00810131998097,,24.99,yes,https://americanflat.com/products/thin-border-picture-frame-shatter-resistant-plexiglass-wall-art-display,shopify_US_8423982760006_45167809364038
description contradicts title size,"description quotes 16x16, 5x7 but the title says 16x20 -- trust 16x20",11x14 | White | Picture Frame | Matted to 2x3 | Streamline 16x20 / White / 6x8,16x20,Picture Frame,00810131998103,,16.99,yes,https://americanflat.com/products/thin-border-picture-frame-shatter-resistant-plexiglass-wall-art-display,shopify_US_8423982760006_45167809855558
description contradicts title size,"description quotes 16x16, 5x7 but the title says 16x24 -- trust 16x24",11x14 | White | Picture Frame | Matted to 2x3 | Streamline 16x24 / White / 8x12,16x24,Picture Frame,00198301386838,,24.99,yes,https://americanflat.com/products/thin-border-picture-frame-shatter-resistant-plexiglass-wall-art-display,shopify_US_8423982760006_45167810412614
description contradicts title size,"description quotes 16x16, 5x7 but the title says 18x18 -- trust 18x18",11x14 | White | Picture Frame | Matted to 2x3 | Streamline 18x18 / Black / 8.5x11,18x18,Picture Frame,00198301386883,,24.99,yes,https://americanflat.com/products/thin-border-picture-frame-shatter-resistant-plexiglass-wall-art-display,shopify_US_8423982760006_45167810347078
description contradicts title size,"description quotes 16x16, 5x7 but the title says 18x18 -- trust 18x18",11x14 | White | Picture Frame | Matted to 2x3 | Streamline 18x18 / Black / 8x8,18x18,Picture Frame,00198301202725,,23.99,yes,https://americanflat.com/products/thin-border-picture-frame-shatter-resistant-plexiglass-wall-art-display,shopify_US_8423982760006_45167810084934
description contradicts title size,"description quotes 16x16, 5x7 but the title says 18x18 -- trust 18x18",11x14 | White | Picture Frame | Matted to 2x3 | Streamline 18x18 / White / 8.5x11,18x18,Picture Frame,00198301386951,,24.99,yes,https://americanflat.com/products/thin-border-picture-frame-shatter-resistant-plexiglass-wall-art-display,shopify_US_8423982760006_45167810281542
description contradicts title size,"description quotes 16x16, 5x7 but the title says 18x18 -- trust 18x18",11x14 | White | Picture Frame | Matted to 2x3 | Streamline 18x18 / White / 8x8,18x18,Picture Frame,00198301386852,,24.99,yes,https://americanflat.com/products/thin-border-picture-frame-shatter-resistant-plexiglass-wall-art-display,shopify_US_8423982760006_45167810379846
description contradicts title size,"description quotes 16x16, 5x7 but the title says 18x24 -- trust 18x24",11x14 | White | Picture Frame | Matted to 2x3 | Streamline 18x24 / Black / 8x10,18x24,Picture Frame,00810131998110,,24.99,yes,https://americanflat.com/products/thin-border-picture-frame-shatter-resistant-plexiglass-wall-art-display,shopify_US_8423982760006_45167809888326
description contradicts title size,"description quotes 16x16, 5x7 but the title says 18x24 -- trust 18x24",11x14 | White | Picture Frame | Matted to 2x3 | Streamline 18x24 / Black / 8x10 Black,18x24,Picture Frame,00198301387866,,31.99,yes,https://americanflat.com/products/thin-border-picture-frame-shatter-resistant-plexiglass-wall-art-display,shopify_US_8423982760006_45167810969670
description contradicts title size,"description quotes 16x16, 5x7 but the title says 18x24 -- trust 18x24",11x14 | White | Picture Frame | Matted to 2x3 | Streamline 18x24 / Gold / 8x10,18x24,Picture Frame,00810131998134,,26.99,yes,https://americanflat.com/products/thin-border-picture-frame-shatter-resistant-plexiglass-wall-art-display,shopify_US_8423982760006_45167809396806
description contradicts title size,"description quotes 16x16, 5x7 but the title says 18x24 -- trust 18x24",11x14 | White | Picture Frame | Matted to 2x3 | Streamline 18x24 / Silver / 8x10,18x24,Picture Frame,00810131998141,,26.99,yes,https://americanflat.com/products/thin-border-picture-frame-shatter-resistant-plexiglass-wall-art-display,shopify_US_8423982760006_45167809429574
description contradicts title size,"description quotes 16x16, 5x7 but the title says 20x20 -- trust 20x20",11x14 | White | Picture Frame | Matted to 2x3 | Streamline 20x20 / Black / 10x10,20x20,Picture Frame,00198301386920,,27.99,yes,https://americanflat.com/products/thin-border-picture-frame-shatter-resistant-plexiglass-wall-art-display,shopify_US_8423982760006_45167810314310
description contradicts title size,"description quotes 16x16, 5x7 but the title says 20x20 -- trust 20x20",11x14 | White | Picture Frame | Matted to 2x3 | Streamline 20x20 / Black / 8x10,20x20,Picture Frame,00810131998165,,29.99,yes,https://americanflat.com/products/thin-border-picture-frame-shatter-resistant-plexiglass-wall-art-display,shopify_US_8423982760006_45167809495110
description contradicts title size,"description quotes 16x16, 5x7 but the title says 20x20 -- trust 20x20",11x14 | White | Picture Frame | Matted to 2x3 | Streamline 20x20 / Black / 8x10 Black,20x20,Picture Frame,00198301387859,,29.99,yes,https://americanflat.com/products/thin-border-picture-frame-shatter-resistant-plexiglass-wall-art-display,shopify_US_8423982760006_45167811002438
description contradicts title size,"description quotes 16x16, 5x7 but the title says 20x20 -- trust 20x20",11x14 | White | Picture Frame | Matted to 2x3 | Streamline 20x20 / Silver / 8x10,20x20,Picture Frame,00810131998196,,29.99,yes,https://americanflat.com/products/thin-border-picture-frame-shatter-resistant-plexiglass-wall-art-display,shopify_US_8423982760006_45167809560646
description contradicts title size,"description quotes 16x16, 5x7 but the title says 20x20 -- trust 20x20",11x14 | White | Picture Frame | Matted to 2x3 | Streamline 20x20 / White / 10x10,20x20,Picture Frame,00198301386999,,27.99,yes,https://americanflat.com/products/thin-border-picture-frame-shatter-resistant-plexiglass-wall-art-display,shopify_US_8423982760006_45167810248774
description contradicts title size,"description quotes 16x16, 5x7 but the title says 20x20 -- trust 20x20",11x14 | White | Picture Frame | Matted to 2x3 | Streamline 20x20 / White / 8x10,20x20,Picture Frame,00810131998202,,26.99,yes,https://americanflat.com/products/thin-border-picture-frame-shatter-resistant-plexiglass-wall-art-display,shopify_US_8423982760006_45167809593414
description contradicts title size,"description quotes 16x16, 5x7 but the title says 20x26 -- trust 20x26",11x14 | White | Picture Frame | Matted to 2x3 | Streamline 20x26 / Black / 11x14,20x26,Picture Frame,00810131998219,,29.99,yes,https://americanflat.com/products/thin-border-picture-frame-shatter-resistant-plexiglass-wall-art-display,shopify_US_8423982760006_45167809921094
description contradicts title size,"description quotes 16x16, 5x7 but the title says 20x26 -- trust 20x26",11x14 | White | Picture Frame | Matted to 2x3 | Streamline 20x26 / Black / 11x14 Black,20x26,Picture Frame,00198301387873,,34.99,yes,https://americanflat.com/products/thin-border-picture-frame-shatter-resistant-plexiglass-wall-art-display,shopify_US_8423982760006_45167810936902
description contradicts title size,"description quotes 16x16, 5x7 but the title says 20x26 -- trust 20x26",11x14 | White | Picture Frame | Matted to 2x3 | Streamline 20x26 / Gold / 11x14,20x26,Picture Frame,00810131998233,,32.99,yes,https://americanflat.com/products/thin-border-picture-frame-shatter-resistant-plexiglass-wall-art-display,shopify_US_8423982760006_45167809626182
description contradicts title size,"description quotes 16x16, 5x7 but the title says 20x26 -- trust 20x26",11x14 | White | Picture Frame | Matted to 2x3 | Streamline 20x26 / Silver / 11x14,20x26,Picture Frame,00810131998240,,32.99,yes,https://americanflat.com/products/thin-border-picture-frame-shatter-resistant-plexiglass-wall-art-display,shopify_US_8423982760006_45167809658950
description contradicts title size,"description quotes 16x16, 5x7 but the title says 20x26 -- trust 20x26",11x14 | White | Picture Frame | Matted to 2x3 | Streamline 20x26 / White / 11x14,20x26,Picture Frame,00810131998257,,29.99,yes,https://americanflat.com/products/thin-border-picture-frame-shatter-resistant-plexiglass-wall-art-display,shopify_US_8423982760006_45167809953862
description contradicts title size,"description quotes 16x16, 5x7 but the title says 22x28 -- trust 22x28",11x14 | White | Picture Frame | Matted to 2x3 | Streamline 22x28 / Black / 11x17,22x28,Picture Frame,00198301386906,,37.99,yes,https://americanflat.com/products/thin-border-picture-frame-shatter-resistant-plexiglass-wall-art-display,shopify_US_8423982760006_45167810740294
description contradicts title size,"description quotes 16x16, 5x7 but the title says 22x28 -- trust 22x28",11x14 | White | Picture Frame | Matted to 2x3 | Streamline 22x28 / Black / 12x16,22x28,Picture Frame,00198301386913,,37.99,yes,https://americanflat.com/products/thin-border-picture-frame-shatter-resistant-plexiglass-wall-art-display,shopify_US_8423982760006_45167810773062
description contradicts title size,"description quotes 16x16, 5x7 but the title says 22x28 -- trust 22x28",11x14 | White | Picture Frame | Matted to 2x3 | Streamline 22x28 / White / 11x17,22x28,Picture Frame,00198301386975,,37.99,yes,https://americanflat.com/products/thin-border-picture-frame-shatter-resistant-plexiglass-wall-art-display,shopify_US_8423982760006_45167810838598
description contradicts title size,"description quotes 16x16, 5x7 but the title says 22x28 -- trust 22x28",11x14 | White | Picture Frame | Matted to 2x3 | Streamline 22x28 / White / 12x16,22x28,Picture Frame,00198301386982,,37.99,yes,https://americanflat.com/products/thin-border-picture-frame-shatter-resistant-plexiglass-wall-art-display,shopify_US_8423982760006_45167810871366
description contradicts title size,"description quotes 16x16, 5x7 but the title says 24x24 -- trust 24x24",11x14 | White | Picture Frame | Matted to 2x3 | Streamline 24x24 / Black / 11x14,24x24,Picture Frame,00810131998264,,32.99,yes,https://americanflat.com/products/thin-border-picture-frame-shatter-resistant-plexiglass-wall-art-display,shopify_US_8423982760006_45167809691718
description contradicts title size,"description quotes 16x16, 5x7 but the title says 24x24 -- trust 24x24",11x14 | White | Picture Frame | Matted to 2x3 | Streamline 24x24 / Black / 11x14 Black,24x24,Picture Frame,00198301387880,,39.99,yes,https://americanflat.com/products/thin-border-picture-frame-shatter-resistant-plexiglass-wall-art-display,shopify_US_8423982760006_45167810904134
description contradicts title size,"description quotes 16x16, 5x7 but the title says 24x24 -- trust 24x24",11x14 | White | Picture Frame | Matted to 2x3 | Streamline 24x24 / Black / 12x12,24x24,Picture Frame,00198301202718,,32.99,yes,https://americanflat.com/products/thin-border-picture-frame-shatter-resistant-plexiglass-wall-art-display,shopify_US_8423982760006_45167810183238
description contradicts title size,"description quotes 16x16, 5x7 but the title says 24x24 -- trust 24x24",11x14 | White | Picture Frame | Matted to 2x3 | Streamline 24x24 / Gold / 11x14,24x24,Picture Frame,00810131998288,,34.99,yes,https://americanflat.com/products/thin-border-picture-frame-shatter-resistant-plexiglass-wall-art-display,shopify_US_8423982760006_45167809724486
description contradicts title size,"description quotes 16x16, 5x7 but the title says 24x24 -- trust 24x24",11x14 | White | Picture Frame | Matted to 2x3 | Streamline 24x24 / Silver / 11x14,24x24,Picture Frame,00810131998295,,34.99,yes,https://americanflat.com/products/thin-border-picture-frame-shatter-resistant-plexiglass-wall-art-display,shopify_US_8423982760006_45167809757254
description contradicts title size,"description quotes 16x16, 5x7 but the title says 24x24 -- trust 24x24",11x14 | White | Picture Frame | Matted to 2x3 | Streamline 24x24 / White / 11x14,24x24,Picture Frame,00810131998301,,32.99,yes,https://americanflat.com/products/thin-border-picture-frame-shatter-resistant-plexiglass-wall-art-display,shopify_US_8423982760006_45167809986630
description contradicts title size,"description quotes 16x16, 5x7 but the title says 24x24 -- trust 24x24",11x14 | White | Picture Frame | Matted to 2x3 | Streamline 24x24 / White / 12x12,24x24,Picture Frame,00198301386845,,32.99,yes,https://americanflat.com/products/thin-border-picture-frame-shatter-resistant-plexiglass-wall-art-display,shopify_US_8423982760006_45167810609222
description contradicts title size,"description quotes 16x16, 5x7 but the title says 24x30 -- trust 24x30",11x14 | White | Picture Frame | Matted to 2x3 | Streamline 24x30 / Black / 13x19,24x30,Picture Frame,00198301386890,,44.99,yes,https://americanflat.com/products/thin-border-picture-frame-shatter-resistant-plexiglass-wall-art-display,shopify_US_8423982760006_45167810641990
description contradicts title size,"description quotes 16x16, 5x7 but the title says 24x30 -- trust 24x30",11x14 | White | Picture Frame | Matted to 2x3 | Streamline 24x30 / Black / 14x17,24x30,Picture Frame,00198301386869,,44.99,yes,https://americanflat.com/products/thin-border-picture-frame-shatter-resistant-plexiglass-wall-art-display,shopify_US_8423982760006_45167810707526
description contradicts title size,"description quotes 16x16, 5x7 but the title says 24x30 -- trust 24x30",11x14 | White | Picture Frame | Matted to 2x3 | Streamline 24x30 / Black / 9x12,24x30,Picture Frame,00198301202732,,33.99,yes,https://americanflat.com/products/thin-border-picture-frame-shatter-resistant-plexiglass-wall-art-display,shopify_US_8423982760006_45167810216006
description contradicts title size,"description quotes 16x16, 5x7 but the title says 24x30 -- trust 24x30",11x14 | White | Picture Frame | Matted to 2x3 | Streamline 24x30 / White / 13x19,24x30,Picture Frame,00198301386968,,44.99,yes,https://americanflat.com/products/thin-border-picture-frame-shatter-resistant-plexiglass-wall-art-display,shopify_US_8423982760006_45167810674758
description contradicts title size,"description quotes 16x16, 5x7 but the title says 24x30 -- trust 24x30",11x14 | White | Picture Frame | Matted to 2x3 | Streamline 24x30 / White / 14x17,24x30,Picture Frame,00198301386937,,44.99,yes,https://americanflat.com/products/thin-border-picture-frame-shatter-resistant-plexiglass-wall-art-display,shopify_US_8423982760006_45167810805830
description contradicts title size,description quotes 8.5x11 but the title says 11x16 -- trust 11x16,"11x16 Gold Displays 8.5""x11"" Diploma and Tassel. Tempered Shatter-Resistant Glass - Diploma Frame",11x16,Diploma Frame,00198301199148,GRAD1116PBRASS,31.99,no,https://americanflat.com/products/11x16-gold-2-opening-mat-displays-8-5x11-diploma-or-certificate-and-tassel-tempered-shatter-resistant-glass-diploma-frame_framed-print,shopify_US_7263729320006_40950227697734
description contradicts title size,description quotes 8.5x11 but the title says 11x16 -- trust 11x16,11x16 in Walnut Displays 8.5x11 Diplomas with Tassel - Shatter Resistant Glass - Diploma Frame,11x16,Diploma Frame,00198301199131,GRAD1116WALNUT,31.99,yes,https://americanflat.com/products/11x16-in-walnut-with-2-opening-mats-displays-8-5x11-diplomas-with-tassel-shatter-resistant-glass-diploma-frame_framed-print,shopify_US_7263822020678_40950618226758
description contradicts title size,"description quotes 5x7, 8.5x11 but the title says 11x18 -- trust 11x18",11x18 Diploma Frame with 5x7 Picture Frame Duo | Choose Color Lightwood,11x18,Picture Frame,00198301199186,,26.99,no,https://americanflat.com/products/11x18-graduation-frame-with-2-opening-mat-displays-5x7-picture-frame-and-8-5x11-diploma-frame,shopify_US_7304003256390_41109628649542
description contradicts title size,"description quotes 5x7, 8.5x11 but the title says 11x18 -- trust 11x18",11x18 | Black | Document Frame | Legacy Black,11x18,Picture Frame,00198301199155,,24.99,yes,https://americanflat.com/products/11x18-graduation-frame-with-2-opening-mat-displays-5x7-picture-frame-and-8-5x11-diploma-frame,shopify_US_7304003256390_41109628551238
description contradicts title size,"description quotes 5x7, 8.5x11 but the title says 11x18 -- trust 11x18",11x18 | Black | Document Frame | Legacy Gold,11x18,Picture Frame,00198301199209,,26.99,yes,https://americanflat.com/products/11x18-graduation-frame-with-2-opening-mat-displays-5x7-picture-frame-and-8-5x11-diploma-frame,shopify_US_7304003256390_41109628715078
description contradicts title size,"description quotes 5x7, 8.5x11 but the title says 11x18 -- trust 11x18",11x18 | Black | Document Frame | Legacy Oak,11x18,Picture Frame,00198301199179,,26.99,yes,https://americanflat.com/products/11x18-graduation-frame-with-2-opening-mat-displays-5x7-picture-frame-and-8-5x11-diploma-frame,shopify_US_7304003256390_41109628616774
description contradicts title size,"description quotes 5x7, 8.5x11 but the title says 11x18 -- trust 11x18",11x18 | Black | Document Frame | Legacy Walnut,11x18,Picture Frame,00198301199162,,26.99,yes,https://americanflat.com/products/11x18-graduation-frame-with-2-opening-mat-displays-5x7-picture-frame-and-8-5x11-diploma-frame,shopify_US_7304003256390_41109628584006
description contradicts title size,description quotes 8x10 but the title says 12x12 -- trust 12x12,12x12 Picture Frame | Classic Gallery Picture Frame | Black - Galleria Collection | Set of 5 - Americanflat,12x12,Picture Frame,00810131993795,,54.99,yes,https://americanflat.com/products/picture-frame-set-of-5-gallery-wall-frame-set-horizontal-or-vertical-display-collage-wall-decor,shopify_US_7297968046150_43739386576966
description contradicts title size,description quotes 16x20 but the title says 12x12 -- trust 12x12,12x12 | Matted to 4x6 | Black | Signature Matted Engineered Wood Collage Frame | 4 Opening | Americanflat,12x12,Collage Frame,00198301010498,CF1212BLK446,14.99,yes,https://americanflat.com/products/americanflat-16x20-collage-picture-frame-fits-one-6x8-four-5x7-and-four-4x4-photos-or-one-16x20-photo,shopify_US_7607908040774_46243811164230
description contradicts title size,description quotes 16x20 but the title says 12x12 -- trust 12x12,12x12 | Matted to 4x6 | White | Signature Matted Engineered Wood Collage Frame | 4 Opening | Americanflat,12x12,Collage Frame,00198301010283,CF1212WHT446,17.99,yes,https://americanflat.com/products/americanflat-16x20-collage-picture-frame-fits-one-6x8-four-5x7-and-four-4x4-photos-or-one-16x20-photo,shopify_US_7607908040774_46243811196998
description contradicts title size,description quotes 19x27 but the title says 12x14 -- trust 12x14,12x14 Black - Thin Border for Horizontal or Vertical Display Format - Picture Frame,12x14,Picture Frame,00810131993153,LX1214BLKNOMAT,14.99,no,https://americanflat.com/products/12x14-black-thin-border-for-horizontal-or-vertical-display-format-picture-frame,shopify_US_7274308304966_41006068727878
description contradicts title size,description quotes 8x10 but the title says 12x17 -- trust 12x17,12x17 | Picture Frame | Black | Modern - Premium Quality 12x17 / Black,12x17,Poster Frame,00810131996116,,19.99,yes,https://americanflat.com/products/poster-frame-photo-frame-with-engineered-wood-frame-and-polished-plexiglass-cover-horizontal-and-vertical-formats-for-wall,shopify_US_7304710160454_41112753176646
description contradicts title size,description quotes 8x10 but the title says 12x24 -- trust 12x24,12x17 | Picture Frame | Black | Modern - Premium Quality 12x24 / Black,12x24,Poster Frame,00810131996079,,26.99,yes,https://americanflat.com/products/poster-frame-photo-frame-with-engineered-wood-frame-and-polished-plexiglass-cover-horizontal-and-vertical-formats-for-wall,shopify_US_7304710160454_41112753242182
description contradicts title size,description quotes 8x10 but the title says 13x16 -- trust 13x16,12x17 | Picture Frame | Black | Modern - Premium Quality 13x16 / Black,13x16,Poster Frame,00810131996130,,19.99,yes,https://americanflat.com/products/poster-frame-photo-frame-with-engineered-wood-frame-and-polished-plexiglass-cover-horizontal-and-vertical-formats-for-wall,shopify_US_7304710160454_41112753274950
description contradicts title size,description quotes 8x10 but the title says 13x18 -- trust 13x18,12x17 | Picture Frame | Black | Modern - Premium Quality 13x18 / Black,13x18,Poster Frame,00810131996154,,19.99,yes,https://americanflat.com/products/poster-frame-photo-frame-with-engineered-wood-frame-and-polished-plexiglass-cover-horizontal-and-vertical-formats-for-wall,shopify_US_7304710160454_41112753340486
description contradicts title size,description quotes 8x10 but the title says 13x21 -- trust 13x21,12x17 | Picture Frame | Black | Modern - Premium Quality 13x21 / Black,13x21,Poster Frame,00810131998592,,31.99,no,https://americanflat.com/products/poster-frame-photo-frame-with-engineered-wood-frame-and-polished-plexiglass-cover-horizontal-and-vertical-formats-for-wall,shopify_US_7304710160454_41112754585670
description contradicts title size,description quotes 8x10 but the title says 13x22 -- trust 13x22,12x17 | Picture Frame | Black | Modern - Premium Quality 13x22 / Black,13x22,Poster Frame,00810131998608,,31.99,yes,https://americanflat.com/products/poster-frame-photo-frame-with-engineered-wood-frame-and-polished-plexiglass-cover-horizontal-and-vertical-formats-for-wall,shopify_US_7304710160454_41112754618438
description contradicts title size,description quotes 8x10 but the title says 13x30 -- trust 13x30,12x17 | Picture Frame | Black | Modern - Premium Quality 13x30 / Black,13x30,Poster Frame,00810131998615,,34.99,yes,https://americanflat.com/products/poster-frame-photo-frame-with-engineered-wood-frame-and-polished-plexiglass-cover-horizontal-and-vertical-formats-for-wall,shopify_US_7304710160454_41112754651206
description contradicts title size,description quotes 8x10 but the title says 13x36 -- trust 13x36,12x17 | Picture Frame | Black | Modern - Premium Quality 13x36 / Black,13x36,Poster Frame,00810131998622,,23.99,no,https://americanflat.com/products/poster-frame-photo-frame-with-engineered-wood-frame-and-polished-plexiglass-cover-horizontal-and-vertical-formats-for-wall,shopify_US_7304710160454_41112754683974
description contradicts title size,description quotes 8x10 but the title says 14x17 -- trust 14x17,12x17 | Picture Frame | Black | Modern - Premium Quality 14x17 / Black,14x17,Poster Frame,00810131996178,,22.99,yes,https://americanflat.com/products/poster-frame-photo-frame-with-engineered-wood-frame-and-polished-plexiglass-cover-horizontal-and-vertical-formats-for-wall,shopify_US_7304710160454_41112753406022
description contradicts title size,description quotes 8x10 but the title says 14x19 -- trust 14x19,12x17 | Picture Frame | Black | Modern - Premium Quality 14x19 / Black,14x19,Poster Frame,00810131998844,,24.99,yes,https://americanflat.com/products/poster-frame-photo-frame-with-engineered-wood-frame-and-polished-plexiglass-cover-horizontal-and-vertical-formats-for-wall,shopify_US_7304710160454_41112754749510
description contradicts title size,description quotes 8x10 but the title says 14x20 -- trust 14x20,12x17 | Picture Frame | Black | Modern - Premium Quality 14x20 / Black,14x20,Poster Frame,00810131998851,,25.99,yes,https://americanflat.com/products/poster-frame-photo-frame-with-engineered-wood-frame-and-polished-plexiglass-cover-horizontal-and-vertical-formats-for-wall,shopify_US_7304710160454_41112754782278
description contradicts title size,description quotes 8x10 but the title says 14x24 -- trust 14x24,12x17 | Picture Frame | Black | Modern - Premium Quality 14x24 / Black,14x24,Poster Frame,00810131998875,,29.99,yes,https://americanflat.com/products/poster-frame-photo-frame-with-engineered-wood-frame-and-polished-plexiglass-cover-horizontal-and-vertical-formats-for-wall,shopify_US_7304710160454_41112754847814
description contradicts title size,description quotes 8x10 but the title says 15x21 -- trust 15x21,12x17 | Picture Frame | Black | Modern - Premium Quality 15x21 / Black,15x21,Poster Frame,00810131996185,,26.99,yes,https://americanflat.com/products/poster-frame-photo-frame-with-engineered-wood-frame-and-polished-plexiglass-cover-horizontal-and-vertical-formats-for-wall,shopify_US_7304710160454_41112753438790
description contradicts title size,description quotes 8x10 but the title says 16x16 -- trust 16x16,12x17 | Picture Frame | Black | Modern - Premium Quality 16x16 / Black,16x16,Poster Frame,00810029116596,,21.99,yes,https://americanflat.com/products/poster-frame-photo-frame-with-engineered-wood-frame-and-polished-plexiglass-cover-horizontal-and-vertical-formats-for-wall,shopify_US_7304710160454_41112753471558
description contradicts title size,description quotes 8x10 but the title says 16x16 -- trust 16x16,12x17 | Picture Frame | Black | Modern - Premium Quality 16x16 / White,16x16,Poster Frame,00810029116602,,21.99,no,https://americanflat.com/products/poster-frame-photo-frame-with-engineered-wood-frame-and-polished-plexiglass-cover-horizontal-and-vertical-formats-for-wall,shopify_US_7304710160454_41112753504326
description contradicts title size,description quotes 8x10 but the title says 16x22 -- trust 16x22,12x17 | Picture Frame | Black | Modern - Premium Quality 16x22 / Black,16x22,Poster Frame,00810131996086,,23.99,yes,https://americanflat.com/products/poster-frame-photo-frame-with-engineered-wood-frame-and-polished-plexiglass-cover-horizontal-and-vertical-formats-for-wall,shopify_US_7304710160454_41112753537094
description contradicts title size,description quotes 8x10 but the title says 16x24 -- trust 16x24,12x17 | Picture Frame | Black | Modern - Premium Quality 16x24 / Black,16x24,Poster Frame,00810131990282,,27.99,yes,https://americanflat.com/products/poster-frame-photo-frame-with-engineered-wood-frame-and-polished-plexiglass-cover-horizontal-and-vertical-formats-for-wall,shopify_US_7304710160454_41112753569862
description contradicts title size,description quotes 8x10 but the title says 16x25 -- trust 16x25,12x17 | Picture Frame | Black | Modern - Premium Quality 16x25 / Black,16x25,Poster Frame,00810131998905,,34.99,no,https://americanflat.com/products/poster-frame-photo-frame-with-engineered-wood-frame-and-polished-plexiglass-cover-horizontal-and-vertical-formats-for-wall,shopify_US_7304710160454_41112754946118
description contradicts title size,description quotes 8x10 but the title says 16x26 -- trust 16x26,12x17 | Picture Frame | Black | Modern - Premium Quality 16x26 / Black,16x26,Poster Frame,00810131998912,,37.99,yes,https://americanflat.com/products/poster-frame-photo-frame-with-engineered-wood-frame-and-polished-plexiglass-cover-horizontal-and-vertical-formats-for-wall,shopify_US_7304710160454_41112754978886
description contradicts title size,description quotes 8x10 but the title says 17x17 -- trust 17x17,12x17 | Picture Frame | Black | Modern - Premium Quality 17x17 / Black,17x17,Poster Frame,00850039095061,,25.99,yes,https://americanflat.com/products/poster-frame-photo-frame-with-engineered-wood-frame-and-polished-plexiglass-cover-horizontal-and-vertical-formats-for-wall,shopify_US_7304710160454_41112755142726
description contradicts title size,description quotes 8x10 but the title says 17x19 -- trust 17x19,12x17 | Picture Frame | Black | Modern - Premium Quality 17x19 / Black,17x19,Poster Frame,00810131998936,,34.99,yes,https://americanflat.com/products/poster-frame-photo-frame-with-engineered-wood-frame-and-polished-plexiglass-cover-horizontal-and-vertical-formats-for-wall,shopify_US_7304710160454_41112755175494
description contradicts title size,description quotes 8x10 but the title says 17x21 -- trust 17x21,12x17 | Picture Frame | Black | Modern - Premium Quality 17x21 / Black,17x21,Poster Frame,00810131996192,,28.99,yes,https://americanflat.com/products/poster-frame-photo-frame-with-engineered-wood-frame-and-polished-plexiglass-cover-horizontal-and-vertical-formats-for-wall,shopify_US_7304710160454_41112755208262
description contradicts title size,description quotes 8x10 but the title says 17x23 -- trust 17x23,12x17 | Picture Frame | Black | Modern - Premium Quality 17x23 / Black,17x23,Poster Frame,00810131998943,,28.99,no,https://americanflat.com/products/poster-frame-photo-frame-with-engineered-wood-frame-and-polished-plexiglass-cover-horizontal-and-vertical-formats-for-wall,shopify_US_7304710160454_41112755273798
description contradicts title size,description quotes 8x10 but the title says 17x24 -- trust 17x24,12x17 | Picture Frame | Black | Modern - Premium Quality 17x24 / Black,17x24,Poster Frame,00810131996208,,28.99,yes,https://americanflat.com/products/poster-frame-photo-frame-with-engineered-wood-frame-and-polished-plexiglass-cover-horizontal-and-vertical-formats-for-wall,shopify_US_7304710160454_41112755306566
description contradicts title size,description quotes 8x10 but the title says 18x18 -- trust 18x18,12x17 | Picture Frame | Black | Modern - Premium Quality 18x18 / Black,18x18,Poster Frame,00850039095085,,27.99,yes,https://americanflat.com/products/poster-frame-photo-frame-with-engineered-wood-frame-and-polished-plexiglass-cover-horizontal-and-vertical-formats-for-wall,shopify_US_7304710160454_41112755372102
description contradicts title size,description quotes 8x10 but the title says 18x23 -- trust 18x23,12x17 | Picture Frame | Black | Modern - Premium Quality 18x23 / Black,18x23,Poster Frame,00810131998639,,32.99,no,https://americanflat.com/products/poster-frame-photo-frame-with-engineered-wood-frame-and-polished-plexiglass-cover-horizontal-and-vertical-formats-for-wall,shopify_US_7304710160454_41112755470406
description contradicts title size,description quotes 8x10 but the title says 18x32 -- trust 18x32,12x17 | Picture Frame | Black | Modern - Premium Quality 18x32 / Black,18x32,Poster Frame,00810131998653,,39.99,yes,https://americanflat.com/products/poster-frame-photo-frame-with-engineered-wood-frame-and-polished-plexiglass-cover-horizontal-and-vertical-formats-for-wall,shopify_US_7304710160454_41112755568710
description contradicts title size,description quotes 8x10 but the title says 18x36 -- trust 18x36,12x17 | Picture Frame | Black | Modern - Premium Quality 18x36 / Black,18x36,Poster Frame,00810131996239,,39.99,yes,https://americanflat.com/products/poster-frame-photo-frame-with-engineered-wood-frame-and-polished-plexiglass-cover-horizontal-and-vertical-formats-for-wall,shopify_US_7304710160454_41112755601478
description contradicts title size,description quotes 8x10 but the title says 19x25 -- trust 19x25,12x17 | Picture Frame | Black | Modern - Premium Quality 19x25 / Black,19x25,Poster Frame,00810131996246,,30.99,yes,https://americanflat.com/products/poster-frame-photo-frame-with-engineered-wood-frame-and-polished-plexiglass-cover-horizontal-and-vertical-formats-for-wall,shopify_US_7304710160454_41112755634246
description contradicts title size,description quotes 8x10 but the title says 19x26 -- trust 19x26,12x17 | Picture Frame | Black | Modern - Premium Quality 19x26 / Black,19x26,Poster Frame,00810131998660,,39.99,no,https://americanflat.com/products/poster-frame-photo-frame-with-engineered-wood-frame-and-polished-plexiglass-cover-horizontal-and-vertical-formats-for-wall,shopify_US_7304710160454_41112755667014
description contradicts title size,description quotes 8x10 but the title says 19x27 -- trust 19x27,12x17 | Picture Frame | Black | Modern - Premium Quality 19x27 / Black,19x27,Poster Frame,00850039095092,,31.99,yes,https://americanflat.com/products/poster-frame-photo-frame-with-engineered-wood-frame-and-polished-plexiglass-cover-horizontal-and-vertical-formats-for-wall,shopify_US_7304710160454_41112755699782
description contradicts title size,description quotes 8x10 but the title says 19x28 -- trust 19x28,12x17 | Picture Frame | Black | Modern - Premium Quality 19x28 / Black,19x28,Poster Frame,00810131998677,,44.99,no,https://americanflat.com/products/poster-frame-photo-frame-with-engineered-wood-frame-and-polished-plexiglass-cover-horizontal-and-vertical-formats-for-wall,shopify_US_7304710160454_41112755732550
description contradicts title size,description quotes 8x10 but the title says 20x20 -- trust 20x20,12x17 | Picture Frame | Black | Modern - Premium Quality 20x20 / Black,20x20,Poster Frame,00850039095108,,29.99,yes,https://americanflat.com/products/poster-frame-photo-frame-with-engineered-wood-frame-and-polished-plexiglass-cover-horizontal-and-vertical-formats-for-wall,shopify_US_7304710160454_41112755798086
description contradicts title size,description quotes 8x10 but the title says 20x28 -- trust 20x28,12x17 | Picture Frame | Black | Modern - Premium Quality 20x28 / Black,20x28,Poster Frame,00810131990275,,34.99,yes,https://americanflat.com/products/poster-frame-photo-frame-with-engineered-wood-frame-and-polished-plexiglass-cover-horizontal-and-vertical-formats-for-wall,shopify_US_7304710160454_41112753668166
description contradicts title size,description quotes 8x10 but the title says 20x32 -- trust 20x32,12x17 | Picture Frame | Black | Modern - Premium Quality 20x32 / Black,20x32,Poster Frame,00810131998967,,44.99,no,https://americanflat.com/products/poster-frame-photo-frame-with-engineered-wood-frame-and-polished-plexiglass-cover-horizontal-and-vertical-formats-for-wall,shopify_US_7304710160454_41112755863622
description contradicts title size,description quotes 8x10 but the title says 20x36 -- trust 20x36,12x17 | Picture Frame | Black | Modern - Premium Quality 20x36 / Black,20x36,Poster Frame,00810131998974,,44.99,yes,https://americanflat.com/products/poster-frame-photo-frame-with-engineered-wood-frame-and-polished-plexiglass-cover-horizontal-and-vertical-formats-for-wall,shopify_US_7304710160454_41112755896390
description contradicts title size,description quotes 8x10 but the title says 20x40 -- trust 20x40,12x17 | Picture Frame | Black | Modern - Premium Quality 20x40 / Black,20x40,Poster Frame,00810131998981,,44.99,yes,https://americanflat.com/products/poster-frame-photo-frame-with-engineered-wood-frame-and-polished-plexiglass-cover-horizontal-and-vertical-formats-for-wall,shopify_US_7304710160454_41112755929158
description contradicts title size,description quotes 8x10 but the title says 21x26 -- trust 21x26,12x17 | Picture Frame | Black | Modern - Premium Quality 21x26 / Black,21x26,Poster Frame,00810131998998,,39.99,yes,https://americanflat.com/products/poster-frame-photo-frame-with-engineered-wood-frame-and-polished-plexiglass-cover-horizontal-and-vertical-formats-for-wall,shopify_US_7304710160454_41112755961926
description contradicts title size,description quotes 8x10 but the title says 21x28 -- trust 21x28,12x17 | Picture Frame | Black | Modern - Premium Quality 21x28 / Black,21x28,Poster Frame,00810131996109,,35.99,yes,https://americanflat.com/products/poster-frame-photo-frame-with-engineered-wood-frame-and-polished-plexiglass-cover-horizontal-and-vertical-formats-for-wall,shopify_US_7304710160454_41112753700934
description contradicts title size,description quotes 8x10 but the title says 21x34 -- trust 21x34,12x17 | Picture Frame | Black | Modern - Premium Quality 21x34 / Black,21x34,Poster Frame,00810131999018,,49.99,yes,https://americanflat.com/products/poster-frame-photo-frame-with-engineered-wood-frame-and-polished-plexiglass-cover-horizontal-and-vertical-formats-for-wall,shopify_US_7304710160454_41112755077190
description contradicts title size,description quotes 8x10 but the title says 22x32 -- trust 22x32,12x17 | Picture Frame | Black | Modern - Premium Quality 22x32 / Black,22x32,Poster Frame,00810131998714,,47.99,yes,https://americanflat.com/products/poster-frame-photo-frame-with-engineered-wood-frame-and-polished-plexiglass-cover-horizontal-and-vertical-formats-for-wall,shopify_US_7304710160454_41112753832006
description contradicts title size,description quotes 8x10 but the title says 22x35 -- trust 22x35,12x17 | Picture Frame | Black | Modern - Premium Quality 22x35 / Black,22x35,Poster Frame,00810131998721,,30.99,yes,https://americanflat.com/products/poster-frame-photo-frame-with-engineered-wood-frame-and-polished-plexiglass-cover-horizontal-and-vertical-formats-for-wall,shopify_US_7304710160454_41112753897542
description contradicts title size,description quotes 8x10 but the title says 23x29 -- trust 23x29,12x17 | Picture Frame | Black | Modern - Premium Quality 23x29 / Black,23x29,Poster Frame,00810131999025,,49.99,no,https://americanflat.com/products/poster-frame-photo-frame-with-engineered-wood-frame-and-polished-plexiglass-cover-horizontal-and-vertical-formats-for-wall,shopify_US_7304710160454_41112753930310
description contradicts title size,description quotes 8x10 but the title says 23x35 -- trust 23x35,12x17 | Picture Frame | Black | Modern - Premium Quality 23x35 / Black,23x35,Poster Frame,00810131999032,,54.99,no,https://americanflat.com/products/poster-frame-photo-frame-with-engineered-wood-frame-and-polished-plexiglass-cover-horizontal-and-vertical-formats-for-wall,shopify_US_7304710160454_41112753963078
description contradicts title size,description quotes 8x10 but the title says 24x24 -- trust 24x24,12x17 | Picture Frame | Black | Modern - Premium Quality 24x24 / Black,24x24,Poster Frame,00810029116572,,34.99,yes,https://americanflat.com/products/poster-frame-photo-frame-with-engineered-wood-frame-and-polished-plexiglass-cover-horizontal-and-vertical-formats-for-wall,shopify_US_7304710160454_41112753995846
description contradicts title size,description quotes 8x10 but the title says 24x24 -- trust 24x24,12x17 | Picture Frame | Black | Modern - Premium Quality 24x24 / White,24x24,Poster Frame,00810029116589,,34.99,yes,https://americanflat.com/products/poster-frame-photo-frame-with-engineered-wood-frame-and-polished-plexiglass-cover-horizontal-and-vertical-formats-for-wall,shopify_US_7304710160454_41112754028614
description contradicts title size,description quotes 8x10 but the title says 24x32 -- trust 24x32,12x17 | Picture Frame | Black | Modern - Premium Quality 24x32 / Black,24x32,Poster Frame,00850039095122,,44.99,yes,https://americanflat.com/products/poster-frame-photo-frame-with-engineered-wood-frame-and-polished-plexiglass-cover-horizontal-and-vertical-formats-for-wall,shopify_US_7304710160454_41112754094150
description contradicts title size,description quotes 8x10 but the title says 24x34 -- trust 24x34,12x17 | Picture Frame | Black | Modern - Premium Quality 24x34 / Black,24x34,Poster Frame,00810131999049,,44.99,yes,https://americanflat.com/products/poster-frame-photo-frame-with-engineered-wood-frame-and-polished-plexiglass-cover-horizontal-and-vertical-formats-for-wall,shopify_US_7304710160454_41112754126918
description contradicts title size,description quotes 8x10 but the title says 25x30 -- trust 25x30,12x17 | Picture Frame | Black | Modern - Premium Quality 25x30 / Black,25x30,Poster Frame,00810131999063,,49.99,no,https://americanflat.com/products/poster-frame-photo-frame-with-engineered-wood-frame-and-polished-plexiglass-cover-horizontal-and-vertical-formats-for-wall,shopify_US_7304710160454_41112754257990
description contradicts title size,description quotes 8x10 but the title says 26x39 -- trust 26x39,12x17 | Picture Frame | Black | Modern - Premium Quality 26x39 / Black,26x39,Poster Frame,00810131998745,,62.99,yes,https://americanflat.com/products/poster-frame-photo-frame-with-engineered-wood-frame-and-polished-plexiglass-cover-horizontal-and-vertical-formats-for-wall,shopify_US_7304710160454_41112754356294
description contradicts title size,description quotes 8x10 but the title says 28x29 -- trust 28x29,12x17 | Picture Frame | Black | Modern - Premium Quality 28x29 / Black,28x29,Poster Frame,00810131998318,,59.99,yes,https://americanflat.com/products/poster-frame-photo-frame-with-engineered-wood-frame-and-polished-plexiglass-cover-horizontal-and-vertical-formats-for-wall,shopify_US_7304710160454_41112754454598
description contradicts title size,description quotes 8x10 but the title says 28x40 -- trust 28x40,12x17 | Picture Frame | Black | Modern - Premium Quality 28x40 / Black,28x40,Poster Frame,00810131998325,,74.99,yes,https://americanflat.com/products/poster-frame-photo-frame-with-engineered-wood-frame-and-polished-plexiglass-cover-horizontal-and-vertical-formats-for-wall,shopify_US_7304710160454_41112754487366
description contradicts title size,description quotes 8x10 but the title says 30x30 -- trust 30x30,12x17 | Picture Frame | Black | Modern - Premium Quality 30x30 / Black,30x30,Poster Frame,00850039095139,,49.99,yes,https://americanflat.com/products/poster-frame-photo-frame-with-engineered-wood-frame-and-polished-plexiglass-cover-horizontal-and-vertical-formats-for-wall,shopify_US_7304710160454_41112754520134
description contradicts title size,description quotes 8x10 but the title says 36x36 -- trust 36x36,12x17 | Picture Frame | Black | Modern - Premium Quality 36x36 / Black,36x36,Poster Frame,00810131998752,,94.99,yes,https://americanflat.com/products/poster-frame-photo-frame-with-engineered-wood-frame-and-polished-plexiglass-cover-horizontal-and-vertical-formats-for-wall,shopify_US_7304710160454_41112754552902
description contradicts title size,description quotes 8x10 but the title says 20x28 -- trust 20x28,12x18 with 11x17 Mat | Picture Frame | Black | Modern - Premium Quality 20x28 / Gold,20x28,Picture Frame,00810131995096,,32.99,yes,https://americanflat.com/products/picture-frame-with-mat-wide-frame-shatter-resistant-glass-hanging-hardware-included,shopify_US_7302677725254_41103332933702
description contradicts title size,description quotes 8x10 but the title says 22x28 -- trust 22x28,12x18 with 11x17 Mat | Picture Frame | Black | Modern - Premium Quality 22x28 / Grey,22x28,Picture Frame,00810131995003,,38.99,yes,https://americanflat.com/products/picture-frame-with-mat-wide-frame-shatter-resistant-glass-hanging-hardware-included,shopify_US_7302677725254_41103333359686
description contradicts title size,description quotes 8x10 but the title says 12x18 -- trust 12x18,12x18 | Double Frame | White | Modern - Premium Quality 12x18 / Black / White,12x18,Picture Frame,00198301010245,,18.99,yes,https://americanflat.com/products/americanflat-double-picture-frame-two-8x10-shatter-resistant-glass,shopify_US_7973639159878_43873795899462
description contradicts title size,description quotes 8x10 but the title says 12x18 -- trust 12x18,12x18 | Double Frame | White | Modern - Premium Quality 12x18 / White / White,12x18,Picture Frame,00198301010382,,18.99,no,https://americanflat.com/products/americanflat-double-picture-frame-two-8x10-shatter-resistant-glass,shopify_US_7973639159878_43873795866694
description contradicts title size,description quotes 16x20 but the title says 12x22 -- trust 12x22,12x22 | Matted to 4x6 | Black | Signature Matted Engineered Wood Collage Frame | 8 Opening | Americanflat,12x22,Collage Frame,00198301010160,CF1222BLK846,23.99,yes,https://americanflat.com/products/americanflat-16x20-collage-picture-frame-fits-one-6x8-four-5x7-and-four-4x4-photos-or-one-16x20-photo,shopify_US_7607908040774_46243811655750
description contradicts title size,description quotes 16x20 but the title says 12x22 -- trust 12x22,12x22 | Matted to 4x6 | White | Signature Matted Engineered Wood Collage Frame | 8 Opening | Americanflat,12x22,Collage Frame,00198301010306,CF1222WHT846,23.99,yes,https://americanflat.com/products/americanflat-16x20-collage-picture-frame-fits-one-6x8-four-5x7-and-four-4x4-photos-or-one-16x20-photo,shopify_US_7607908040774_46243811622982
description contradicts title size,description quotes 5x7 but the title says 12x22 -- trust 12x22,12x22 | White | Collage Frame | Signature Default Title / Black / White,12x22,Picture Frame,00198301010160,,23.99,yes,https://americanflat.com/products/americanflat-signature-double-frame-two-5x7-shatter-resistant,shopify_US_7973639323718_43873796390982
description contradicts title size,"description quotes 24x36, 28x40 but the title says 13x13 -- trust 13x13",13x13 Black 2 Pack - Square Picture Frame Includes Plexiglass Cover and Hanging Hardware - Picture Frame,13x13,Picture Frame,00810131993801,PS1313BLK10102PK,41.99,no,https://americanflat.com/products/13x13-black-2-pack-square-picture-frame-includes-plexiglass-cover-and-hanging-hardware-picture-frame,shopify_US_7274328490054_41006169817158
description contradicts title size,description quotes 11x22 but the title says 13x13 -- trust 13x13,13x13 Driftwood with 2 Opening Mats - Square Frame with Tempered Shatter-Resistant Glass - Graduation Frame,13x13,Diploma Frame,00198301199025,GRAD1313DWOOD,32.99,yes,https://americanflat.com/products/13x13-driftwood-with-2-opening-mats-square-frame-with-tempered-shatter-resistant-glass-graduation-frame,shopify_US_7274324623430_41006152056902
description contradicts title size,description quotes 8.5x11 but the title says 13x13 -- trust 13x13,13x13 Silver 2 Opening Mat - Square Frame with Tempered Shatter-Resistant Glass - Graduation Frame,13x13,Diploma Frame,00198301199070,GRAD1313PNICKEL,32.99,yes,https://americanflat.com/products/13x13-silver-2-opening-mat-square-frame-with-tempered-shatter-resistant-glass-graduation-frame,shopify_US_7274325508166_41006155726918
description contradicts title size,description quotes 16x20 but the title says 14x14 -- trust 14x14,14x14 | Matted to 4x6 | Black | Signature Matted Engineered Wood Collage Frame | 6 Opening | Americanflat,14x14,Collage Frame,00198301010184,CF1414BLK646,18.99,yes,https://americanflat.com/products/americanflat-16x20-collage-picture-frame-fits-one-6x8-four-5x7-and-four-4x4-photos-or-one-16x20-photo,shopify_US_7607908040774_46243811229766
description contradicts title size,description quotes 16x20 but the title says 14x14 -- trust 14x14,14x14 | Matted to 4x6 | White | Signature Matted Engineered Wood Collage Frame | 6 Opening | Americanflat,14x14,Collage Frame,00198301010320,CF1414WHT646,18.99,yes,https://americanflat.com/products/americanflat-16x20-collage-picture-frame-fits-one-6x8-four-5x7-and-four-4x4-photos-or-one-16x20-photo,shopify_US_7607908040774_46243811262534
description contradicts title size,description quotes 8x10 but the title says 12x16 -- trust 12x16,14x20 with 11x17 Mat | Picture Frame | Black | Modern - Premium Quality 12x16 / Oak / 8x12,12x16,Poster Frame,,,26.99,yes,https://americanflat.com/products/poster-frame-with-mat-in-black-engineered-wood-with-plexiglass-cover-and-included-hanging-hardware,shopify_US_7304803287110_44956305489990
description contradicts title size,description quotes 16x20 but the title says 14x20 -- trust 14x20,"14x20 | Black | Signature Engineered Wood Collage Frame, Tabletop | Americanflat",14x20,Collage Frame,00198301010528,MP-MDF-CF-1420-BLACK-946,41.99,no,https://americanflat.com/products/americanflat-16x20-collage-picture-frame-fits-one-6x8-four-5x7-and-four-4x4-photos-or-one-16x20-photo,shopify_US_7607908040774_46243813097542
description contradicts title size,description quotes 16x20 but the title says 14x20 -- trust 14x20,14x20 | Black | Signature Matted Engineered Wood Collage Frame | Americanflat,14x20,Collage Frame,00198301010528,,41.99,no,https://americanflat.com/products/americanflat-16x20-collage-picture-frame-fits-one-6x8-four-5x7-and-four-4x4-photos-or-one-16x20-photo,shopify_US_7607908040774_46127205744710
description contradicts title size,description quotes 16x20 but the title says 14x20 -- trust 14x20,"14x20 | White | Signature Engineered Wood Collage Frame, Tabletop | Americanflat",14x20,Collage Frame,00198301010665,MP-MDF-CF-1420-WHITE-946,41.99,no,https://americanflat.com/products/americanflat-16x20-collage-picture-frame-fits-one-6x8-four-5x7-and-four-4x4-photos-or-one-16x20-photo,shopify_US_7607908040774_46243813130310
description contradicts title size,description quotes 16x20 but the title says 14x20 -- trust 14x20,14x20 | White | Signature Matted Engineered Wood Collage Frame | Americanflat,14x20,Collage Frame,00198301010665,,41.99,no,https://americanflat.com/products/americanflat-16x20-collage-picture-frame-fits-one-6x8-four-5x7-and-four-4x4-photos-or-one-16x20-photo,shopify_US_7607908040774_46127205777478
description contradicts title size,description quotes 13x58 but the title says 14x59 -- trust 14x59,14x59 | Black | Full Length Mirror With Stand | Americanflat,14x59,Mirror,00198301200479,MIREAS1358BLK,79.94,yes,https://americanflat.com/products/decorative-mirrors-for-home-wall-floor-designs,shopify_US_8509960192070_46300703457350
description contradicts title size,"description quotes 15x5, 3x4 but the title says 15x15 -- trust 15x15",15x15 | Black | Signature Matted Engineered Wood Collage Frame | Americanflat,15x15,Collage Frame,00198301200660,SGFT0203BLK,12.99,no,https://americanflat.com/products/americanflat-16x20-collage-picture-frame-fits-one-6x8-four-5x7-and-four-4x4-photos-or-one-16x20-photo,shopify_US_7607908040774_46243812933702
description contradicts title size,description quotes 12x48 but the title says 15x51 -- trust 15x51,15x51 | Door Mirror | Black | Modern - Premium Quality,15x51,Mirror,00810029112024,,39.99,yes,https://americanflat.com/products/over-the-door-mirror-12x48,shopify_US_7975222280262_43881593995334
description contradicts title size,description quotes 8x10 but the title says 11x14 -- trust 11x14,16x20 | Picture Frame | Set of 11142 | Black | Modern - Premium Quality 11x14 / 3 Pack / Matted,11x14,Picture Frame,00850038118099,,26.99,no,https://americanflat.com/products/abs-plexiglass-picture-frames,shopify_US_7294297571398_41076583301190
description contradicts title size,description quotes 15x59 but the title says 16x59 -- trust 16x59,16x59 | Black | Arched Mirror With Stand | Americanflat,16x59,Mirror,00810131990060,MIRARC1559BLK,89.99,yes,https://americanflat.com/products/decorative-mirrors-for-home-wall-floor-designs,shopify_US_8509960192070_46300703555654
description contradicts title size,description quotes 11x22 but the title says 19x27 -- trust 19x27,19x27 Black - Horizontal and Vertical Formats for Wall - Poster Frame,19x27,Poster Frame,00198301199278,WB1927BLKPC,43.99,yes,https://americanflat.com/products/19x27-black-horizontal-and-vertical-formats-for-wall-poster-frame,shopify_US_7274307944518_41006066860102
description contradicts title size,description quotes 21x58 but the title says 22x59 -- trust 22x59,22x59 | Black | Full Length Mirror With Stand | Americanflat,22x59,Mirror,00198301200486,MIREAS2158BLK,109.94,yes,https://americanflat.com/products/decorative-mirrors-for-home-wall-floor-designs,shopify_US_8509960192070_46300703490118
description contradicts title size,description quotes 23x30.5 but the title says 23x31 -- trust 23x31,23x31 White Lockable Composite Wood and Plexiglass - Vertical Format - Shadow box Jersey Frame,23x31,Shadow Box,00810131991067,JRSYDCWHT,79.99,yes,https://americanflat.com/products/jersey-frame-display-case-in-white-23x31-lockable-plexiglass-shadow-box-jersey-display-frame-for-soccer-baseball-hockey-football-and-basketball-large-shadow-box-frame,shopify_US_7254859284550_40918990291014
description contradicts title size,description quotes 11x11 but the title says 24x24 -- trust 24x24,24x24 Square Black - Horizontal Or Vertical Format Display - Picture Frame,24x24,Picture Frame,00810131993696,LX2424BLKNOMAT,34.99,yes,https://americanflat.com/products/24x24-square-black-horizontal-or-vertical-format-display-picture-frame,shopify_US_7274302898246_41006041464902
description contradicts title size,description quotes 23x31 but the title says 24x31 -- trust 24x31,24x31 | Shadow Box Frame | Black | Modern - Premium Quality,24x31,Shadow Box,00810131990121,,65.99,yes,https://americanflat.com/products/35-piece-baseball-card-display-case-in-black-23x31-sports-card-display-case,shopify_US_7298562195526_41092787535942
description contradicts title size,description quotes 2.1x3.4 but the title says 2x3 -- trust 2x3,2x3 | Magnetic Refrigerator Frame | Set of 4 | Black | Modern - Premium Quality,2x3,Picture Frame,00198301391122,MAGMINI4SET,14.99,yes,https://americanflat.com/products/2x3-magnetic-refrigerator-frame-set-of-4-black-modern-premium-quality,shopify_US_8299923767366_44749344407622
description contradicts title size,description quotes 8x10 but the title says 10x10 -- trust 10x10,4x4 | Picture Frame | Black | Modern - Premium Quality 10 x 10 / Black,10x10,Picture Frame,00810131993788,,25.99,no,https://americanflat.com/products/picture-frame-set-of-5-gallery-wall-frame-set-horizontal-or-vertical-display-collage-wall-decor,shopify_US_7297968046150_43739385987142
description contradicts title size,description quotes 8x10 but the title says 11x14 -- trust 11x14,4x4 | Picture Frame | Black | Modern - Premium Quality 11 x 14 / Black,11x14,Picture Frame,00850036466161,,10.99,yes,https://americanflat.com/products/picture-frame-set-of-5-gallery-wall-frame-set-horizontal-or-vertical-display-collage-wall-decor,shopify_US_7297968046150_43739385364550
description contradicts title size,description quotes 8x10 but the title says 11x14 -- trust 11x14,4x4 | Picture Frame | Black | Modern - Premium Quality 11 x 14 / Brown,11x14,Picture Frame,00850036466345,,10.99,yes,https://americanflat.com/products/picture-frame-set-of-5-gallery-wall-frame-set-horizontal-or-vertical-display-collage-wall-decor,shopify_US_7297968046150_43739386019910
description contradicts title size,description quotes 8x10 but the title says 11x14 -- trust 11x14,4x4 | Picture Frame | Black | Modern - Premium Quality 11 x 14 / Natural Oak,11x14,Picture Frame,00198301007009,,10.99,yes,https://americanflat.com/products/picture-frame-set-of-5-gallery-wall-frame-set-horizontal-or-vertical-display-collage-wall-decor,shopify_US_7297968046150_43739386118214
description contradicts title size,description quotes 8x10 but the title says 11x14 -- trust 11x14,4x4 | Picture Frame | Black | Modern - Premium Quality 11 x 14 / White,11x14,Picture Frame,00850036466253,,10.99,yes,https://americanflat.com/products/picture-frame-set-of-5-gallery-wall-frame-set-horizontal-or-vertical-display-collage-wall-decor,shopify_US_7297968046150_43739386052678
description contradicts title size,description quotes 8x10 but the title says 11x17 -- trust 11x17,4x4 | Picture Frame | Black | Modern - Premium Quality 11 x 17 / Black,11x17,Picture Frame,00850036466178,,10.99,yes,https://americanflat.com/products/picture-frame-set-of-5-gallery-wall-frame-set-horizontal-or-vertical-display-collage-wall-decor,shopify_US_7297968046150_43739386380358
description contradicts title size,description quotes 8x10 but the title says 11x17 -- trust 11x17,4x4 | Picture Frame | Black | Modern - Premium Quality 11 x 17 / Brown,11x17,Picture Frame,00850036466352,,10.99,yes,https://americanflat.com/products/picture-frame-set-of-5-gallery-wall-frame-set-horizontal-or-vertical-display-collage-wall-decor,shopify_US_7297968046150_43739386413126
description contradicts title size,description quotes 8x10 but the title says 12x16 -- trust 12x16,4x4 | Picture Frame | Black | Modern - Premium Quality 12 x 16 / Black,12x16,Picture Frame,00850036466185,,10.99,yes,https://americanflat.com/products/picture-frame-set-of-5-gallery-wall-frame-set-horizontal-or-vertical-display-collage-wall-decor,shopify_US_7297968046150_43739386609734
description contradicts title size,description quotes 8x10 but the title says 12x16 -- trust 12x16,4x4 | Picture Frame | Black | Modern - Premium Quality 12 x 16 / Brown,12x16,Picture Frame,00850036466369,,10.99,yes,https://americanflat.com/products/picture-frame-set-of-5-gallery-wall-frame-set-horizontal-or-vertical-display-collage-wall-decor,shopify_US_7297968046150_43739386642502
description contradicts title size,description quotes 8x10 but the title says 12x16 -- trust 12x16,4x4 | Picture Frame | Black | Modern - Premium Quality 12 x 16 / Gold,12x16,Picture Frame,00198301007344,,10.99,yes,https://americanflat.com/products/picture-frame-set-of-5-gallery-wall-frame-set-horizontal-or-vertical-display-collage-wall-decor,shopify_US_7297968046150_43739386708038
description contradicts title size,description quotes 8x10 but the title says 12x16 -- trust 12x16,4x4 | Picture Frame | Black | Modern - Premium Quality 12 x 16 / Silver,12x16,Picture Frame,00198301007153,,10.99,yes,https://americanflat.com/products/picture-frame-set-of-5-gallery-wall-frame-set-horizontal-or-vertical-display-collage-wall-decor,shopify_US_7297968046150_43739386773574
description contradicts title size,description quotes 8x10 but the title says 12x18 -- trust 12x18,4x4 | Picture Frame | Black | Modern - Premium Quality 12 x 18 / Black,12x18,Picture Frame,00850036466192,,10.99,yes,https://americanflat.com/products/picture-frame-set-of-5-gallery-wall-frame-set-horizontal-or-vertical-display-collage-wall-decor,shopify_US_7297968046150_43739386806342
description contradicts title size,description quotes 8x10 but the title says 12x18 -- trust 12x18,4x4 | Picture Frame | Black | Modern - Premium Quality 12 x 18 / Gold,12x18,Picture Frame,00198301007375,,10.99,yes,https://americanflat.com/products/picture-frame-set-of-5-gallery-wall-frame-set-horizontal-or-vertical-display-collage-wall-decor,shopify_US_7297968046150_43739386904646
description contradicts title size,description quotes 8x10 but the title says 12x18 -- trust 12x18,4x4 | Picture Frame | Black | Modern - Premium Quality 12 x 18 / Silver,12x18,Picture Frame,00198301007184,,10.99,yes,https://americanflat.com/products/picture-frame-set-of-5-gallery-wall-frame-set-horizontal-or-vertical-display-collage-wall-decor,shopify_US_7297968046150_43739386970182
description contradicts title size,description quotes 8x10 but the title says 12x18 -- trust 12x18,4x4 | Picture Frame | Black | Modern - Premium Quality 12 x 18 / White,12x18,Picture Frame,00850036466284,,10.99,yes,https://americanflat.com/products/picture-frame-set-of-5-gallery-wall-frame-set-horizontal-or-vertical-display-collage-wall-decor,shopify_US_7297968046150_43739386871878
description contradicts title size,description quotes 8x10 but the title says 13x19 -- trust 13x19,4x4 | Picture Frame | Black | Modern - Premium Quality 13 x 19 / Brown,13x19,Picture Frame,00850036466383,,37.99,no,https://americanflat.com/products/picture-frame-set-of-5-gallery-wall-frame-set-horizontal-or-vertical-display-collage-wall-decor,shopify_US_7297968046150_43739387035718
description contradicts title size,description quotes 8x10 but the title says 15x15 -- trust 15x15,4x4 | Picture Frame | Black | Modern - Premium Quality 15 x 15 / Black,15x15,Picture Frame,00810131993825,,10.99,no,https://americanflat.com/products/picture-frame-set-of-5-gallery-wall-frame-set-horizontal-or-vertical-display-collage-wall-decor,shopify_US_7297968046150_43739387199558
description contradicts title size,description quotes 8x10 but the title says 16x20 -- trust 16x20,4x4 | Picture Frame | Black | Modern - Premium Quality 16 x 20 / Black,16x20,Picture Frame,00850036466215,,10.99,yes,https://americanflat.com/products/picture-frame-set-of-5-gallery-wall-frame-set-horizontal-or-vertical-display-collage-wall-decor,shopify_US_7297968046150_43739387232326
description contradicts title size,description quotes 8x10 but the title says 16x20 -- trust 16x20,4x4 | Picture Frame | Black | Modern - Premium Quality 16 x 20 / Brown,16x20,Picture Frame,00850036466390,,54.99,yes,https://americanflat.com/products/picture-frame-set-of-5-gallery-wall-frame-set-horizontal-or-vertical-display-collage-wall-decor,shopify_US_7297968046150_43739387265094
description contradicts title size,description quotes 8x10 but the title says 16x20 -- trust 16x20,4x4 | Picture Frame | Black | Modern - Premium Quality 16 x 20 Matted to 12 x 16 / Black,16x20,Picture Frame,00810131993443,,10.99,yes,https://americanflat.com/products/picture-frame-set-of-5-gallery-wall-frame-set-horizontal-or-vertical-display-collage-wall-decor,shopify_US_7297968046150_43759186575430
description contradicts title size,description quotes 8x10 but the title says 16x24 -- trust 16x24,4x4 | Picture Frame | Black | Modern - Premium Quality 16 x 24 / Black,16x24,Picture Frame,00810131993832,,52.99,yes,https://americanflat.com/products/picture-frame-set-of-5-gallery-wall-frame-set-horizontal-or-vertical-display-collage-wall-decor,shopify_US_7297968046150_43739387527238
description contradicts title size,description quotes 8x10 but the title says 4x4 -- trust 4x4,4x4 | Picture Frame | Black | Modern - Premium Quality 4 x 4 / Black,4x4,Picture Frame,00810131993351,,14.99,yes,https://americanflat.com/products/picture-frame-set-of-5-gallery-wall-frame-set-horizontal-or-vertical-display-collage-wall-decor,shopify_US_7297968046150_43739384840262
description contradicts title size,description quotes 8x10 but the title says 5x7 -- trust 5x7,4x4 | Picture Frame | Black | Modern - Premium Quality 5 x 7 / Black,5x7,Picture Frame,00810131993368,,12.99,yes,https://americanflat.com/products/picture-frame-set-of-5-gallery-wall-frame-set-horizontal-or-vertical-display-collage-wall-decor,shopify_US_7297968046150_43739384873030
description contradicts title size,description quotes 8x10 but the title says 5x7 -- trust 5x7,4x4 | Picture Frame | Black | Modern - Premium Quality 5 x 7 / Mahogany,5x7,Picture Frame,00810131995720,,10.99,yes,https://americanflat.com/products/picture-frame-set-of-5-gallery-wall-frame-set-horizontal-or-vertical-display-collage-wall-decor,shopify_US_7297968046150_43739384905798
description contradicts title size,description quotes 8x10 but the title says 7x7 -- trust 7x7,4x4 | Picture Frame | Black | Modern - Premium Quality 7 x 7 / Black,7x7,Picture Frame,00810131993757,,10.99,yes,https://americanflat.com/products/picture-frame-set-of-5-gallery-wall-frame-set-horizontal-or-vertical-display-collage-wall-decor,shopify_US_7297968046150_43739384971334
description contradicts title size,description quotes 8x10 but the title says 7x7 -- trust 7x7,4x4 | Picture Frame | Black | Modern - Premium Quality 7 x 7 / Mahogany,7x7,Picture Frame,00810131995768,,10.99,yes,https://americanflat.com/products/picture-frame-set-of-5-gallery-wall-frame-set-horizontal-or-vertical-display-collage-wall-decor,shopify_US_7297968046150_43739385004102
description contradicts title size,description quotes 8x10 but the title says 7x7 -- trust 7x7,4x4 | Picture Frame | Black | Modern - Premium Quality 7 x 7 / White,7x7,Picture Frame,00810131995782,,10.99,yes,https://americanflat.com/products/picture-frame-set-of-5-gallery-wall-frame-set-horizontal-or-vertical-display-collage-wall-decor,shopify_US_7297968046150_43739385036870
description contradicts title size,description quotes 8x10 but the title says 8x11 -- trust 8x11,4x4 | Picture Frame | Black | Modern - Premium Quality 8 x 11 / Black,8x11,Picture Frame,00810131993382,,21.99,no,https://americanflat.com/products/picture-frame-set-of-5-gallery-wall-frame-set-horizontal-or-vertical-display-collage-wall-decor,shopify_US_7297968046150_43739385299014
description contradicts title size,description quotes 8x10 but the title says 8x12 -- trust 8x12,4x4 | Picture Frame | Black | Modern - Premium Quality 8 x 12 / Black,8x12,Picture Frame,00850036466147,,10.99,yes,https://americanflat.com/products/picture-frame-set-of-5-gallery-wall-frame-set-horizontal-or-vertical-display-collage-wall-decor,shopify_US_7297968046150_43739385331782
description contradicts title size,description quotes 8x10 but the title says 8x12 -- trust 8x12,4x4 | Picture Frame | Black | Modern - Premium Quality 8 x 12 / Gold,8x12,Picture Frame,00198301007399,,10.99,yes,https://americanflat.com/products/picture-frame-set-of-5-gallery-wall-frame-set-horizontal-or-vertical-display-collage-wall-decor,shopify_US_7297968046150_43739385430086
description contradicts title size,description quotes 8x10 but the title says 8x12 -- trust 8x12,4x4 | Picture Frame | Black | Modern - Premium Quality 8 x 12 / White,8x12,Picture Frame,00850036466239,,24.99,yes,https://americanflat.com/products/picture-frame-set-of-5-gallery-wall-frame-set-horizontal-or-vertical-display-collage-wall-decor,shopify_US_7297968046150_43739385397318
description contradicts title size,description quotes 8x10 but the title says 8x8 -- trust 8x8,4x4 | Picture Frame | Black | Modern - Premium Quality 8 x 8 / Black,8x8,Picture Frame,00810131998820,,10.99,yes,https://americanflat.com/products/picture-frame-set-of-5-gallery-wall-frame-set-horizontal-or-vertical-display-collage-wall-decor,shopify_US_7297968046150_43739385069638
description contradicts title size,description quotes 8x10 but the title says 8.5x11 -- trust 8.5x11,4x4 | Picture Frame | Black | Modern - Premium Quality 8.5 x 11 / Black,8.5x11,Picture Frame,00850039096426,,10.99,yes,https://americanflat.com/products/picture-frame-set-of-5-gallery-wall-frame-set-horizontal-or-vertical-display-collage-wall-decor,shopify_US_7297968046150_43739385528390
description contradicts title size,description quotes 8x10 but the title says 8.5x11 -- trust 8.5x11,4x4 | Picture Frame | Black | Modern - Premium Quality 8.5 x 11 / White,8.5x11,Picture Frame,00850039096525,,10.99,yes,https://americanflat.com/products/picture-frame-set-of-5-gallery-wall-frame-set-horizontal-or-vertical-display-collage-wall-decor,shopify_US_7297968046150_43739385561158
description contradicts title size,description quotes 8x10 but the title says 9x12 -- trust 9x12,4x4 | Picture Frame | Black | Modern - Premium Quality 9 x 12 / Black,9x12,Picture Frame,00850036466154,,10.99,yes,https://americanflat.com/products/picture-frame-set-of-5-gallery-wall-frame-set-horizontal-or-vertical-display-collage-wall-decor,shopify_US_7297968046150_43739385790534
description contradicts title size,description quotes 8x10 but the title says 9x12 -- trust 9x12,4x4 | Picture Frame | Black | Modern - Premium Quality 9 x 12 / Brown,9x12,Picture Frame,00850036466338,,26.99,yes,https://americanflat.com/products/picture-frame-set-of-5-gallery-wall-frame-set-horizontal-or-vertical-display-collage-wall-decor,shopify_US_7297968046150_43739385823302
description contradicts title size,description quotes 8x10 but the title says 9x12 -- trust 9x12,4x4 | Picture Frame | Black | Modern - Premium Quality 9 x 12 / White,9x12,Picture Frame,00850036466246,,10.99,yes,https://americanflat.com/products/picture-frame-set-of-5-gallery-wall-frame-set-horizontal-or-vertical-display-collage-wall-decor,shopify_US_7297968046150_43739385856070
description contradicts title size,description quotes 8x10 but the title says 9x9 -- trust 9x9,4x4 | Picture Frame | Black | Modern - Premium Quality 9 x 9 / Mahogany,9x9,Picture Frame,00810131995829,,25.99,yes,https://americanflat.com/products/picture-frame-set-of-5-gallery-wall-frame-set-horizontal-or-vertical-display-collage-wall-decor,shopify_US_7297968046150_43739385724998
description contradicts title size,description quotes 8x10 but the title says 9x9 -- trust 9x9,4x4 | Picture Frame | Black | Modern - Premium Quality 9 x 9 / White,9x9,Picture Frame,00810131995843,,10.99,yes,https://americanflat.com/products/picture-frame-set-of-5-gallery-wall-frame-set-horizontal-or-vertical-display-collage-wall-decor,shopify_US_7297968046150_43739385757766
description contradicts title size,description quotes 8x10 but the title says 4x6 -- trust 4x6,4x6 | Picture Frame | Charcoal | Modern - Premium Quality 3-openings / 4x6 / Charcoal Black,4x6,Picture Frame,00789075280622,,12.99,yes,https://americanflat.com/products/rustic-distressed-picture-frame-with-textured-wood-and-polished-glass,shopify_US_6999848058950_41074709856326
description contradicts title size,"description quotes 4x6, 5x7, 8x10 but the title says 8x8 -- trust 8x8",4x6 | Picture Frame | Set of 6 | Black | Modern - Premium Quality 8x8 / Black / 9 Pack,8x8,Picture Frame,00198301001984,,39.99,no,https://americanflat.com/products/gallery-wall-picture-frames-sets,shopify_US_8358559940678_44916367884358
description contradicts title size,description quotes 8x10 but the title says 5x7 -- trust 5x7,5x7 | Metropolitan Matted Picture Frame | 6 Pack | Americanflat,5x7,Picture Frame,00198301002912,,36.99,yes,https://americanflat.com/products/abs-plexiglass-picture-frames,shopify_US_7294297571398_46108704047174
description contradicts title size,description quotes 8x10 but the title says 5x7 -- trust 5x7,5x7 | Metropolitan Picture Frame | 6 Pack | Americanflat,5x7,Picture Frame,00198301002929,,35.99,yes,https://americanflat.com/products/abs-plexiglass-picture-frames,shopify_US_7294297571398_46108703981638
description contradicts title size,description quotes 16x20 but the title says 6x14 -- trust 6x14,6x14 | Black | Signature Matted Engineered Wood Collage Frame | Americanflat,6x14,Collage Frame,00198301010566,,28.99,no,https://americanflat.com/products/americanflat-16x20-collage-picture-frame-fits-one-6x8-four-5x7-and-four-4x4-photos-or-one-16x20-photo,shopify_US_7607908040774_46127205613638
description contradicts title size,description quotes 4x6 but the title says 6x14 -- trust 6x14,6x14 | Double Picture Frame | Black | Modern - Premium Quality 6x14 / Black / White,6x14,Picture Frame,00198301010214,,11.99,yes,https://americanflat.com/products/americanflat-signature-double-frame-two-4x6-shatter-resistant,shopify_US_7973639290950_43873796194374
description contradicts title size,description quotes 16x20 but the title says 6x14 -- trust 6x14,6x14 | Matted to 4x6 | Black | Signature Matted Engineered Wood Collage Frame | Americanflat,6x14,Collage Frame,00198301010566,MP-MDF-CF-0614-BLACK-246,28.99,no,https://americanflat.com/products/americanflat-16x20-collage-picture-frame-fits-one-6x8-four-5x7-and-four-4x4-photos-or-one-16x20-photo,shopify_US_7607908040774_46243812966470
description contradicts title size,description quotes 16x20 but the title says 6x14 -- trust 6x14,6x14 | Matted to 4x6 | White | Signature Matted Engineered Wood Collage Frame | Americanflat,6x14,Collage Frame,00198301010702,MP-MDF-CF-0614-WHITE-246,28.99,no,https://americanflat.com/products/americanflat-16x20-collage-picture-frame-fits-one-6x8-four-5x7-and-four-4x4-photos-or-one-16x20-photo,shopify_US_7607908040774_46243812999238
description contradicts title size,description quotes 16x20 but the title says 6x14 -- trust 6x14,6x14 | White | Signature Matted Engineered Wood Collage Frame | Americanflat,6x14,Collage Frame,00198301010702,,28.99,no,https://americanflat.com/products/americanflat-16x20-collage-picture-frame-fits-one-6x8-four-5x7-and-four-4x4-photos-or-one-16x20-photo,shopify_US_7607908040774_46127205646406
description contradicts title size,description quotes 16x20 but the title says 6x20 -- trust 6x20,6x20 | Black | Signature Matted Engineered Wood Collage Frame | 3 Opening | Americanflat,6x20,Collage Frame,00198301010238,CF0620BLK346,15.99,yes,https://americanflat.com/products/americanflat-16x20-collage-picture-frame-fits-one-6x8-four-5x7-and-four-4x4-photos-or-one-16x20-photo,shopify_US_7607908040774_46243813032006
description contradicts title size,description quotes 16x20 but the title says 6x20 -- trust 6x20,6x20 | Black | Signature Matted Engineered Wood Collage Frame | Americanflat,6x20,Collage Frame,00198301010238,,18.99,yes,https://americanflat.com/products/americanflat-16x20-collage-picture-frame-fits-one-6x8-four-5x7-and-four-4x4-photos-or-one-16x20-photo,shopify_US_7607908040774_46127205679174
description contradicts title size,description quotes 16x20 but the title says 6x20 -- trust 6x20,"6x20 | White | Signature Engineered Wood Collage Frame, Tabletop | Americanflat",6x20,Collage Frame,00198301010726,MP-MDF-CF-0620-WHITE-346,16.9,no,https://americanflat.com/products/americanflat-16x20-collage-picture-frame-fits-one-6x8-four-5x7-and-four-4x4-photos-or-one-16x20-photo,shopify_US_7607908040774_46243813064774
description contradicts title size,description quotes 16x20 but the title says 6x20 -- trust 6x20,6x20 | White | Signature Matted Engineered Wood Collage Frame | Americanflat,6x20,Collage Frame,00198301010726,,16.9,no,https://americanflat.com/products/americanflat-16x20-collage-picture-frame-fits-one-6x8-four-5x7-and-four-4x4-photos-or-one-16x20-photo,shopify_US_7607908040774_46127205711942
description contradicts title size,description quotes 8.5x11 but the title says 11.5x14 -- trust 11.5x14,8.5x11 | Black | Document Frame | Signature 11.5x14 / Black,11.5x14,Picture Frame,00810131995645,,17.99,yes,https://americanflat.com/products/8-5x11-diploma-frame-use-as-diploma-frame-or-certificate-frame-with-shatter-resistant-glass-for-wall-and-tabletop,shopify_US_7303993622598_45062625132614
description contradicts title size,description quotes 16x20 but the title says 8x16 -- trust 8x16,8x16 | Black | Signature Matted Engineered Wood Collage Frame | 3 Opening | Americanflat,8x16,Collage Frame,00791398906264,MW0816BK3,14.99,yes,https://americanflat.com/products/americanflat-16x20-collage-picture-frame-fits-one-6x8-four-5x7-and-four-4x4-photos-or-one-16x20-photo,shopify_US_7607908040774_46243812376646
description contradicts title size,description quotes 16x20 but the title says 8x16 -- trust 8x16,8x16 | Driftwood | Signature Matted Engineered Wood Collage Frame | 3 Opening | Americanflat,8x16,Collage Frame,00850038117184,MW0816DWOOD3,12.99,yes,https://americanflat.com/products/americanflat-16x20-collage-picture-frame-fits-one-6x8-four-5x7-and-four-4x4-photos-or-one-16x20-photo,shopify_US_7607908040774_46243812016198
description contradicts title size,description quotes 16x20 but the title says 8x16 -- trust 8x16,8x16 | Lightwood | Signature Matted Engineered Wood Collage Frame | 3 Opening | Americanflat,8x16,Collage Frame,00850038117191,MW0816LWOOD3,8.99,yes,https://americanflat.com/products/americanflat-16x20-collage-picture-frame-fits-one-6x8-four-5x7-and-four-4x4-photos-or-one-16x20-photo,shopify_US_7607908040774_46243812048966
description contradicts title size,description quotes 16x20 but the title says 8x16 -- trust 8x16,8x16 | Walnut | Signature Matted Engineered Wood Collage Frame | 3 Opening | Americanflat,8x16,Collage Frame,00850038117207,MW0816WALNUT3,12.99,yes,https://americanflat.com/products/americanflat-16x20-collage-picture-frame-fits-one-6x8-four-5x7-and-four-4x4-photos-or-one-16x20-photo,shopify_US_7607908040774_46243811983430
description contradicts title size,description quotes 16x20 but the title says 8x16 -- trust 8x16,8x16 | White | Signature Matted Engineered Wood Collage Frame | 3 Opening | Americanflat,8x16,Collage Frame,00850038117214,MW0816WHT3,12.99,yes,https://americanflat.com/products/americanflat-16x20-collage-picture-frame-fits-one-6x8-four-5x7-and-four-4x4-photos-or-one-16x20-photo,shopify_US_7607908040774_46243812081734
description contradicts title size,description quotes 4x6 but the title says 10x10 -- trust 10x10,8x20 | Black | Picture Frame | Signature 10x10 / Walnut,10x10,Picture Frame,00850038117368,,12.99,yes,https://americanflat.com/products/collage-picture-frame-displays-four-4x6-or-4x4-pictures-engineered-wood-shatter-resistant-glass,shopify_US_7303471595590_41107059540038
description contradicts title size,description quotes 4x6 but the title says 8x20 -- trust 8x20,8x20 | Black | Picture Frame | Signature 8x20 / Walnut,8x20,Picture Frame,00850038117283,,18.99,yes,https://americanflat.com/products/collage-picture-frame-displays-four-4x6-or-4x4-pictures-engineered-wood-shatter-resistant-glass,shopify_US_7303471595590_41107059671110
description contradicts title size,description quotes 16x20 but the title says 8x20 -- trust 8x20,8x20 | Matted to 4x6 | Black | Signature Matted Engineered Wood Collage Frame | 4 Opening | Americanflat,8x20,Collage Frame,00791398927054,MW0820BK446,18.99,yes,https://americanflat.com/products/americanflat-16x20-collage-picture-frame-fits-one-6x8-four-5x7-and-four-4x4-photos-or-one-16x20-photo,shopify_US_7607908040774_46243812507718
description contradicts title size,description quotes 16x20 but the title says 8x20 -- trust 8x20,8x20 | Matted to 4x6 | Driftwood | Signature Matted Engineered Wood Collage Frame | 4 Opening | Americanflat,8x20,Collage Frame,00850038117269,MW0820DWOOD446,18.99,yes,https://americanflat.com/products/americanflat-16x20-collage-picture-frame-fits-one-6x8-four-5x7-and-four-4x4-photos-or-one-16x20-photo,shopify_US_7607908040774_46243811786822
description contradicts title size,description quotes 16x20 but the title says 8x20 -- trust 8x20,8x20 | Matted to 4x6 | Lightwood | Signature Matted Engineered Wood Collage Frame | 4 Opening | Americanflat,8x20,Collage Frame,00850038117276,MW0820LWOOD446,18.99,yes,https://americanflat.com/products/americanflat-16x20-collage-picture-frame-fits-one-6x8-four-5x7-and-four-4x4-photos-or-one-16x20-photo,shopify_US_7607908040774_46243811885126
description contradicts title size,description quotes 16x20 but the title says 8x20 -- trust 8x20,8x20 | Matted to 4x6 | Walnut | Signature Matted Engineered Wood Collage Frame | 4 Opening | Americanflat,8x20,Collage Frame,00850038117283,MW0820WALNUT446,18.99,no,https://americanflat.com/products/americanflat-16x20-collage-picture-frame-fits-one-6x8-four-5x7-and-four-4x4-photos-or-one-16x20-photo,shopify_US_7607908040774_46243811852358
description contradicts title size,description quotes 16x20 but the title says 8x20 -- trust 8x20,8x20 | Matted to 4x6 | White | Signature Matted Engineered Wood Collage Frame | 4 Opening | Americanflat,8x20,Collage Frame,00850038117290,MW0820WHT446,18.99,yes,https://americanflat.com/products/americanflat-16x20-collage-picture-frame-fits-one-6x8-four-5x7-and-four-4x4-photos-or-one-16x20-photo,shopify_US_7607908040774_46243811819590
description contradicts title size,description quotes 16x20 but the title says 8x24 -- trust 8x24,8x24 | Matted to 4x6 | Black | Signature Matted Engineered Wood Collage Frame | 5 Opening | Americanflat,8x24,Collage Frame,00791398927078,MW0824BK546,19.99,yes,https://americanflat.com/products/americanflat-16x20-collage-picture-frame-fits-one-6x8-four-5x7-and-four-4x4-photos-or-one-16x20-photo,shopify_US_7607908040774_46243812409414
description contradicts title size,description quotes 16x20 but the title says 8x24 -- trust 8x24,8x24 | Matted to 4x6 | Driftwood | Signature Matted Engineered Wood Collage Frame | 5 Opening | Americanflat,8x24,Collage Frame,00850038117306,MW0824DWOOD546,19.99,yes,https://americanflat.com/products/americanflat-16x20-collage-picture-frame-fits-one-6x8-four-5x7-and-four-4x4-photos-or-one-16x20-photo,shopify_US_7607908040774_46243812114502
description contradicts title size,description quotes 16x20 but the title says 8x24 -- trust 8x24,8x24 | Matted to 4x6 | Lightwood | Signature Matted Engineered Wood Collage Frame | 5 Opening | Americanflat,8x24,Collage Frame,00850038117313,MW0824LWOOD546,19.99,yes,https://americanflat.com/products/americanflat-16x20-collage-picture-frame-fits-one-6x8-four-5x7-and-four-4x4-photos-or-one-16x20-photo,shopify_US_7607908040774_46243812147270
description contradicts title size,description quotes 16x20 but the title says 8x24 -- trust 8x24,8x24 | Matted to 4x6 | Walnut | Signature Matted Engineered Wood Collage Frame | 5 Opening | Americanflat,8x24,Collage Frame,00850038117320,MW0824WALNUT546,19.99,yes,https://americanflat.com/products/americanflat-16x20-collage-picture-frame-fits-one-6x8-four-5x7-and-four-4x4-photos-or-one-16x20-photo,shopify_US_7607908040774_46243812474950
description contradicts title size,description quotes 16x20 but the title says 8x24 -- trust 8x24,8x24 | Matted to 4x6 | White | Signature Matted Engineered Wood Collage Frame | 5 Opening | Americanflat,8x24,Collage Frame,00850038117337,MW0824WHT546,19.99,yes,https://americanflat.com/products/americanflat-16x20-collage-picture-frame-fits-one-6x8-four-5x7-and-four-4x4-photos-or-one-16x20-photo,shopify_US_7607908040774_46243812442182
description contradicts title size,"description quotes 11x14, 7.5x9.5, 8x10 but the title says 16x20 -- trust 16x20",Americanflat Picture Frame | Horizontal & Vertical Formats | Wall Display Black / 16x20,16x20,Framed Print,00810131996321,,29.99,no,https://americanflat.com/products/americanflat-picture-frame-horizontal-vertical-formats-wall-display,shopify_US_7266110079046_44860307734598
description contradicts title size,"description quotes 11x14, 7.5x9.5, 8x10 but the title says 16x20 -- trust 16x20",Americanflat Picture Frame | Horizontal & Vertical Formats | Wall Display Driftwood / 16x20,16x20,Framed Print,00810131996376,,29.99,no,https://americanflat.com/products/americanflat-picture-frame-horizontal-vertical-formats-wall-display,shopify_US_7266110079046_44860307767366
description contradicts title size,"description quotes 11x14, 7.5x9.5, 8x10 but the title says 16x20 -- trust 16x20",Americanflat Picture Frame | Horizontal & Vertical Formats | Wall Display Gold / 16x20,16x20,Framed Print,00810131996390,,29.99,no,https://americanflat.com/products/americanflat-picture-frame-horizontal-vertical-formats-wall-display,shopify_US_7266110079046_44860307832902
description contradicts title size,"description quotes 11x14, 7.5x9.5, 8x10 but the title says 16x20 -- trust 16x20",Americanflat Picture Frame | Horizontal & Vertical Formats | Wall Display Oak / 16x20,16x20,Framed Print,00810131996383,,29.99,no,https://americanflat.com/products/americanflat-picture-frame-horizontal-vertical-formats-wall-display,shopify_US_7266110079046_44860307800134
description contradicts title size,"description quotes 11x14, 7.5x9.5, 8x10 but the title says 16x20 -- trust 16x20",Americanflat Picture Frame | Horizontal & Vertical Formats | Wall Display Silver / 16x20,16x20,Framed Print,00810131996406,,29.99,no,https://americanflat.com/products/americanflat-picture-frame-horizontal-vertical-formats-wall-display,shopify_US_7266110079046_44860307865670
description contradicts title size,"description quotes 11x14, 7.5x9.5, 8x10 but the title says 16x20 -- trust 16x20",Americanflat Picture Frame | Horizontal & Vertical Formats | Wall Display Walnut / 16x20,16x20,Framed Print,00810131996413,,29.99,no,https://americanflat.com/products/americanflat-picture-frame-horizontal-vertical-formats-wall-display,shopify_US_7266110079046_44860307898438
description contradicts title size,"description quotes 11x14, 7.5x9.5, 8x10 but the title says 16x20 -- trust 16x20",Americanflat Picture Frame | Horizontal & Vertical Formats | Wall Display White / 16x20,16x20,Framed Print,00810131996420,,29.99,no,https://americanflat.com/products/americanflat-picture-frame-horizontal-vertical-formats-wall-display,shopify_US_7266110079046_44860307931206
description contradicts title size,description quotes 4x6 but the title says 6x14 -- trust 6x14,Collage Picture Frame | 6x14 with 4x6 Mat | Black | Document Certificate Display,6x14,Picture Frame,00198301010566,,28.99,no,https://americanflat.com/products/collage-picture-frame-multi-photo-display-with-removable-mat-wall-decor,shopify_US_8398589952070_45047871537222
description contradicts title size,description quotes 4x6 but the title says 6x14 -- trust 6x14,Collage Picture Frame | 6x14 with 4x6 Mat | White | Document Certificate Display,6x14,Picture Frame,00198301010702,,28.99,yes,https://americanflat.com/products/collage-picture-frame-multi-photo-display-with-removable-mat-wall-decor,shopify_US_8398589952070_45047871569990
description contradicts title size,description quotes 8.5x11 but the title says 11x16 -- trust 11x16,Diploma Frame | 11x16 | Black | Shatter-Resistant Glass Tabletop Wall Display,11x16,Picture Frame,00810029112420,,27.99,yes,https://americanflat.com/products/13x13-graduation-frame-in-black-with-2-opening-mats-use-as-8x10-picture-frame-and-tassel-holder,shopify_US_7303998275654_45211837694022
description contradicts title size,description quotes 8.5x11 but the title says 11x16 -- trust 11x16,Diploma Frame | 11x16 | Driftwood | Shatter-Resistant Glass Gallery Wall Decor,11x16,Picture Frame,00850038117085,,29.99,yes,https://americanflat.com/products/13x13-graduation-frame-in-black-with-2-opening-mats-use-as-8x10-picture-frame-and-tassel-holder,shopify_US_7303998275654_45211837726790
description contradicts title size,description quotes 8.5x11 but the title says 11x16 -- trust 11x16,Diploma Frame | 11x16 | Light Wood | Shatter-Resistant Glass Gallery Wall Decor,11x16,Picture Frame,00850038117092,,20.99,yes,https://americanflat.com/products/13x13-graduation-frame-in-black-with-2-opening-mats-use-as-8x10-picture-frame-and-tassel-holder,shopify_US_7303998275654_45211837759558
description contradicts title size,description quotes 8.5x11 but the title says 11x16 -- trust 11x16,Diploma Frame | 11x16 | Silver | Shatter-Resistant Glass Tabletop Wall Display,11x16,Picture Frame,00850038117078,,29.99,yes,https://americanflat.com/products/13x13-graduation-frame-in-black-with-2-opening-mats-use-as-8x10-picture-frame-and-tassel-holder,shopify_US_7303998275654_45211837792326
description contradicts title size,description quotes 8.5x11 but the title says 11x16 -- trust 11x16,Diploma Frame | 11x16 | Walnut | Shatter-Resistant Glass Tabletop Wall Display,11x16,Picture Frame,00850038117108,,20.99,yes,https://americanflat.com/products/13x13-graduation-frame-in-black-with-2-opening-mats-use-as-8x10-picture-frame-and-tassel-holder,shopify_US_7303998275654_45211837825094
description contradicts title size,description quotes 8.5x11 but the title says 11x18 -- trust 11x18,Diploma Frame | 11x18 | Black | Shatter-Resistant Glass Tabletop Wall Display,11x18,Picture Frame,00198301199155,,24.99,yes,https://americanflat.com/products/13x13-graduation-frame-in-black-with-2-opening-mats-use-as-8x10-picture-frame-and-tassel-holder,shopify_US_7303998275654_45211837857862
description contradicts title size,description quotes 8.5x11 but the title says 11x18 -- trust 11x18,Diploma Frame | 11x18 | Dark Oak | Shatter-Resistant Glass Tabletop Wall Display,11x18,Picture Frame,00198301199179,,26.99,yes,https://americanflat.com/products/13x13-graduation-frame-in-black-with-2-opening-mats-use-as-8x10-picture-frame-and-tassel-holder,shopify_US_7303998275654_45211837923398
description contradicts title size,description quotes 8.5x11 but the title says 11x18 -- trust 11x18,Diploma Frame | 11x18 | Gold | Shatter-Resistant Glass Tabletop Wall Display,11x18,Picture Frame,00198301199209,,26.99,yes,https://americanflat.com/products/13x13-graduation-frame-in-black-with-2-opening-mats-use-as-8x10-picture-frame-and-tassel-holder,shopify_US_7303998275654_45211838349382
description contradicts title size,description quotes 8.5x11 but the title says 11x18 -- trust 11x18,Diploma Frame | 11x18 | Walnut | Shatter-Resistant Glass Tabletop Wall Display,11x18,Picture Frame,00198301199162,,26.99,yes,https://americanflat.com/products/13x13-graduation-frame-in-black-with-2-opening-mats-use-as-8x10-picture-frame-and-tassel-holder,shopify_US_7303998275654_45211837890630
description contradicts title size,description quotes 8x10 but the title says 13x13 -- trust 13x13,Diploma Frame | 13x13 | Black | Shatter-Resistant Glass Tabletop Wall Display,13x13,Picture Frame,00810029112437,,19.99,yes,https://americanflat.com/products/13x13-graduation-frame-in-black-with-2-opening-mats-use-as-8x10-picture-frame-and-tassel-holder,shopify_US_7303998275654_41109604106310
description contradicts title size,description quotes 8x10 but the title says 13x13 -- trust 13x13,Diploma Frame | 13x13 | Dark Oak | Shatter-Resistant Glass Tabletop Wall Display,13x13,Picture Frame,00850038117054,,19.99,no,https://americanflat.com/products/13x13-graduation-frame-in-black-with-2-opening-mats-use-as-8x10-picture-frame-and-tassel-holder,shopify_US_7303998275654_41109604204614
description contradicts title size,description quotes 8x10 but the title says 13x13 -- trust 13x13,Diploma Frame | 13x13 | Driftwood | Shatter-Resistant Glass Gallery Wall Decor,13x13,Picture Frame,00850038117023,,27.99,yes,https://americanflat.com/products/13x13-graduation-frame-in-black-with-2-opening-mats-use-as-8x10-picture-frame-and-tassel-holder,shopify_US_7303998275654_41109604139078
description contradicts title size,description quotes 8x10 but the title says 13x13 -- trust 13x13,Diploma Frame | 13x13 | Gold | Shatter-Resistant Glass Tabletop Wall Display,13x13,Picture Frame,00850038117009,,27.99,yes,https://americanflat.com/products/13x13-graduation-frame-in-black-with-2-opening-mats-use-as-8x10-picture-frame-and-tassel-holder,shopify_US_7303998275654_41109604237382
description contradicts title size,description quotes 8x10 but the title says 13x13 -- trust 13x13,Diploma Frame | 13x13 | Light Wood | Shatter-Resistant Glass Gallery Wall Decor,13x13,Picture Frame,00850038117030,,24.99,yes,https://americanflat.com/products/13x13-graduation-frame-in-black-with-2-opening-mats-use-as-8x10-picture-frame-and-tassel-holder,shopify_US_7303998275654_41109604270150
description contradicts title size,description quotes 8x10 but the title says 13x13 -- trust 13x13,Diploma Frame | 13x13 | Silver | Shatter-Resistant Glass Tabletop Wall Display,13x13,Picture Frame,00850038117016,,22.99,no,https://americanflat.com/products/13x13-graduation-frame-in-black-with-2-opening-mats-use-as-8x10-picture-frame-and-tassel-holder,shopify_US_7303998275654_41109604302918
description contradicts title size,description quotes 8x10 but the title says 13x13 -- trust 13x13,Diploma Frame | 13x13 | Walnut | Shatter-Resistant Glass Tabletop Wall Display,13x13,Picture Frame,00850038117047,,19.99,yes,https://americanflat.com/products/13x13-graduation-frame-in-black-with-2-opening-mats-use-as-8x10-picture-frame-and-tassel-holder,shopify_US_7303998275654_41109604171846
description contradicts title size,description quotes 8x10 but the title says 12x17 -- trust 12x17,Epic Poster Frame 12x17 / Black,12x17,Poster Frame,00810131996116,,19.99,yes,https://americanflat.com/products/epic-poster-frame-unmatted,shopify_US_8432881336390_45207309713478
description contradicts title size,description quotes 8x10 but the title says 12x18 -- trust 12x18,Epic Poster Frame 12x18 / Black,12x18,Poster Frame,00789075280424,,19.99,no,https://americanflat.com/products/epic-poster-frame-unmatted,shopify_US_8432881336390_45207312564294
description contradicts title size,description quotes 8x10 but the title says 12x18 -- trust 12x18,Epic Poster Frame 12x18 / Dark Oak,12x18,Poster Frame,00810029117272,,21.99,yes,https://americanflat.com/products/epic-poster-frame-unmatted,shopify_US_8432881336390_45207308173382
description contradicts title size,description quotes 8x10 but the title says 12x18 -- trust 12x18,Epic Poster Frame 12x18 / Driftwood,12x18,Poster Frame,00810029119658,,21.99,no,https://americanflat.com/products/epic-poster-frame-unmatted,shopify_US_8432881336390_45207312891974
description contradicts title size,description quotes 8x10 but the title says 12x18 -- trust 12x18,Epic Poster Frame 12x18 / Gold,12x18,Poster Frame,00810029119634,,21.99,yes,https://americanflat.com/products/epic-poster-frame-unmatted,shopify_US_8432881336390_45207308206150
description contradicts title size,description quotes 8x10 but the title says 12x18 -- trust 12x18,Epic Poster Frame 12x18 / Light Wood,12x18,Poster Frame,00810029119627,,21.99,yes,https://americanflat.com/products/epic-poster-frame-unmatted,shopify_US_8432881336390_45207308107846
description contradicts title size,description quotes 8x10 but the title says 12x18 -- trust 12x18,Epic Poster Frame 12x18 / Mahogany,12x18,Poster Frame,00810029114721,,21.99,yes,https://americanflat.com/products/epic-poster-frame-unmatted,shopify_US_8432881336390_45207308140614
description contradicts title size,description quotes 8x10 but the title says 12x18 -- trust 12x18,Epic Poster Frame 12x18 / Silver,12x18,Poster Frame,00198301199414,,21.99,no,https://americanflat.com/products/epic-poster-frame-unmatted,shopify_US_8432881336390_45207312793670
description contradicts title size,description quotes 8x10 but the title says 12x18 -- trust 12x18,Epic Poster Frame 12x18 / Walnut,12x18,Poster Frame,00810029119658,,21.99,no,https://americanflat.com/products/epic-poster-frame-unmatted,shopify_US_8432881336390_45207312859206
description contradicts title size,description quotes 8x10 but the title says 12x18 -- trust 12x18,Epic Poster Frame 12x18 / White,12x18,Poster Frame,00810029114639,,19.99,yes,https://americanflat.com/products/epic-poster-frame-unmatted,shopify_US_8432881336390_45207308238918
description contradicts title size,description quotes 8x10 but the title says 12x24 -- trust 12x24,Epic Poster Frame 12x24 / Black,12x24,Poster Frame,00810131996079,,26.99,yes,https://americanflat.com/products/epic-poster-frame-unmatted,shopify_US_8432881336390_45207309746246
description contradicts title size,description quotes 8x10 but the title says 13x16 -- trust 13x16,Epic Poster Frame 13x16 / Black,13x16,Poster Frame,00810131996130,,19.99,yes,https://americanflat.com/products/epic-poster-frame-unmatted,shopify_US_8432881336390_45207309779014
description contradicts title size,description quotes 8x10 but the title says 13x17 -- trust 13x17,Epic Poster Frame 13x17 / Black,13x17,Poster Frame,00810131996147,,19.99,yes,https://americanflat.com/products/epic-poster-frame-unmatted,shopify_US_8432881336390_45207309811782
description contradicts title size,description quotes 8x10 but the title says 13x18 -- trust 13x18,Epic Poster Frame 13x18 / Black,13x18,Poster Frame,00810131996154,,19.99,yes,https://americanflat.com/products/epic-poster-frame-unmatted,shopify_US_8432881336390_45207309844550
description contradicts title size,description quotes 8x10 but the title says 13x21 -- trust 13x21,Epic Poster Frame 13x21 / Black,13x21,Poster Frame,00810131998592,,31.99,yes,https://americanflat.com/products/epic-poster-frame-unmatted,shopify_US_8432881336390_45207309877318
description contradicts title size,description quotes 8x10 but the title says 13x22 -- trust 13x22,Epic Poster Frame 13x22 / Black,13x22,Poster Frame,00810131998608,,31.99,yes,https://americanflat.com/products/epic-poster-frame-unmatted,shopify_US_8432881336390_45207309910086
description contradicts title size,description quotes 8x10 but the title says 13x30 -- trust 13x30,Epic Poster Frame 13x30 / Black,13x30,Poster Frame,00810131998615,,34.99,yes,https://americanflat.com/products/epic-poster-frame-unmatted,shopify_US_8432881336390_45207309942854
description contradicts title size,description quotes 8x10 but the title says 13x36 -- trust 13x36,Epic Poster Frame 13x36 / Black,13x36,Poster Frame,00810131998622,,23.99,yes,https://americanflat.com/products/epic-poster-frame-unmatted,shopify_US_8432881336390_45207309975622
description contradicts title size,description quotes 8x10 but the title says 14x16 -- trust 14x16,Epic Poster Frame 14x16 / Black,14x16,Poster Frame,00810131996161,,25.99,yes,https://americanflat.com/products/epic-poster-frame-unmatted,shopify_US_8432881336390_45207310008390
description contradicts title size,description quotes 8x10 but the title says 14x17 -- trust 14x17,Epic Poster Frame 14x17 / Black,14x17,Poster Frame,00810131996178,,22.99,yes,https://americanflat.com/products/epic-poster-frame-unmatted,shopify_US_8432881336390_45207310041158
description contradicts title size,description quotes 8x10 but the title says 14x18 -- trust 14x18,Epic Poster Frame 14x18 / Black,14x18,Poster Frame,00810131998837,,20.99,yes,https://americanflat.com/products/epic-poster-frame-unmatted,shopify_US_8432881336390_45207310073926
description contradicts title size,description quotes 8x10 but the title says 14x19 -- trust 14x19,Epic Poster Frame 14x19 / Black,14x19,Poster Frame,00810131998844,,24.99,yes,https://americanflat.com/products/epic-poster-frame-unmatted,shopify_US_8432881336390_45207310106694
description contradicts title size,description quotes 8x10 but the title says 14x20 -- trust 14x20,Epic Poster Frame 14x20 / Black,14x20,Poster Frame,00810131998851,,25.99,yes,https://americanflat.com/products/epic-poster-frame-unmatted,shopify_US_8432881336390_45207310139462
description contradicts title size,description quotes 8x10 but the title says 14x22 -- trust 14x22,Epic Poster Frame 14x22 / Black,14x22,Poster Frame,00810131998868,,23.99,yes,https://americanflat.com/products/epic-poster-frame-unmatted,shopify_US_8432881336390_45207310172230
description contradicts title size,description quotes 8x10 but the title says 14x24 -- trust 14x24,Epic Poster Frame 14x24 / Black,14x24,Poster Frame,00810131998875,,29.99,yes,https://americanflat.com/products/epic-poster-frame-unmatted,shopify_US_8432881336390_45207310204998
description contradicts title size,description quotes 8x10 but the title says 15x20 -- trust 15x20,Epic Poster Frame 15x20 / Black,15x20,Poster Frame,00810131998882,,26.99,yes,https://americanflat.com/products/epic-poster-frame-unmatted,shopify_US_8432881336390_45207310237766
description contradicts title size,description quotes 8x10 but the title says 15x21 -- trust 15x21,Epic Poster Frame 15x21 / Black,15x21,Poster Frame,00810131996185,,26.99,yes,https://americanflat.com/products/epic-poster-frame-unmatted,shopify_US_8432881336390_45207310270534
description contradicts title size,description quotes 8x10 but the title says 15x22 -- trust 15x22,Epic Poster Frame 15x22 / Black,15x22,Poster Frame,00810131998899,,25.99,yes,https://americanflat.com/products/epic-poster-frame-unmatted,shopify_US_8432881336390_45207310303302
description contradicts title size,description quotes 8x10 but the title says 16x16 -- trust 16x16,Epic Poster Frame 16x16 / Black,16x16,Poster Frame,00810029116596,,21.99,yes,https://americanflat.com/products/epic-poster-frame-unmatted,shopify_US_8432881336390_45207310336070
description contradicts title size,description quotes 8x10 but the title says 16x16 -- trust 16x16,Epic Poster Frame 16x16 / White,16x16,Poster Frame,00810029116602,,21.99,yes,https://americanflat.com/products/epic-poster-frame-unmatted,shopify_US_8432881336390_45207310368838
description contradicts title size,description quotes 8x10 but the title says 16x20 -- trust 16x20,Epic Poster Frame 16x20 / Black,16x20,Poster Frame,00789075280356,,22.99,no,https://americanflat.com/products/epic-poster-frame-unmatted,shopify_US_8432881336390_45207312597062
description contradicts title size,description quotes 8x10 but the title says 16x20 -- trust 16x20,Epic Poster Frame 16x20 / Dark Oak,16x20,Poster Frame,00810029117036,,24.99,yes,https://americanflat.com/products/epic-poster-frame-unmatted,shopify_US_8432881336390_45207308369990
description contradicts title size,description quotes 8x10 but the title says 16x20 -- trust 16x20,Epic Poster Frame 16x20 / Driftwood,16x20,Poster Frame,00810029117012,,24.99,yes,https://americanflat.com/products/epic-poster-frame-unmatted,shopify_US_8432881336390_45207308271686
description contradicts title size,description quotes 8x10 but the title says 16x20 -- trust 16x20,Epic Poster Frame 16x20 / Gold,16x20,Poster Frame,00198301199506,,24.99,no,https://americanflat.com/products/epic-poster-frame-unmatted,shopify_US_8432881336390_45207312826438
description contradicts title size,description quotes 8x10 but the title says 16x20 -- trust 16x20,Epic Poster Frame 16x20 / Light Wood,16x20,Poster Frame,00810029117043,,24.99,yes,https://americanflat.com/products/epic-poster-frame-unmatted,shopify_US_8432881336390_45207308304454
description contradicts title size,description quotes 8x10 but the title says 16x20 -- trust 16x20,Epic Poster Frame 16x20 / Mahogany,16x20,Poster Frame,00810029114738,,24.99,yes,https://americanflat.com/products/epic-poster-frame-unmatted,shopify_US_8432881336390_45207308337222
description contradicts title size,description quotes 8x10 but the title says 16x20 -- trust 16x20,Epic Poster Frame 16x20 / Natural Oak,16x20,Poster Frame,00810131990305,,18.99,yes,https://americanflat.com/products/epic-poster-frame-unmatted,shopify_US_8432881336390_45207308435526
description contradicts title size,description quotes 8x10 but the title says 16x20 -- trust 16x20,Epic Poster Frame 16x20 / Silver,16x20,Poster Frame,00810029119696,,24.99,yes,https://americanflat.com/products/epic-poster-frame-unmatted,shopify_US_8432881336390_45207308402758
description contradicts title size,description quotes 8x10 but the title says 16x20 -- trust 16x20,Epic Poster Frame 16x20 / White,16x20,Poster Frame,00789075280400,,22.99,no,https://americanflat.com/products/epic-poster-frame-unmatted,shopify_US_8432881336390_45207312367686
description contradicts title size,description quotes 8x10 but the title says 16x22 -- trust 16x22,Epic Poster Frame 16x22 / Black,16x22,Poster Frame,00810131996086,,23.99,yes,https://americanflat.com/products/epic-poster-frame-unmatted,shopify_US_8432881336390_45207310401606
description contradicts title size,description quotes 8x10 but the title says 16x24 -- trust 16x24,Epic Poster Frame 16x24 / Black,16x24,Poster Frame,00810131990282,,27.99,yes,https://americanflat.com/products/epic-poster-frame-unmatted,shopify_US_8432881336390_45207310434374
description contradicts title size,description quotes 8x10 but the title says 16x24 -- trust 16x24,Epic Poster Frame 16x24 / White,16x24,Poster Frame,00198301383233,,27.99,no,https://americanflat.com/products/epic-poster-frame-unmatted,shopify_US_8432881336390_45207312400454
description contradicts title size,description quotes 8x10 but the title says 16x25 -- trust 16x25,Epic Poster Frame 16x25 / Black,16x25,Poster Frame,00810131998905,,34.99,no,https://americanflat.com/products/epic-poster-frame-unmatted,shopify_US_8432881336390_45207310467142
description contradicts title size,description quotes 8x10 but the title says 16x26 -- trust 16x26,Epic Poster Frame 16x26 / Black,16x26,Poster Frame,00810131998912,,37.99,yes,https://americanflat.com/products/epic-poster-frame-unmatted,shopify_US_8432881336390_45207310499910
description contradicts title size,description quotes 8x10 but the title says 16x28 -- trust 16x28,Epic Poster Frame 16x28 / Black,16x28,Poster Frame,00810131998929,,39.99,yes,https://americanflat.com/products/epic-poster-frame-unmatted,shopify_US_8432881336390_45207310532678
description contradicts title size,description quotes 8x10 but the title says 16x40 -- trust 16x40,Epic Poster Frame 16x40 / Black,16x40,Poster Frame,00198301386159,,49.99,no,https://americanflat.com/products/epic-poster-frame-unmatted,shopify_US_8432881336390_45207312760902
description contradicts title size,description quotes 8x10 but the title says 17x17 -- trust 17x17,Epic Poster Frame 17x17 / Black,17x17,Poster Frame,00850039095061,,25.99,yes,https://americanflat.com/products/epic-poster-frame-unmatted,shopify_US_8432881336390_45207310565446
description contradicts title size,description quotes 8x10 but the title says 17x19 -- trust 17x19,Epic Poster Frame 17x19 / Black,17x19,Poster Frame,00810131998936,,34.99,yes,https://americanflat.com/products/epic-poster-frame-unmatted,shopify_US_8432881336390_45207310598214
description contradicts title size,description quotes 8x10 but the title says 17x21 -- trust 17x21,Epic Poster Frame 17x21 / Black,17x21,Poster Frame,00810131996192,,28.99,yes,https://americanflat.com/products/epic-poster-frame-unmatted,shopify_US_8432881336390_45207310630982
description contradicts title size,description quotes 8x10 but the title says 17x22 -- trust 17x22,Epic Poster Frame 17x22 / Black,17x22,Poster Frame,00850039095078,,28.99,yes,https://americanflat.com/products/epic-poster-frame-unmatted,shopify_US_8432881336390_45207310663750
description contradicts title size,description quotes 8x10 but the title says 17x23 -- trust 17x23,Epic Poster Frame 17x23 / Black,17x23,Poster Frame,00810131998943,,28.99,yes,https://americanflat.com/products/epic-poster-frame-unmatted,shopify_US_8432881336390_45207310696518
description contradicts title size,description quotes 8x10 but the title says 17x24 -- trust 17x24,Epic Poster Frame 17x24 / Black,17x24,Poster Frame,00810131996208,,28.99,yes,https://americanflat.com/products/epic-poster-frame-unmatted,shopify_US_8432881336390_45207310729286
description contradicts title size,description quotes 8x10 but the title says 17x26 -- trust 17x26,Epic Poster Frame 17x26 / Black,17x26,Poster Frame,00810131998950,,34.99,yes,https://americanflat.com/products/epic-poster-frame-unmatted,shopify_US_8432881336390_45207310762054
description contradicts title size,description quotes 8x10 but the title says 18x18 -- trust 18x18,Epic Poster Frame 18x18 / Black,18x18,Poster Frame,00850039095085,,27.99,yes,https://americanflat.com/products/epic-poster-frame-unmatted,shopify_US_8432881336390_45207310794822
description contradicts title size,description quotes 8x10 but the title says 18x22 -- trust 18x22,Epic Poster Frame 18x22 / Black,18x22,Poster Frame,00810131996215,,20.99,yes,https://americanflat.com/products/epic-poster-frame-unmatted,shopify_US_8432881336390_45207310827590
description contradicts title size,description quotes 8x10 but the title says 18x24 -- trust 18x24,Epic Poster Frame 18x24 / Black,18x24,Poster Frame,00789075280363,,27.99,no,https://americanflat.com/products/epic-poster-frame-unmatted,shopify_US_8432881336390_45207312629830
description contradicts title size,description quotes 8x10 but the title says 18x24 -- trust 18x24,Epic Poster Frame 18x24 / Dark Oak,18x24,Poster Frame,00810029116978,,29.99,yes,https://americanflat.com/products/epic-poster-frame-unmatted,shopify_US_8432881336390_45207308599366
description contradicts title size,description quotes 8x10 but the title says 18x24 -- trust 18x24,Epic Poster Frame 18x24 / Driftwood,18x24,Poster Frame,00810029116954,,20.99,yes,https://americanflat.com/products/epic-poster-frame-unmatted,shopify_US_8432881336390_45207308501062
description contradicts title size,description quotes 8x10 but the title says 18x24 -- trust 18x24,Epic Poster Frame 18x24 / Gold,18x24,Poster Frame,00810029116930,,29.99,yes,https://americanflat.com/products/epic-poster-frame-unmatted,shopify_US_8432881336390_45207308664902
description contradicts title size,description quotes 8x10 but the title says 18x24 -- trust 18x24,Epic Poster Frame 18x24 / Gray,18x24,Poster Frame,00810029113106,,29.99,yes,https://americanflat.com/products/epic-poster-frame-unmatted,shopify_US_8432881336390_45207308468294
description contradicts title size,description quotes 8x10 but the title says 18x24 -- trust 18x24,Epic Poster Frame 18x24 / Light Wood,18x24,Poster Frame,00810029116985,,29.99,yes,https://americanflat.com/products/epic-poster-frame-unmatted,shopify_US_8432881336390_45207308533830
description contradicts title size,description quotes 8x10 but the title says 18x24 -- trust 18x24,Epic Poster Frame 18x24 / Mahogany,18x24,Poster Frame,00810029113090,,29.99,yes,https://americanflat.com/products/epic-poster-frame-unmatted,shopify_US_8432881336390_45207308566598
description contradicts title size,description quotes 8x10 but the title says 18x24 -- trust 18x24,Epic Poster Frame 18x24 / Natural Oak,18x24,Poster Frame,00810131990299,,29.99,yes,https://americanflat.com/products/epic-poster-frame-unmatted,shopify_US_8432881336390_45207308763206
description contradicts title size,description quotes 8x10 but the title says 18x24 -- trust 18x24,Epic Poster Frame 18x24 / Pine,18x24,Poster Frame,00810029113083,,29.99,yes,https://americanflat.com/products/epic-poster-frame-unmatted,shopify_US_8432881336390_45207308632134
description contradicts title size,description quotes 8x10 but the title says 18x24 -- trust 18x24,Epic Poster Frame 18x24 / Silver,18x24,Poster Frame,00810029116947,,29.99,yes,https://americanflat.com/products/epic-poster-frame-unmatted,shopify_US_8432881336390_45207308697670
description contradicts title size,description quotes 8x10 but the title says 18x24 -- trust 18x24,Epic Poster Frame 18x24 / Walnut,18x24,Poster Frame,00810029116961,,29.99,yes,https://americanflat.com/products/epic-poster-frame-unmatted,shopify_US_8432881336390_45207308730438
description contradicts title size,description quotes 8x10 but the title says 18x24 -- trust 18x24,Epic Poster Frame 18x24 / White,18x24,Poster Frame,00789075280417,,27.99,no,https://americanflat.com/products/epic-poster-frame-unmatted,shopify_US_8432881336390_45207312662598
description contradicts title size,description quotes 8x10 but the title says 18x26 -- trust 18x26,Epic Poster Frame 18x26 / Black,18x26,Poster Frame,00810131996222,,33.99,yes,https://americanflat.com/products/epic-poster-frame-unmatted,shopify_US_8432881336390_45207310860358
description contradicts title size,description quotes 8x10 but the title says 18x27 -- trust 18x27,Epic Poster Frame 18x27 / Black,18x27,Poster Frame,00810131998646,,39.99,yes,https://americanflat.com/products/epic-poster-frame-unmatted,shopify_US_8432881336390_45207310893126
description contradicts title size,description quotes 8x10 but the title says 18x32 -- trust 18x32,Epic Poster Frame 18x32 / Black,18x32,Poster Frame,00810131998653,,39.99,yes,https://americanflat.com/products/epic-poster-frame-unmatted,shopify_US_8432881336390_45207310925894
description contradicts title size,description quotes 8x10 but the title says 18x36 -- trust 18x36,Epic Poster Frame 18x36 / Black,18x36,Poster Frame,00810131996239,,39.99,yes,https://americanflat.com/products/epic-poster-frame-unmatted,shopify_US_8432881336390_45207310958662
description contradicts title size,description quotes 8x10 but the title says 19x25 -- trust 19x25,Epic Poster Frame 19x25 / Black,19x25,Poster Frame,00810131996246,,30.99,yes,https://americanflat.com/products/epic-poster-frame-unmatted,shopify_US_8432881336390_45207310991430
description contradicts title size,description quotes 8x10 but the title says 19x26 -- trust 19x26,Epic Poster Frame 19x26 / Black,19x26,Poster Frame,00810131998660,,39.99,yes,https://americanflat.com/products/epic-poster-frame-unmatted,shopify_US_8432881336390_45207311024198
description contradicts title size,description quotes 8x10 but the title says 19x27 -- trust 19x27,Epic Poster Frame 19x27 / Black,19x27,Poster Frame,00850039095092,,31.99,yes,https://americanflat.com/products/epic-poster-frame-unmatted,shopify_US_8432881336390_45207311056966
description contradicts title size,description quotes 8x10 but the title says 19x28 -- trust 19x28,Epic Poster Frame 19x28 / Black,19x28,Poster Frame,00810131998677,,44.99,no,https://americanflat.com/products/epic-poster-frame-unmatted,shopify_US_8432881336390_45207311089734
description contradicts title size,description quotes 8x10 but the title says 19x30 -- trust 19x30,Epic Poster Frame 19x30 / Black,19x30,Poster Frame,00810131998684,,26.99,yes,https://americanflat.com/products/epic-poster-frame-unmatted,shopify_US_8432881336390_45207311122502
description contradicts title size,description quotes 8x10 but the title says 20x20 -- trust 20x20,Epic Poster Frame 20x20 / Black,20x20,Poster Frame,00850039095108,,29.99,yes,https://americanflat.com/products/epic-poster-frame-unmatted,shopify_US_8432881336390_45207311155270
description contradicts title size,description quotes 8x10 but the title says 20x24 -- trust 20x24,Epic Poster Frame 20x24 / Black,20x24,Poster Frame,00850001296359,,29.99,yes,https://americanflat.com/products/epic-poster-frame-unmatted,shopify_US_8432881336390_45207308795974
description contradicts title size,description quotes 8x10 but the title says 20x24 -- trust 20x24,Epic Poster Frame 20x24 / Driftwood,20x24,Poster Frame,00810029117357,,32.99,yes,https://americanflat.com/products/epic-poster-frame-unmatted,shopify_US_8432881336390_45207308861510
description contradicts title size,description quotes 8x10 but the title says 20x24 -- trust 20x24,Epic Poster Frame 20x24 / Gold,20x24,Poster Frame,00810029117333,,32.99,yes,https://americanflat.com/products/epic-poster-frame-unmatted,shopify_US_8432881336390_45207308894278
description contradicts title size,description quotes 8x10 but the title says 20x24 -- trust 20x24,Epic Poster Frame 20x24 / Grey,20x24,Poster Frame,00810029114790,,23.99,yes,https://americanflat.com/products/epic-poster-frame-unmatted,shopify_US_8432881336390_45207308828742
description contradicts title size,description quotes 8x10 but the title says 20x24 -- trust 20x24,Epic Poster Frame 20x24 / Silver,20x24,Poster Frame,00810029117340,,32.99,yes,https://americanflat.com/products/epic-poster-frame-unmatted,shopify_US_8432881336390_45207308927046
description contradicts title size,description quotes 8x10 but the title says 20x24 -- trust 20x24,Epic Poster Frame 20x24 / Walnut,20x24,Poster Frame,00810029117364,,22.99,yes,https://americanflat.com/products/epic-poster-frame-unmatted,shopify_US_8432881336390_45207308959814
description contradicts title size,description quotes 8x10 but the title says 20x24 -- trust 20x24,Epic Poster Frame 20x24 / White,20x24,Poster Frame,00810029114646,,29.99,yes,https://americanflat.com/products/epic-poster-frame-unmatted,shopify_US_8432881336390_45207308992582
description contradicts title size,description quotes 8x10 but the title says 20x26 -- trust 20x26,Epic Poster Frame 20x26 / Black,20x26,Poster Frame,00810131996253,,34.99,yes,https://americanflat.com/products/epic-poster-frame-unmatted,shopify_US_8432881336390_45207311188038
description contradicts title size,description quotes 8x10 but the title says 20x27 -- trust 20x27,Epic Poster Frame 20x27 / Black,20x27,Poster Frame,00810131996093,,34.99,yes,https://americanflat.com/products/epic-poster-frame-unmatted,shopify_US_8432881336390_45207311220806
description contradicts title size,description quotes 8x10 but the title says 20x28 -- trust 20x28,Epic Poster Frame 20x28 / Black,20x28,Poster Frame,00810131990275,,34.99,yes,https://americanflat.com/products/epic-poster-frame-unmatted,shopify_US_8432881336390_45207311286342
description contradicts title size,description quotes 8x10 but the title says 20x28 -- trust 20x28,Epic Poster Frame 20x28 / White,20x28,Poster Frame,00198301383240,,34.99,no,https://americanflat.com/products/epic-poster-frame-unmatted,shopify_US_8432881336390_45207312433222
description contradicts title size,description quotes 8x10 but the title says 20x30 -- trust 20x30,Epic Poster Frame 20x30 / Black,20x30,Poster Frame,00850001296366,,34.99,no,https://americanflat.com/products/epic-poster-frame-unmatted,shopify_US_8432881336390_45207312695366
description contradicts title size,description quotes 8x10 but the title says 20x30 -- trust 20x30,Epic Poster Frame 20x30 / Driftwood,20x30,Poster Frame,00810029117074,,27.99,yes,https://americanflat.com/products/epic-poster-frame-unmatted,shopify_US_8432881336390_45207309058118
description contradicts title size,description quotes 8x10 but the title says 20x30 -- trust 20x30,Epic Poster Frame 20x30 / Gold,20x30,Poster Frame,00810029117050,,38.99,yes,https://americanflat.com/products/epic-poster-frame-unmatted,shopify_US_8432881336390_45207309156422
description contradicts title size,description quotes 8x10 but the title says 20x30 -- trust 20x30,Epic Poster Frame 20x30 / Grey,20x30,Poster Frame,00810029114806,,27.99,yes,https://americanflat.com/products/epic-poster-frame-unmatted,shopify_US_8432881336390_45207309025350
description contradicts title size,description quotes 8x10 but the title says 20x30 -- trust 20x30,Epic Poster Frame 20x30 / Light Wood,20x30,Poster Frame,00810029117098,,25.99,yes,https://americanflat.com/products/epic-poster-frame-unmatted,shopify_US_8432881336390_45207309090886
description contradicts title size,description quotes 8x10 but the title says 20x30 -- trust 20x30,Epic Poster Frame 20x30 / Mahogany,20x30,Poster Frame,00810029114752,,38.99,yes,https://americanflat.com/products/epic-poster-frame-unmatted,shopify_US_8432881336390_45207309123654
description contradicts title size,description quotes 8x10 but the title says 20x30 -- trust 20x30,Epic Poster Frame 20x30 / Pine,20x30,Poster Frame,00810029114707,,25.99,yes,https://americanflat.com/products/epic-poster-frame-unmatted,shopify_US_8432881336390_45207309254726
description contradicts title size,description quotes 8x10 but the title says 20x30 -- trust 20x30,Epic Poster Frame 20x30 / Silver,20x30,Poster Frame,00810029117067,,38.99,yes,https://americanflat.com/products/epic-poster-frame-unmatted,shopify_US_8432881336390_45207309189190
description contradicts title size,description quotes 8x10 but the title says 20x30 -- trust 20x30,Epic Poster Frame 20x30 / Walnut,20x30,Poster Frame,00810029117081,,38.99,yes,https://americanflat.com/products/epic-poster-frame-unmatted,shopify_US_8432881336390_45207309221958
description contradicts title size,description quotes 8x10 but the title says 20x30 -- trust 20x30,Epic Poster Frame 20x30 / White,20x30,Poster Frame,00810029114653,,34.99,no,https://americanflat.com/products/epic-poster-frame-unmatted,shopify_US_8432881336390_45207312728134
description contradicts title size,description quotes 8x10 but the title says 20x32 -- trust 20x32,Epic Poster Frame 20x32 / Black,20x32,Poster Frame,00810131998967,,44.99,no,https://americanflat.com/products/epic-poster-frame-unmatted,shopify_US_8432881336390_45207311319110
description contradicts title size,description quotes 8x10 but the title says 20x36 -- trust 20x36,Epic Poster Frame 20x36 / Black,20x36,Poster Frame,00810131998974,,44.99,yes,https://americanflat.com/products/epic-poster-frame-unmatted,shopify_US_8432881336390_45207311351878
description contradicts title size,description quotes 8x10 but the title says 20x40 -- trust 20x40,Epic Poster Frame 20x40 / Black,20x40,Poster Frame,00810131998981,,44.99,no,https://americanflat.com/products/epic-poster-frame-unmatted,shopify_US_8432881336390_45207311384646
description contradicts title size,description quotes 8x10 but the title says 21x26 -- trust 21x26,Epic Poster Frame 21x26 / Black,21x26,Poster Frame,00810131998998,,39.99,no,https://americanflat.com/products/epic-poster-frame-unmatted,shopify_US_8432881336390_45207311417414
description contradicts title size,description quotes 8x10 but the title says 21x28 -- trust 21x28,Epic Poster Frame 21x28 / Black,21x28,Poster Frame,00810131996109,,35.99,yes,https://americanflat.com/products/epic-poster-frame-unmatted,shopify_US_8432881336390_45207311253574
description contradicts title size,description quotes 8x10 but the title says 21x29 -- trust 21x29,Epic Poster Frame 21x29 / Black,21x29,Poster Frame,00810131999001,,47.99,no,https://americanflat.com/products/epic-poster-frame-unmatted,shopify_US_8432881336390_45207311450182
description contradicts title size,description quotes 8x10 but the title says 21x34 -- trust 21x34,Epic Poster Frame 21x34 / Black,21x34,Poster Frame,00810131999018,,49.99,no,https://americanflat.com/products/epic-poster-frame-unmatted,shopify_US_8432881336390_45207311515718
description contradicts title size,description quotes 8x10 but the title says 22x22 -- trust 22x22,Epic Poster Frame 22x22 / Black,22x22,Poster Frame,00810131996260,,26.99,no,https://americanflat.com/products/epic-poster-frame-unmatted,shopify_US_8432881336390_45207311548486
description contradicts title size,description quotes 8x10 but the title says 22x24 -- trust 22x24,Epic Poster Frame 22x24 / Black,22x24,Poster Frame,00810131998691,,44.99,no,https://americanflat.com/products/epic-poster-frame-unmatted,shopify_US_8432881336390_45207311581254
description contradicts title size,description quotes 8x10 but the title says 22x28 -- trust 22x28,Epic Poster Frame 22x28 / Black,22x28,Poster Frame,00850001296373,,34.99,yes,https://americanflat.com/products/epic-poster-frame-unmatted,shopify_US_8432881336390_45207309287494
description contradicts title size,description quotes 8x10 but the title says 22x28 -- trust 22x28,Epic Poster Frame 22x28 / Driftwood,22x28,Poster Frame,00810029117128,,26.99,yes,https://americanflat.com/products/epic-poster-frame-unmatted,shopify_US_8432881336390_45207309320262
description contradicts title size,description quotes 8x10 but the title says 22x28 -- trust 22x28,Epic Poster Frame 22x28 / Gold,22x28,Poster Frame,00810029117104,,26.99,yes,https://americanflat.com/products/epic-poster-frame-unmatted,shopify_US_8432881336390_45207309418566
description contradicts title size,description quotes 8x10 but the title says 22x28 -- trust 22x28,Epic Poster Frame 22x28 / Light Wood,22x28,Poster Frame,00810029117142,,38.99,yes,https://americanflat.com/products/epic-poster-frame-unmatted,shopify_US_8432881336390_45207309353030
description contradicts title size,description quotes 8x10 but the title says 22x28 -- trust 22x28,Epic Poster Frame 22x28 / Mahogany,22x28,Poster Frame,00810029114769,,38.99,yes,https://americanflat.com/products/epic-poster-frame-unmatted,shopify_US_8432881336390_45207309385798
description contradicts title size,description quotes 8x10 but the title says 22x28 -- trust 22x28,Epic Poster Frame 22x28 / Silver,22x28,Poster Frame,00810029117111,,27.99,yes,https://americanflat.com/products/epic-poster-frame-unmatted,shopify_US_8432881336390_45207309451334
description contradicts title size,description quotes 8x10 but the title says 22x28 -- trust 22x28,Epic Poster Frame 22x28 / Walnut,22x28,Poster Frame,00810029117135,,26.99,yes,https://americanflat.com/products/epic-poster-frame-unmatted,shopify_US_8432881336390_45207309484102
description contradicts title size,description quotes 8x10 but the title says 22x28 -- trust 22x28,Epic Poster Frame 22x28 / White,22x28,Poster Frame,00810029114660,,26.99,yes,https://americanflat.com/products/epic-poster-frame-unmatted,shopify_US_8432881336390_45207309516870
description contradicts title size,description quotes 8x10 but the title says 22x29 -- trust 22x29,Epic Poster Frame 22x29 / Black,22x29,Poster Frame,00810131998707,,46.99,no,https://americanflat.com/products/epic-poster-frame-unmatted,shopify_US_8432881336390_45207311614022
description contradicts title size,description quotes 8x10 but the title says 22x30 -- trust 22x30,Epic Poster Frame 22x30 / Black,22x30,Poster Frame,00810131996277,,39.99,no,https://americanflat.com/products/epic-poster-frame-unmatted,shopify_US_8432881336390_45207311482950
description contradicts title size,description quotes 8x10 but the title says 22x32 -- trust 22x32,Epic Poster Frame 22x32 / Black,22x32,Poster Frame,00810131998714,,47.99,no,https://americanflat.com/products/epic-poster-frame-unmatted,shopify_US_8432881336390_45207311646790
description contradicts title size,description quotes 8x10 but the title says 22x34 -- trust 22x34,Epic Poster Frame 22x34 / Black,22x34,Poster Frame,00850039095115,,44.99,no,https://americanflat.com/products/epic-poster-frame-unmatted,shopify_US_8432881336390_45207311679558
description contradicts title size,description quotes 8x10 but the title says 22x35 -- trust 22x35,Epic Poster Frame 22x35 / Black,22x35,Poster Frame,00810131998721,,30.99,no,https://americanflat.com/products/epic-poster-frame-unmatted,shopify_US_8432881336390_45207311712326
description contradicts title size,description quotes 8x10 but the title says 23x29 -- trust 23x29,Epic Poster Frame 23x29 / Black,23x29,Poster Frame,00810131999025,,49.99,no,https://americanflat.com/products/epic-poster-frame-unmatted,shopify_US_8432881336390_45207311745094
description contradicts title size,description quotes 8x10 but the title says 23x35 -- trust 23x35,Epic Poster Frame 23x35 / Black,23x35,Poster Frame,00810131999032,,54.99,no,https://americanflat.com/products/epic-poster-frame-unmatted,shopify_US_8432881336390_45207311777862
description contradicts title size,description quotes 8x10 but the title says 24x24 -- trust 24x24,Epic Poster Frame 24x24 / Black,24x24,Poster Frame,00810029116572,,34.99,no,https://americanflat.com/products/epic-poster-frame-unmatted,shopify_US_8432881336390_45207311810630
description contradicts title size,description quotes 8x10 but the title says 24x24 -- trust 24x24,Epic Poster Frame 24x24 / White,24x24,Poster Frame,00810029116589,,34.99,no,https://americanflat.com/products/epic-poster-frame-unmatted,shopify_US_8432881336390_45207311843398
description contradicts title size,description quotes 8x10 but the title says 24x30 -- trust 24x30,Epic Poster Frame 24x30 / Black,24x30,Poster Frame,00810131990268,,37.99,no,https://americanflat.com/products/epic-poster-frame-unmatted,shopify_US_8432881336390_45207311876166
description contradicts title size,description quotes 8x10 but the title says 24x30 -- trust 24x30,Epic Poster Frame 24x30 / White,24x30,Poster Frame,00198301001465,,37.99,no,https://americanflat.com/products/epic-poster-frame-unmatted,shopify_US_8432881336390_45207312465990
description contradicts title size,description quotes 8x10 but the title says 24x32 -- trust 24x32,Epic Poster Frame 24x32 / Black,24x32,Poster Frame,00850039095122,,44.99,no,https://americanflat.com/products/epic-poster-frame-unmatted,shopify_US_8432881336390_45207311908934
description contradicts title size,description quotes 8x10 but the title says 24x34 -- trust 24x34,Epic Poster Frame 24x34 / Black,24x34,Poster Frame,00810131999049,,44.99,no,https://americanflat.com/products/epic-poster-frame-unmatted,shopify_US_8432881336390_45207311941702
description contradicts title size,description quotes 8x10 but the title says 24x35 -- trust 24x35,Epic Poster Frame 24x35 / Black,24x35,Poster Frame,00810131999056,,55.99,no,https://americanflat.com/products/epic-poster-frame-unmatted,shopify_US_8432881336390_45207312924742
description contradicts title size,description quotes 8x10 but the title says 24x36 -- trust 24x36,Epic Poster Frame 24x36 / Black,24x36,Poster Frame,00789075280370,,44.99,no,https://americanflat.com/products/epic-poster-frame-unmatted,shopify_US_8432881336390_45207312302150
description contradicts title size,description quotes 8x10 but the title says 24x36 -- trust 24x36,Epic Poster Frame 24x36 / Gold,24x36,Poster Frame,00810029116213,,49.99,yes,https://americanflat.com/products/epic-poster-frame-unmatted,shopify_US_8432881336390_45207309647942
description contradicts title size,description quotes 8x10 but the title says 24x36 -- trust 24x36,Epic Poster Frame 24x36 / Light Wood,24x36,Poster Frame,00810029116206,,49.99,yes,https://americanflat.com/products/epic-poster-frame-unmatted,shopify_US_8432881336390_45207309549638
description contradicts title size,description quotes 8x10 but the title says 24x36 -- trust 24x36,Epic Poster Frame 24x36 / Pine,24x36,Poster Frame,00810029113113,,49.99,yes,https://americanflat.com/products/epic-poster-frame-unmatted,shopify_US_8432881336390_45207309615174
description contradicts title size,description quotes 8x10 but the title says 24x36 -- trust 24x36,Epic Poster Frame 24x36 / Silver,24x36,Poster Frame,00810029116220,,49.99,yes,https://americanflat.com/products/epic-poster-frame-unmatted,shopify_US_8432881336390_45207309680710
description contradicts title size,description quotes 8x10 but the title says 24x36 -- trust 24x36,Epic Poster Frame 24x36 / Walnut,24x36,Poster Frame,00810029113120,,49.99,yes,https://americanflat.com/products/epic-poster-frame-unmatted,shopify_US_8432881336390_45207309582406
description contradicts title size,description quotes 8x10 but the title says 24x36 -- trust 24x36,Epic Poster Frame 24x36 / White,24x36,Poster Frame,00810029110983,,44.99,no,https://americanflat.com/products/epic-poster-frame-unmatted,shopify_US_8432881336390_45207312531526
description contradicts title size,description quotes 8x10 but the title says 25x25 -- trust 25x25,Epic Poster Frame 25x25 / Black,25x25,Poster Frame,00810131996284,,29.99,no,https://americanflat.com/products/epic-poster-frame-unmatted,shopify_US_8432881336390_45207311974470
description contradicts title size,description quotes 8x10 but the title says 25x35 -- trust 25x35,Epic Poster Frame 25x35 / Black,25x35,Poster Frame,00810131999070,,54.99,no,https://americanflat.com/products/epic-poster-frame-unmatted,shopify_US_8432881336390_45207312007238
description contradicts title size,description quotes 8x10 but the title says 26x38 -- trust 26x38,Epic Poster Frame 26x38 / Black,26x38,Poster Frame,00810131998738,,62.99,no,https://americanflat.com/products/epic-poster-frame-unmatted,shopify_US_8432881336390_45207312040006
description contradicts title size,description quotes 8x10 but the title says 26x39 -- trust 26x39,Epic Poster Frame 26x39 / Black,26x39,Poster Frame,00810131998745,,62.99,no,https://americanflat.com/products/epic-poster-frame-unmatted,shopify_US_8432881336390_45207312072774
description contradicts title size,description quotes 8x10 but the title says 27x39 -- trust 27x39,Epic Poster Frame 27x39 / Black,27x39,Poster Frame,00810131999087,,74.99,no,https://americanflat.com/products/epic-poster-frame-unmatted,shopify_US_8432881336390_45207312105542
description contradicts title size,description quotes 8x10 but the title says 27x40 -- trust 27x40,Epic Poster Frame 27x40 / Black,27x40,Poster Frame,00810131990251,,52.99,no,https://americanflat.com/products/epic-poster-frame-unmatted,shopify_US_8432881336390_45207312138310
description contradicts title size,description quotes 8x10 but the title says 27x40 -- trust 27x40,Epic Poster Frame 27x40 / White,27x40,Poster Frame,00198301383257,,52.99,no,https://americanflat.com/products/epic-poster-frame-unmatted,shopify_US_8432881336390_45207312498758
description contradicts title size,description quotes 8x10 but the title says 28x29 -- trust 28x29,Epic Poster Frame 28x29 / Black,28x29,Poster Frame,00810131998318,,59.99,no,https://americanflat.com/products/epic-poster-frame-unmatted,shopify_US_8432881336390_45207312171078
description contradicts title size,description quotes 8x10 but the title says 28x40 -- trust 28x40,Epic Poster Frame 28x40 / Black,28x40,Poster Frame,00810131998325,,74.99,no,https://americanflat.com/products/epic-poster-frame-unmatted,shopify_US_8432881336390_45207312203846
description contradicts title size,description quotes 8x10 but the title says 30x30 -- trust 30x30,Epic Poster Frame 30x30 / Black,30x30,Poster Frame,00850039095139,,49.99,no,https://americanflat.com/products/epic-poster-frame-unmatted,shopify_US_8432881336390_45207312236614
description contradicts title size,description quotes 8x10 but the title says 30x40 -- trust 30x40,Epic Poster Frame 30x40 / Black,30x40,Poster Frame,00850039095146,,69.99,no,https://americanflat.com/products/epic-poster-frame-unmatted,shopify_US_8432881336390_45207312334918
description contradicts title size,description quotes 8x10 but the title says 36x36 -- trust 36x36,Epic Poster Frame 36x36 / Black,36x36,Poster Frame,00810131998752,,94.99,no,https://americanflat.com/products/epic-poster-frame-unmatted,shopify_US_8432881336390_45207312269382
description contradicts title size,description quotes 8x10 but the title says 4x6 -- trust 4x6,"Hampton 3Option Picture Frame | Americanflat, 4x6 / Aspen White",4x6,Picture Frame,00789075280578,WB0406DFWH3OP,13.99,yes,https://americanflat.com/products/rustic-distressed-picture-frame-with-textured-wood-and-polished,shopify_US_8332303630406_44857637994566
description contradicts title size,description quotes 8x10 but the title says 4x6 -- trust 4x6,"Hampton 3Option Picture Frame | Americanflat, 4x6 / Charcoal Black",4x6,Picture Frame,00789075280622,WB0406DFBLK3OP,13.99,yes,https://americanflat.com/products/rustic-distressed-picture-frame-with-textured-wood-and-polished,shopify_US_8332303630406_44857637961798
description contradicts title size,description quotes 8x10 but the title says 4x6 -- trust 4x6,"Hampton 3Option Picture Frame | Americanflat, 4x6 / Turquoise Blue",4x6,Picture Frame,00789075280523,WB0406DFBL3OP,13.99,yes,https://americanflat.com/products/rustic-distressed-picture-frame-with-textured-wood-and-polished,shopify_US_8332303630406_44857638027334
description contradicts title size,description quotes 8x10 but the title says 5x7 -- trust 5x7,"Hampton 3Option Picture Frame | Americanflat, 5x7 / Aspen White",5x7,Picture Frame,00789075280561,WB0507DFWH2OP,15.99,yes,https://americanflat.com/products/rustic-distressed-picture-frame-with-textured-wood-and-polished,shopify_US_8332303630406_44857638092870
description contradicts title size,description quotes 8x10 but the title says 5x7 -- trust 5x7,"Hampton 3Option Picture Frame | Americanflat, 5x7 / Charcoal Black",5x7,Picture Frame,00789075280615,WB0507DFBLK2OP,12.99,yes,https://americanflat.com/products/rustic-distressed-picture-frame-with-textured-wood-and-polished,shopify_US_8332303630406_44857638060102
description contradicts title size,description quotes 8x10 but the title says 5x7 -- trust 5x7,"Hampton 3Option Picture Frame | Americanflat, 5x7 / Turquoise Blue",5x7,Picture Frame,00789075280516,WB0507DFBL2OP,12.99,yes,https://americanflat.com/products/rustic-distressed-picture-frame-with-textured-wood-and-polished,shopify_US_8332303630406_44857638125638
description contradicts title size,description quotes 8x10 but the title says 12x15 -- trust 12x15,Oversized Gallery Picture Frame with Mat | Hudson Collection 12x15 / White / 9x12,12x15,Picture Frame,00810131994518,,19.99,no,https://americanflat.com/products/oversized-gallery-picture-frame-with-mat-hudson-collection,shopify_US_8337697505350_44860539338822
description contradicts title size,description quotes 8x10 but the title says 16x16 -- trust 16x16,Oversized Gallery Picture Frame with Mat | Hudson Collection 16x16 / Natural Oak / 12x12,16x16,Picture Frame,00810131995324,,21.99,no,https://americanflat.com/products/oversized-gallery-picture-frame-with-mat-hudson-collection,shopify_US_8337697505350_44860534227014
description contradicts title size,description quotes 8x10 but the title says 16x20 -- trust 16x20,Oversized Gallery Picture Frame with Mat | Hudson Collection 16x20 / Mahogany / 11x14,16x20,Picture Frame,00810131994662,,24.99,no,https://americanflat.com/products/oversized-gallery-picture-frame-with-mat-hudson-collection,shopify_US_8337697505350_44860534784070
description contradicts title size,description quotes 8x10 but the title says 20x28 -- trust 20x28,Oversized Gallery Picture Frame with Mat | Hudson Collection 20x28 / Grey Wood / 16x24,20x28,Picture Frame,00810131995065,,18.99,yes,https://americanflat.com/products/oversized-gallery-picture-frame-with-mat-hudson-collection,shopify_US_8337697505350_44860535832646
description contradicts title size,description quotes 8x10 but the title says 24x24 -- trust 24x24,Oversized Gallery Picture Frame with Mat | Hudson Collection 24x24 / Gold / 20x20,24x24,Picture Frame,00810131995218,,18.99,yes,https://americanflat.com/products/oversized-gallery-picture-frame-with-mat-hudson-collection,shopify_US_8337697505350_44860536356934
description contradicts title size,description quotes 8x10 but the title says 24x24 -- trust 24x24,Oversized Gallery Picture Frame with Mat | Hudson Collection 24x24 / Silver / 20x20,24x24,Picture Frame,00810131995225,,37.99,no,https://americanflat.com/products/oversized-gallery-picture-frame-with-mat-hudson-collection,shopify_US_8337697505350_44860536389702
description contradicts title size,description quotes 8x10 but the title says 5x7 -- trust 5x7,Oversized Gallery Picture Frame with Mat | Hudson Collection 5x7 / Pink / 4x6,5x7,Picture Frame,00198301383394,,9.99,no,https://americanflat.com/products/oversized-gallery-picture-frame-with-mat-hudson-collection,shopify_US_8337697505350_44860539502662
description contradicts title size,description quotes 8x10 but the title says 9x11 -- trust 9x11,Oversized Gallery Picture Frame with Mat | Hudson Collection 9x11 / Silver / 6x8,9x11,Picture Frame,00810131994143,,12.99,no,https://americanflat.com/products/oversized-gallery-picture-frame-with-mat-hudson-collection,shopify_US_8337697505350_44860537929798
description contradicts title size,description quotes 4x6 but the title says 5x7 -- trust 5x7,Picture Frame | 5x7 with 4x6 Mat | Black | Tabletop Surface Shelf Display Frame,5x7,Picture Frame,,MP-MDF-0507-BLACK-46,24.99,yes,https://americanflat.com/products/picture-frame-with-mat-engineered-wood-shatter-resistant-glass-wall-art,shopify_US_8396449546310_45042149818438
description contradicts title size,"description quotes 5x7, 8x10 but the title says 11x14 -- trust 11x14",Picture Frame | Classic Molding | With Mat | Shatter-Resistant | Americanflat 11x14,11x14,Picture Frame,00198301384872,,14.99,yes,https://americanflat.com/products/black-picture-frame-black-mat-tabletop-wall-display-classic-molding-shatter-resistant,shopify_US_8423992098886_45167864315974
description contradicts title size,description quotes 12x18 but the title says 4x6 -- trust 4x6,Poster Frame | Epic Collection | Polished Plexiglass | Wide Engineered Wood 4x6 / Black / Slim border,4x6,Picture Frame,,,14.99,yes,https://americanflat.com/products/americanflat-12x18-poster-frame-with-polished-plexiglass-driftwood-picture-frame-with-engineered-wood-epic-collection-wide-photo-frame-for-wall-display,shopify_US_8363724406854_44928348061766
description contradicts title size,description quotes 12x18 but the title says 4x6 -- trust 4x6,Poster Frame | Epic Collection | Polished Plexiglass | Wide Engineered Wood 4x6 / Gold / Slim border,4x6,Picture Frame,,,15.99,yes,https://americanflat.com/products/americanflat-12x18-poster-frame-with-polished-plexiglass-driftwood-picture-frame-with-engineered-wood-epic-collection-wide-photo-frame-for-wall-display,shopify_US_8363724406854_44928348094534
description contradicts title size,description quotes 12x18 but the title says 4x6 -- trust 4x6,Poster Frame | Epic Collection | Polished Plexiglass | Wide Engineered Wood 4x6 / Gold / Wide border,4x6,Picture Frame,,,15.99,yes,https://americanflat.com/products/americanflat-12x18-poster-frame-with-polished-plexiglass-driftwood-picture-frame-with-engineered-wood-epic-collection-wide-photo-frame-for-wall-display,shopify_US_8363724406854_44928347897926
description contradicts title size,description quotes 12x18 but the title says 4x6 -- trust 4x6,Poster Frame | Epic Collection | Polished Plexiglass | Wide Engineered Wood 4x6 / Silver / Wide border,4x6,Picture Frame,,,15.99,yes,https://americanflat.com/products/americanflat-12x18-poster-frame-with-polished-plexiglass-driftwood-picture-frame-with-engineered-wood-epic-collection-wide-photo-frame-for-wall-display,shopify_US_8363724406854_44928347930694
description contradicts title size,description quotes 12x18 but the title says 5x7 -- trust 5x7,Poster Frame | Epic Collection | Polished Plexiglass | Wide Engineered Wood 5x7 / Black / Slim border,5x7,Picture Frame,,,10.71,yes,https://americanflat.com/products/americanflat-12x18-poster-frame-with-polished-plexiglass-driftwood-picture-frame-with-engineered-wood-epic-collection-wide-photo-frame-for-wall-display,shopify_US_8363724406854_44928348160070
description contradicts title size,description quotes 12x18 but the title says 5x7 -- trust 5x7,Poster Frame | Epic Collection | Polished Plexiglass | Wide Engineered Wood 5x7 / Black / Wide border,5x7,Picture Frame,,,10.71,yes,https://americanflat.com/products/americanflat-12x18-poster-frame-with-polished-plexiglass-driftwood-picture-frame-with-engineered-wood-epic-collection-wide-photo-frame-for-wall-display,shopify_US_8363724406854_44928347963462
description contradicts title size,description quotes 12x18 but the title says 5x7 -- trust 5x7,Poster Frame | Epic Collection | Polished Plexiglass | Wide Engineered Wood 5x7 / Gold / Slim border,5x7,Picture Frame,,,15.07,no,https://americanflat.com/products/americanflat-12x18-poster-frame-with-polished-plexiglass-driftwood-picture-frame-with-engineered-wood-epic-collection-wide-photo-frame-for-wall-display,shopify_US_8363724406854_44928348192838
description contradicts title size,description quotes 12x18 but the title says 5x7 -- trust 5x7,Poster Frame | Epic Collection | Polished Plexiglass | Wide Engineered Wood 5x7 / Gold / Wide border,5x7,Picture Frame,,,15.07,no,https://americanflat.com/products/americanflat-12x18-poster-frame-with-polished-plexiglass-driftwood-picture-frame-with-engineered-wood-epic-collection-wide-photo-frame-for-wall-display,shopify_US_8363724406854_44928347996230
description contradicts title size,description quotes 12x18 but the title says 5x7 -- trust 5x7,Poster Frame | Epic Collection | Polished Plexiglass | Wide Engineered Wood 5x7 / Silver / Slim border,5x7,Picture Frame,,,16.21,yes,https://americanflat.com/products/americanflat-12x18-poster-frame-with-polished-plexiglass-driftwood-picture-frame-with-engineered-wood-epic-collection-wide-photo-frame-for-wall-display,shopify_US_8363724406854_44928348225606
description contradicts title size,description quotes 60x80 but the title says 50x60 -- trust 50x60,Printed Fleece Throw Blanket | Modern Dash Windowpane | White | 50x60 | Soft & Lightweight | Cozy for Couch & Bed | Americanflat,50x60,Blanket,,MPFLEB5060DPWHT,12.99,yes,https://americanflat.com/products/americanflat-printed-fleece-throw-blanket-dash-windowpane,shopify_US_8502508322886_46126878228550
description contradicts title size,description quotes 60x80 but the title says 50x60 -- trust 50x60,Sherpa Fleece Throw Blanket | Speckle | Blue | 50x60 | Reversible & Ultra Soft | Cozy for Couch & Bed | Americanflat,50x60,Blanket,,MPFLEBRSV5060SPKDBLU,15.99,yes,https://americanflat.com/products/americanflat-fleece-sherpa-throw-blanket-speckle,shopify_US_8502508191814_46126877802566
description contradicts title size,description quotes 50x60 but the title says 60x80 -- trust 60x80,Sherpa Fleece Throw Blanket | Speckle | Grey | 60x80 | Reversible & Ultra Soft | Cozy for Couch & Bed | Americanflat,60x80,Blanket,,MPFLEBRVS6080SPKLGRY,20.99,yes,https://americanflat.com/products/americanflat-fleece-sherpa-throw-blanket-speckle,shopify_US_8502508191814_46126877933638
description contradicts title size,description quotes 50x60 but the title says 60x80 -- trust 60x80,Sherpa Fleece Throw Blanket | Speckle | White | 60x80 | Reversible & Ultra Soft | Cozy for Couch & Bed | Americanflat,60x80,Blanket,,MPFLEBRVS6080SPKLWHT,20.99,yes,https://americanflat.com/products/americanflat-fleece-sherpa-throw-blanket-speckle,shopify_US_8502508191814_46126877966406
description contradicts title size,description quotes 16x20 but the title says 10x10 -- trust 10x10,Signature Matted Engineered Wood Collage Frame | Americanflat 10x10 with 4x4 mat / Black / 1 Pack,10x10,Collage Frame,00791398912371,,18.99,yes,https://americanflat.com/products/americanflat-16x20-collage-picture-frame-fits-one-6x8-four-5x7-and-four-4x4-photos-or-one-16x20-photo,shopify_US_7607908040774_45217254539334
description contradicts title size,description quotes 16x20 but the title says 10x10 -- trust 10x10,Signature Matted Engineered Wood Collage Frame | Americanflat 10x10 with 4x4 mat / Driftwood / 1 Pack,10x10,Collage Frame,00850038117344,,12.99,no,https://americanflat.com/products/americanflat-16x20-collage-picture-frame-fits-one-6x8-four-5x7-and-four-4x4-photos-or-one-16x20-photo,shopify_US_7607908040774_45217254768710
description contradicts title size,description quotes 16x20 but the title says 10x10 -- trust 10x10,Signature Matted Engineered Wood Collage Frame | Americanflat 10x10 with 4x4 mat / Lightwood / 1 Pack,10x10,Collage Frame,00850038117351,,18.99,no,https://americanflat.com/products/americanflat-16x20-collage-picture-frame-fits-one-6x8-four-5x7-and-four-4x4-photos-or-one-16x20-photo,shopify_US_7607908040774_45217254801478
description contradicts title size,description quotes 16x20 but the title says 10x10 -- trust 10x10,Signature Matted Engineered Wood Collage Frame | Americanflat 10x10 with 4x4 mat / Walnut / 1 Pack,10x10,Collage Frame,00850038117368,,18.99,yes,https://americanflat.com/products/americanflat-16x20-collage-picture-frame-fits-one-6x8-four-5x7-and-four-4x4-photos-or-one-16x20-photo,shopify_US_7607908040774_45217254604870
description contradicts title size,description quotes 16x20 but the title says 10x10 -- trust 10x10,Signature Matted Engineered Wood Collage Frame | Americanflat 10x10 with 4x4 mat / White / 1 Pack,10x10,Collage Frame,00850038117375,,18.99,no,https://americanflat.com/products/americanflat-16x20-collage-picture-frame-fits-one-6x8-four-5x7-and-four-4x4-photos-or-one-16x20-photo,shopify_US_7607908040774_45217254572102
description contradicts title size,description quotes 16x20 but the title says 10x14 -- trust 10x14,Signature Matted Engineered Wood Collage Frame | Americanflat 10x14 / Black / 2 Opening,10x14,Collage Frame,00810131999254,,14.99,yes,https://americanflat.com/products/americanflat-16x20-collage-picture-frame-fits-one-6x8-four-5x7-and-four-4x4-photos-or-one-16x20-photo,shopify_US_7607908040774_45217219706950
description contradicts title size,description quotes 16x20 but the title says 10x20 -- trust 10x20,Signature Matted Engineered Wood Collage Frame | Americanflat 10x20 / Black / 2 Opening,10x20,Collage Frame,00810131999278,,18.99,yes,https://americanflat.com/products/americanflat-16x20-collage-picture-frame-fits-one-6x8-four-5x7-and-four-4x4-photos-or-one-16x20-photo,shopify_US_7607908040774_45217219772486
description contradicts title size,description quotes 16x20 but the title says 10x20 -- trust 10x20,Signature Matted Engineered Wood Collage Frame | Americanflat 10x20 / White / 2 Opening,10x20,Collage Frame,00810131999285,,18.99,yes,https://americanflat.com/products/americanflat-16x20-collage-picture-frame-fits-one-6x8-four-5x7-and-four-4x4-photos-or-one-16x20-photo,shopify_US_7607908040774_45217219739718
description contradicts title size,description quotes 16x20 but the title says 11x14 -- trust 11x14,Signature Matted Engineered Wood Collage Frame | Americanflat 11x14 / Black / 2 Opening,11x14,Collage Frame,00791398906288,,18.99,yes,https://americanflat.com/products/americanflat-16x20-collage-picture-frame-fits-one-6x8-four-5x7-and-four-4x4-photos-or-one-16x20-photo,shopify_US_7607908040774_45217255686214
description contradicts title size,description quotes 16x20 but the title says 11x14 -- trust 11x14,Signature Matted Engineered Wood Collage Frame | Americanflat 11x14 / Driftwood / 2 Opening,11x14,Collage Frame,00850038117382,,18.99,no,https://americanflat.com/products/americanflat-16x20-collage-picture-frame-fits-one-6x8-four-5x7-and-four-4x4-photos-or-one-16x20-photo,shopify_US_7607908040774_45217255587910
description contradicts title size,description quotes 16x20 but the title says 11x14 -- trust 11x14,Signature Matted Engineered Wood Collage Frame | Americanflat 11x14 / Lightwood / 2 Opening,11x14,Collage Frame,00850038117399,,18.99,yes,https://americanflat.com/products/americanflat-16x20-collage-picture-frame-fits-one-6x8-four-5x7-and-four-4x4-photos-or-one-16x20-photo,shopify_US_7607908040774_45217255718982
description contradicts title size,description quotes 16x20 but the title says 11x14 -- trust 11x14,Signature Matted Engineered Wood Collage Frame | Americanflat 11x14 / Walnut / 2 Opening,11x14,Collage Frame,00850038117405,,14.99,no,https://americanflat.com/products/americanflat-16x20-collage-picture-frame-fits-one-6x8-four-5x7-and-four-4x4-photos-or-one-16x20-photo,shopify_US_7607908040774_45217255653446
description contradicts title size,description quotes 16x20 but the title says 11x14 -- trust 11x14,Signature Matted Engineered Wood Collage Frame | Americanflat 11x14 / White / 2 Opening,11x14,Collage Frame,00850038117412,,18.99,yes,https://americanflat.com/products/americanflat-16x20-collage-picture-frame-fits-one-6x8-four-5x7-and-four-4x4-photos-or-one-16x20-photo,shopify_US_7607908040774_45217255620678
description contradicts title size,description quotes 16x20 but the title says 11x14 -- trust 11x14,Signature Matted Engineered Wood Collage Frame | Americanflat 11x14 with 4x6 mat / Black / 1 Pack,11x14,Collage Frame,00791398917802,,18.99,yes,https://americanflat.com/products/americanflat-16x20-collage-picture-frame-fits-one-6x8-four-5x7-and-four-4x4-photos-or-one-16x20-photo,shopify_US_7607908040774_45217255391302
description contradicts title size,description quotes 16x20 but the title says 11x14 -- trust 11x14,Signature Matted Engineered Wood Collage Frame | Americanflat 11x14 with 4x6 mat / Driftwood / 1 Pack,11x14,Collage Frame,00810029115834,,18.99,yes,https://americanflat.com/products/americanflat-16x20-collage-picture-frame-fits-one-6x8-four-5x7-and-four-4x4-photos-or-one-16x20-photo,shopify_US_7607908040774_45217255030854
description contradicts title size,description quotes 16x20 but the title says 11x14 -- trust 11x14,Signature Matted Engineered Wood Collage Frame | Americanflat 11x14 with 4x6 mat / Gold / 1 Pack,11x14,Collage Frame,00810029115872,,18.99,yes,https://americanflat.com/products/americanflat-16x20-collage-picture-frame-fits-one-6x8-four-5x7-and-four-4x4-photos-or-one-16x20-photo,shopify_US_7607908040774_45217255096390
description contradicts title size,description quotes 16x20 but the title says 11x14 -- trust 11x14,Signature Matted Engineered Wood Collage Frame | Americanflat 11x14 with 4x6 mat / Lightwood / 1 Pack,11x14,Collage Frame,00810029115858,,18.99,yes,https://americanflat.com/products/americanflat-16x20-collage-picture-frame-fits-one-6x8-four-5x7-and-four-4x4-photos-or-one-16x20-photo,shopify_US_7607908040774_45217255129158
description contradicts title size,description quotes 16x20 but the title says 11x14 -- trust 11x14,Signature Matted Engineered Wood Collage Frame | Americanflat 11x14 with 4x6 mat / Oak / 1 Pack,11x14,Collage Frame,00810029115841,,18.99,yes,https://americanflat.com/products/americanflat-16x20-collage-picture-frame-fits-one-6x8-four-5x7-and-four-4x4-photos-or-one-16x20-photo,shopify_US_7607908040774_45217255194694
description contradicts title size,description quotes 16x20 but the title says 11x14 -- trust 11x14,Signature Matted Engineered Wood Collage Frame | Americanflat 11x14 with 4x6 mat / Silver / 1 Pack,11x14,Collage Frame,00810029115889,,18.99,no,https://americanflat.com/products/americanflat-16x20-collage-picture-frame-fits-one-6x8-four-5x7-and-four-4x4-photos-or-one-16x20-photo,shopify_US_7607908040774_45217255161926
description contradicts title size,description quotes 16x20 but the title says 11x14 -- trust 11x14,Signature Matted Engineered Wood Collage Frame | Americanflat 11x14 with 4x6 mat / Walnut / 1 Pack,11x14,Collage Frame,00810029115865,,18.99,no,https://americanflat.com/products/americanflat-16x20-collage-picture-frame-fits-one-6x8-four-5x7-and-four-4x4-photos-or-one-16x20-photo,shopify_US_7607908040774_45217255063622
description contradicts title size,description quotes 16x20 but the title says 12x12 -- trust 12x12,Signature Matted Engineered Wood Collage Frame | Americanflat 12x12 with 4x6 mat / Black / 4OP,12x12,Collage Frame,00198301010498,,18.99,yes,https://americanflat.com/products/americanflat-16x20-collage-picture-frame-fits-one-6x8-four-5x7-and-four-4x4-photos-or-one-16x20-photo,shopify_US_7607908040774_45217219805254
description contradicts title size,description quotes 16x20 but the title says 12x12 -- trust 12x12,Signature Matted Engineered Wood Collage Frame | Americanflat 12x12 with 4x6 mat / White / 4OP,12x12,Collage Frame,00198301010283,,18.99,yes,https://americanflat.com/products/americanflat-16x20-collage-picture-frame-fits-one-6x8-four-5x7-and-four-4x4-photos-or-one-16x20-photo,shopify_US_7607908040774_45217219838022
description contradicts title size,description quotes 16x20 but the title says 12x18 -- trust 12x18,Signature Matted Engineered Wood Collage Frame | Americanflat 12x18 / Black / 1 Pack,12x18,Collage Frame,00198301010245,,18.99,yes,https://americanflat.com/products/americanflat-16x20-collage-picture-frame-fits-one-6x8-four-5x7-and-four-4x4-photos-or-one-16x20-photo,shopify_US_7607908040774_45217219575878
description contradicts title size,description quotes 16x20 but the title says 12x18 -- trust 12x18,Signature Matted Engineered Wood Collage Frame | Americanflat 12x18 / White / 1 Pack,12x18,Collage Frame,00198301010382,,18.99,yes,https://americanflat.com/products/americanflat-16x20-collage-picture-frame-fits-one-6x8-four-5x7-and-four-4x4-photos-or-one-16x20-photo,shopify_US_7607908040774_45217219543110
description contradicts title size,description quotes 16x20 but the title says 12x22 -- trust 12x22,Signature Matted Engineered Wood Collage Frame | Americanflat 12x22 with 4x6 mat / Black / 8OP,12x22,Collage Frame,00198301010160,,23.99,yes,https://americanflat.com/products/americanflat-16x20-collage-picture-frame-fits-one-6x8-four-5x7-and-four-4x4-photos-or-one-16x20-photo,shopify_US_7607908040774_45217219969094
description contradicts title size,description quotes 16x20 but the title says 12x22 -- trust 12x22,Signature Matted Engineered Wood Collage Frame | Americanflat 12x22 with 4x6 mat / White / 8OP,12x22,Collage Frame,00198301010306,,18.99,yes,https://americanflat.com/products/americanflat-16x20-collage-picture-frame-fits-one-6x8-four-5x7-and-four-4x4-photos-or-one-16x20-photo,shopify_US_7607908040774_45217219936326
description contradicts title size,description quotes 16x20 but the title says 14x14 -- trust 14x14,Signature Matted Engineered Wood Collage Frame | Americanflat 14x14 with 4x6 mat / Black / 6OP,14x14,Collage Frame,00198301010184,,18.99,yes,https://americanflat.com/products/americanflat-16x20-collage-picture-frame-fits-one-6x8-four-5x7-and-four-4x4-photos-or-one-16x20-photo,shopify_US_7607908040774_45217219870790
description contradicts title size,description quotes 16x20 but the title says 14x14 -- trust 14x14,Signature Matted Engineered Wood Collage Frame | Americanflat 14x14 with 4x6 mat / White / 6OP,14x14,Collage Frame,00198301010320,,18.99,yes,https://americanflat.com/products/americanflat-16x20-collage-picture-frame-fits-one-6x8-four-5x7-and-four-4x4-photos-or-one-16x20-photo,shopify_US_7607908040774_45217219903558
description contradicts title size,description quotes 16x20 but the title says 15x15 -- trust 15x15,Signature Matted Engineered Wood Collage Frame | Americanflat 15x15 / Black / SGF,15x15,Collage Frame,00198301200660,,12.99,no,https://americanflat.com/products/americanflat-16x20-collage-picture-frame-fits-one-6x8-four-5x7-and-four-4x4-photos-or-one-16x20-photo,shopify_US_7607908040774_45217255784518
description contradicts title size,description quotes 16x20 but the title says 5.5x14 -- trust 5.5x14,Signature Matted Engineered Wood Collage Frame | Americanflat 5.5x14 / Black / 1 Pack,5.5x14,Collage Frame,00198301010153,,18.99,no,https://americanflat.com/products/americanflat-16x20-collage-picture-frame-fits-one-6x8-four-5x7-and-four-4x4-photos-or-one-16x20-photo,shopify_US_7607908040774_45217219608646
description contradicts title size,description quotes 16x20 but the title says 7x16 -- trust 7x16,Signature Matted Engineered Wood Collage Frame | Americanflat 7x16 / Black / 2 Opening,7x16,Collage Frame,00198301010221,,18.99,yes,https://americanflat.com/products/americanflat-16x20-collage-picture-frame-fits-one-6x8-four-5x7-and-four-4x4-photos-or-one-16x20-photo,shopify_US_7607908040774_45217219641414
description contradicts title size,description quotes 16x20 but the title says 7x16 -- trust 7x16,Signature Matted Engineered Wood Collage Frame | Americanflat 7x16 / White / 2 Opening,7x16,Collage Frame,00198301010368,,18.99,yes,https://americanflat.com/products/americanflat-16x20-collage-picture-frame-fits-one-6x8-four-5x7-and-four-4x4-photos-or-one-16x20-photo,shopify_US_7607908040774_45217219674182
description contradicts title size,description quotes 16x20 but the title says 7x7 -- trust 7x7,Signature Matted Engineered Wood Collage Frame | Americanflat 7x7 / Black / SGF,7x7,Collage Frame,00850046180699,,18.99,yes,https://americanflat.com/products/americanflat-16x20-collage-picture-frame-fits-one-6x8-four-5x7-and-four-4x4-photos-or-one-16x20-photo,shopify_US_7607908040774_45217255751750
description contradicts title size,description quotes 16x20 but the title says 8x16 -- trust 8x16,Signature Matted Engineered Wood Collage Frame | Americanflat 8x16 / Black / 1 Pack,8x16,Collage Frame,00791398912265,,18.99,yes,https://americanflat.com/products/americanflat-16x20-collage-picture-frame-fits-one-6x8-four-5x7-and-four-4x4-photos-or-one-16x20-photo,shopify_US_7607908040774_45217255424070
description contradicts title size,description quotes 16x20 but the title says 8x16 -- trust 8x16,Signature Matted Engineered Wood Collage Frame | Americanflat 8x16 / Black / 3 Opening,8x16,Collage Frame,00791398906264,,18.99,yes,https://americanflat.com/products/americanflat-16x20-collage-picture-frame-fits-one-6x8-four-5x7-and-four-4x4-photos-or-one-16x20-photo,shopify_US_7607908040774_45217255227462
description contradicts title size,description quotes 16x20 but the title says 8x16 -- trust 8x16,Signature Matted Engineered Wood Collage Frame | Americanflat 8x16 / Driftwood / 1 Pack,8x16,Collage Frame,00850038117184,,18.99,yes,https://americanflat.com/products/americanflat-16x20-collage-picture-frame-fits-one-6x8-four-5x7-and-four-4x4-photos-or-one-16x20-photo,shopify_US_7607908040774_45217254867014
description contradicts title size,description quotes 16x20 but the title says 8x16 -- trust 8x16,Signature Matted Engineered Wood Collage Frame | Americanflat 8x16 / Driftwood / 3 Opening,8x16,Collage Frame,00850038117221,,13.99,yes,https://americanflat.com/products/americanflat-16x20-collage-picture-frame-fits-one-6x8-four-5x7-and-four-4x4-photos-or-one-16x20-photo,shopify_US_7607908040774_45217255456838
description contradicts title size,description quotes 16x20 but the title says 8x16 -- trust 8x16,Signature Matted Engineered Wood Collage Frame | Americanflat 8x16 / Lightwood / 1 Pack,8x16,Collage Frame,00850038117191,,18.99,yes,https://americanflat.com/products/americanflat-16x20-collage-picture-frame-fits-one-6x8-four-5x7-and-four-4x4-photos-or-one-16x20-photo,shopify_US_7607908040774_45217254899782
description contradicts title size,description quotes 16x20 but the title says 8x16 -- trust 8x16,Signature Matted Engineered Wood Collage Frame | Americanflat 8x16 / Lightwood / 3 Opening,8x16,Collage Frame,00850038117238,,18.99,yes,https://americanflat.com/products/americanflat-16x20-collage-picture-frame-fits-one-6x8-four-5x7-and-four-4x4-photos-or-one-16x20-photo,shopify_US_7607908040774_45217255522374
description contradicts title size,description quotes 16x20 but the title says 8x16 -- trust 8x16,Signature Matted Engineered Wood Collage Frame | Americanflat 8x16 / Walnut / 1 Pack,8x16,Collage Frame,00850038117207,,18.99,yes,https://americanflat.com/products/americanflat-16x20-collage-picture-frame-fits-one-6x8-four-5x7-and-four-4x4-photos-or-one-16x20-photo,shopify_US_7607908040774_45217254834246
description contradicts title size,description quotes 16x20 but the title says 8x16 -- trust 8x16,Signature Matted Engineered Wood Collage Frame | Americanflat 8x16 / Walnut / 3 Opening,8x16,Collage Frame,00850038117245,,18.99,yes,https://americanflat.com/products/americanflat-16x20-collage-picture-frame-fits-one-6x8-four-5x7-and-four-4x4-photos-or-one-16x20-photo,shopify_US_7607908040774_45217255489606
description contradicts title size,description quotes 16x20 but the title says 8x16 -- trust 8x16,Signature Matted Engineered Wood Collage Frame | Americanflat 8x16 / White / 1 Pack,8x16,Collage Frame,00850038117214,,18.99,yes,https://americanflat.com/products/americanflat-16x20-collage-picture-frame-fits-one-6x8-four-5x7-and-four-4x4-photos-or-one-16x20-photo,shopify_US_7607908040774_45217254932550
description contradicts title size,description quotes 16x20 but the title says 8x16 -- trust 8x16,Signature Matted Engineered Wood Collage Frame | Americanflat 8x16 / White / 3 Opening,8x16,Collage Frame,00850038117252,,18.99,yes,https://americanflat.com/products/americanflat-16x20-collage-picture-frame-fits-one-6x8-four-5x7-and-four-4x4-photos-or-one-16x20-photo,shopify_US_7607908040774_45217255555142
description contradicts title size,description quotes 16x20 but the title says 8x20 -- trust 8x20,Signature Matted Engineered Wood Collage Frame | Americanflat 8x20 / Driftwood / 1 Pack,8x20,Collage Frame,00850038117269,,18.99,yes,https://americanflat.com/products/americanflat-16x20-collage-picture-frame-fits-one-6x8-four-5x7-and-four-4x4-photos-or-one-16x20-photo,shopify_US_7607908040774_45217254637638
description contradicts title size,description quotes 16x20 but the title says 8x20 -- trust 8x20,Signature Matted Engineered Wood Collage Frame | Americanflat 8x20 / Lightwood / 1 Pack,8x20,Collage Frame,00850038117276,,18.99,yes,https://americanflat.com/products/americanflat-16x20-collage-picture-frame-fits-one-6x8-four-5x7-and-four-4x4-photos-or-one-16x20-photo,shopify_US_7607908040774_45217254735942
description contradicts title size,description quotes 16x20 but the title says 8x20 -- trust 8x20,Signature Matted Engineered Wood Collage Frame | Americanflat 8x20 / Walnut / 1 Pack,8x20,Collage Frame,00850038117283,,18.99,yes,https://americanflat.com/products/americanflat-16x20-collage-picture-frame-fits-one-6x8-four-5x7-and-four-4x4-photos-or-one-16x20-photo,shopify_US_7607908040774_45217254703174
description contradicts title size,description quotes 16x20 but the title says 8x20 -- trust 8x20,Signature Matted Engineered Wood Collage Frame | Americanflat 8x20 / White / 1 Pack,8x20,Collage Frame,00850038117290,,18.99,yes,https://americanflat.com/products/americanflat-16x20-collage-picture-frame-fits-one-6x8-four-5x7-and-four-4x4-photos-or-one-16x20-photo,shopify_US_7607908040774_45217254670406
description contradicts title size,description quotes 16x20 but the title says 8x20 -- trust 8x20,Signature Matted Engineered Wood Collage Frame | Americanflat 8x20 with 4x6 mat / Black / 1 Pack,8x20,Collage Frame,00791398927054,,18.99,yes,https://americanflat.com/products/americanflat-16x20-collage-picture-frame-fits-one-6x8-four-5x7-and-four-4x4-photos-or-one-16x20-photo,shopify_US_7607908040774_45217255358534
description contradicts title size,description quotes 16x20 but the title says 8x24 -- trust 8x24,Signature Matted Engineered Wood Collage Frame | Americanflat 8x24 / Black / 1 Pack,8x24,Collage Frame,00791398927078,,18.99,yes,https://americanflat.com/products/americanflat-16x20-collage-picture-frame-fits-one-6x8-four-5x7-and-four-4x4-photos-or-one-16x20-photo,shopify_US_7607908040774_45217255260230
description contradicts title size,description quotes 16x20 but the title says 8x24 -- trust 8x24,Signature Matted Engineered Wood Collage Frame | Americanflat 8x24 / Driftwood / 1 Pack,8x24,Collage Frame,00850038117306,,18.99,no,https://americanflat.com/products/americanflat-16x20-collage-picture-frame-fits-one-6x8-four-5x7-and-four-4x4-photos-or-one-16x20-photo,shopify_US_7607908040774_45217254965318
description contradicts title size,description quotes 16x20 but the title says 8x24 -- trust 8x24,Signature Matted Engineered Wood Collage Frame | Americanflat 8x24 / Lightwood / 1 Pack,8x24,Collage Frame,00850038117313,,18.99,yes,https://americanflat.com/products/americanflat-16x20-collage-picture-frame-fits-one-6x8-four-5x7-and-four-4x4-photos-or-one-16x20-photo,shopify_US_7607908040774_45217254998086
description contradicts title size,description quotes 16x20 but the title says 8x24 -- trust 8x24,Signature Matted Engineered Wood Collage Frame | Americanflat 8x24 / Walnut / 1 Pack,8x24,Collage Frame,00850038117320,,19.99,yes,https://americanflat.com/products/americanflat-16x20-collage-picture-frame-fits-one-6x8-four-5x7-and-four-4x4-photos-or-one-16x20-photo,shopify_US_7607908040774_45217255325766
description contradicts title size,description quotes 16x20 but the title says 8x24 -- trust 8x24,Signature Matted Engineered Wood Collage Frame | Americanflat 8x24 / White / 1 Pack,8x24,Collage Frame,00850038117337,,18.99,yes,https://americanflat.com/products/americanflat-16x20-collage-picture-frame-fits-one-6x8-four-5x7-and-four-4x4-photos-or-one-16x20-photo,shopify_US_7607908040774_45217255292998
description contradicts title size,"description quotes 16x16, 5x7 but the title says 10x10 -- trust 10x10",Thin Border Picture Frame | Shatter-Resistant Plexiglass | Wall Art Display 10x10 / Black / 4x4,10x10,Picture Frame,00198301386814,,11.99,yes,https://americanflat.com/products/thin-border-picture-frame-shatter-resistant-plexiglass-wall-art-display,shopify_US_7975084851270_44859698905158
description contradicts title size,"description quotes 16x16, 5x7 but the title says 10x10 -- trust 10x10",Thin Border Picture Frame | Shatter-Resistant Plexiglass | Wall Art Display 10x10 / White / 4x4,10x10,Picture Frame,00198301386821,,11.99,yes,https://americanflat.com/products/thin-border-picture-frame-shatter-resistant-plexiglass-wall-art-display,shopify_US_7975084851270_44859698872390
description contradicts title size,"description quotes 16x16, 5x7 but the title says 11x14 -- trust 11x14",Thin Border Picture Frame | Shatter-Resistant Plexiglass | Wall Art Display 11x14 / Black / 2x3,11x14,Picture Frame,00198301386876,,12.99,yes,https://americanflat.com/products/thin-border-picture-frame-shatter-resistant-plexiglass-wall-art-display,shopify_US_7975084851270_44859698839622
description contradicts title size,"description quotes 16x16, 5x7 but the title says 11x14 -- trust 11x14",Thin Border Picture Frame | Shatter-Resistant Plexiglass | Wall Art Display 11x14 / White / 2x3,11x14,Picture Frame,00198301386944,,12.99,yes,https://americanflat.com/products/thin-border-picture-frame-shatter-resistant-plexiglass-wall-art-display,shopify_US_7975084851270_44859698806854
description contradicts title size,"description quotes 16x16, 5x7 but the title says 12x12 -- trust 12x12",Thin Border Picture Frame | Shatter-Resistant Plexiglass | Wall Art Display 12x12 / Black / 4x4,12x12,Picture Frame,00198301202695,,14.99,no,https://americanflat.com/products/thin-border-picture-frame-shatter-resistant-plexiglass-wall-art-display,shopify_US_7975084851270_44859698348102
description contradicts title size,"description quotes 16x16, 5x7 but the title says 12x16 -- trust 12x16",Thin Border Picture Frame | Shatter-Resistant Plexiglass | Wall Art Display 12x16 / Black / 4x6,12x16,Picture Frame,00810131997861,,15.99,yes,https://americanflat.com/products/thin-border-picture-frame-shatter-resistant-plexiglass-wall-art-display,shopify_US_7975084851270_44859697201222
description contradicts title size,"description quotes 16x16, 5x7 but the title says 12x16 -- trust 12x16",Thin Border Picture Frame | Shatter-Resistant Plexiglass | Wall Art Display 12x16 / Gold / 4x6,12x16,Picture Frame,00810131997885,,16.99,yes,https://americanflat.com/products/thin-border-picture-frame-shatter-resistant-plexiglass-wall-art-display,shopify_US_7975084851270_44859697233990
description contradicts title size,"description quotes 16x16, 5x7 but the title says 12x16 -- trust 12x16",Thin Border Picture Frame | Shatter-Resistant Plexiglass | Wall Art Display 12x16 / Silver / 4x6,12x16,Picture Frame,00810131997892,,16.99,yes,https://americanflat.com/products/thin-border-picture-frame-shatter-resistant-plexiglass-wall-art-display,shopify_US_7975084851270_44859697266758
description contradicts title size,"description quotes 16x16, 5x7 but the title says 12x16 -- trust 12x16",Thin Border Picture Frame | Shatter-Resistant Plexiglass | Wall Art Display 12x16 / White / 4x6,12x16,Picture Frame,00810131997908,,9.99,yes,https://americanflat.com/products/thin-border-picture-frame-shatter-resistant-plexiglass-wall-art-display,shopify_US_7975084851270_44859697299526
description contradicts title size,"description quotes 16x16, 5x7 but the title says 14x14 -- trust 14x14",Thin Border Picture Frame | Shatter-Resistant Plexiglass | Wall Art Display 14x14 / Black / 4x6,14x14,Picture Frame,00810131997915,,17.99,yes,https://americanflat.com/products/thin-border-picture-frame-shatter-resistant-plexiglass-wall-art-display,shopify_US_7975084851270_44859697332294
description contradicts title size,"description quotes 16x16, 5x7 but the title says 14x14 -- trust 14x14",Thin Border Picture Frame | Shatter-Resistant Plexiglass | Wall Art Display 14x14 / Black / 4x6 black,14x14,Picture Frame,00198301387835,,19.99,yes,https://americanflat.com/products/thin-border-picture-frame-shatter-resistant-plexiglass-wall-art-display,shopify_US_7975084851270_44859699396678
description contradicts title size,"description quotes 16x16, 5x7 but the title says 14x14 -- trust 14x14",Thin Border Picture Frame | Shatter-Resistant Plexiglass | Wall Art Display 14x14 / Gold / 4x6,14x14,Picture Frame,00810131997939,,19.99,yes,https://americanflat.com/products/thin-border-picture-frame-shatter-resistant-plexiglass-wall-art-display,shopify_US_7975084851270_44859697365062
description contradicts title size,"description quotes 16x16, 5x7 but the title says 14x14 -- trust 14x14",Thin Border Picture Frame | Shatter-Resistant Plexiglass | Wall Art Display 14x14 / Silver / 4x6,14x14,Picture Frame,00810131997946,,19.99,no,https://americanflat.com/products/thin-border-picture-frame-shatter-resistant-plexiglass-wall-art-display,shopify_US_8423982760006_45167809069126
description contradicts title size,"description quotes 16x16, 5x7 but the title says 14x14 -- trust 14x14",Thin Border Picture Frame | Shatter-Resistant Plexiglass | Wall Art Display 14x14 / Silver / 4x6,14x14,Picture Frame,00810131997946,,19.99,no,https://americanflat.com/products/thin-border-picture-frame-shatter-resistant-plexiglass-wall-art-display,shopify_US_7975084851270_44859697397830
description contradicts title size,"description quotes 16x16, 5x7 but the title says 14x14 -- trust 14x14",Thin Border Picture Frame | Shatter-Resistant Plexiglass | Wall Art Display 14x14 / White / 4x6,14x14,Picture Frame,00810131997953,,19.99,no,https://americanflat.com/products/thin-border-picture-frame-shatter-resistant-plexiglass-wall-art-display,shopify_US_7975084851270_44859697430598
description contradicts title size,"description quotes 16x16, 5x7 but the title says 14x18 -- trust 14x18",Thin Border Picture Frame | Shatter-Resistant Plexiglass | Wall Art Display 14x18 / Black / 5x7,14x18,Picture Frame,00810131997960,,19.99,yes,https://americanflat.com/products/thin-border-picture-frame-shatter-resistant-plexiglass-wall-art-display,shopify_US_7975084851270_44859698118726
description contradicts title size,"description quotes 16x16, 5x7 but the title says 14x18 -- trust 14x18",Thin Border Picture Frame | Shatter-Resistant Plexiglass | Wall Art Display 14x18 / Gold / 5x7,14x18,Picture Frame,00810131997984,,21.99,yes,https://americanflat.com/products/thin-border-picture-frame-shatter-resistant-plexiglass-wall-art-display,shopify_US_7975084851270_44859697463366
description contradicts title size,"description quotes 16x16, 5x7 but the title says 14x18 -- trust 14x18",Thin Border Picture Frame | Shatter-Resistant Plexiglass | Wall Art Display 14x18 / Silver / 5x7,14x18,Picture Frame,00810131997991,,21.99,yes,https://americanflat.com/products/thin-border-picture-frame-shatter-resistant-plexiglass-wall-art-display,shopify_US_7975084851270_44859697496134
description contradicts title size,"description quotes 16x16, 5x7 but the title says 14x18 -- trust 14x18",Thin Border Picture Frame | Shatter-Resistant Plexiglass | Wall Art Display 14x18 / White / 5x7,14x18,Picture Frame,00810131998004,,20.99,yes,https://americanflat.com/products/thin-border-picture-frame-shatter-resistant-plexiglass-wall-art-display,shopify_US_7975084851270_44859698151494
description contradicts title size,"description quotes 16x16, 5x7 but the title says 16x20 -- trust 16x20",Thin Border Picture Frame | Shatter-Resistant Plexiglass | Wall Art Display 16x20 / Black / 6x8,16x20,Picture Frame,00810131998066,,21.99,yes,https://americanflat.com/products/thin-border-picture-frame-shatter-resistant-plexiglass-wall-art-display,shopify_US_7975084851270_44859697627206
description contradicts title size,"description quotes 16x16, 5x7 but the title says 16x20 -- trust 16x20",Thin Border Picture Frame | Shatter-Resistant Plexiglass | Wall Art Display 16x20 / Gold / 6x8,16x20,Picture Frame,00810131998080,,24.99,yes,https://americanflat.com/products/thin-border-picture-frame-shatter-resistant-plexiglass-wall-art-display,shopify_US_7975084851270_44859697659974
description contradicts title size,"description quotes 16x16, 5x7 but the title says 16x20 -- trust 16x20",Thin Border Picture Frame | Shatter-Resistant Plexiglass | Wall Art Display 16x20 / Silver / 6x8,16x20,Picture Frame,00810131998097,,24.99,yes,https://americanflat.com/products/thin-border-picture-frame-shatter-resistant-plexiglass-wall-art-display,shopify_US_7975084851270_44859697692742
description contradicts title size,"description quotes 16x16, 5x7 but the title says 16x20 -- trust 16x20",Thin Border Picture Frame | Shatter-Resistant Plexiglass | Wall Art Display 16x20 / White / 6x8,16x20,Picture Frame,00810131998103,,16.99,yes,https://americanflat.com/products/thin-border-picture-frame-shatter-resistant-plexiglass-wall-art-display,shopify_US_7975084851270_44859698184262
description contradicts title size,"description quotes 16x16, 5x7 but the title says 16x24 -- trust 16x24",Thin Border Picture Frame | Shatter-Resistant Plexiglass | Wall Art Display 16x24 / Black / 8x12,16x24,Picture Frame,00198301202749,,23.99,no,https://americanflat.com/products/thin-border-picture-frame-shatter-resistant-plexiglass-wall-art-display,shopify_US_7975084851270_44859698380870
description contradicts title size,"description quotes 16x16, 5x7 but the title says 16x24 -- trust 16x24",Thin Border Picture Frame | Shatter-Resistant Plexiglass | Wall Art Display 16x24 / White / 8x12,16x24,Picture Frame,00198301386838,,24.99,yes,https://americanflat.com/products/thin-border-picture-frame-shatter-resistant-plexiglass-wall-art-display,shopify_US_7975084851270_44859698741318
description contradicts title size,"description quotes 16x16, 5x7 but the title says 18x18 -- trust 18x18",Thin Border Picture Frame | Shatter-Resistant Plexiglass | Wall Art Display 18x18 / Black / 8.5x11,18x18,Picture Frame,00198301386883,,24.99,yes,https://americanflat.com/products/thin-border-picture-frame-shatter-resistant-plexiglass-wall-art-display,shopify_US_7975084851270_44859698675782
description contradicts title size,"description quotes 16x16, 5x7 but the title says 18x18 -- trust 18x18",Thin Border Picture Frame | Shatter-Resistant Plexiglass | Wall Art Display 18x18 / Black / 8x8,18x18,Picture Frame,00198301202725,,23.99,yes,https://americanflat.com/products/thin-border-picture-frame-shatter-resistant-plexiglass-wall-art-display,shopify_US_7975084851270_44859698413638
description contradicts title size,"description quotes 16x16, 5x7 but the title says 18x18 -- trust 18x18",Thin Border Picture Frame | Shatter-Resistant Plexiglass | Wall Art Display 18x18 / White / 8.5x11,18x18,Picture Frame,00198301386951,,24.99,yes,https://americanflat.com/products/thin-border-picture-frame-shatter-resistant-plexiglass-wall-art-display,shopify_US_7975084851270_44859698610246
description contradicts title size,"description quotes 16x16, 5x7 but the title says 18x18 -- trust 18x18",Thin Border Picture Frame | Shatter-Resistant Plexiglass | Wall Art Display 18x18 / White / 8x8,18x18,Picture Frame,00198301386852,,24.99,no,https://americanflat.com/products/thin-border-picture-frame-shatter-resistant-plexiglass-wall-art-display,shopify_US_7975084851270_44859698708550
description contradicts title size,"description quotes 16x16, 5x7 but the title says 18x24 -- trust 18x24",Thin Border Picture Frame | Shatter-Resistant Plexiglass | Wall Art Display 18x24 / Black / 10x8,18x24,Picture Frame,00198301202756,,24.99,yes,https://americanflat.com/products/thin-border-picture-frame-shatter-resistant-plexiglass-wall-art-display,shopify_US_7975084851270_44859698446406
description contradicts title size,"description quotes 16x16, 5x7 but the title says 18x24 -- trust 18x24",Thin Border Picture Frame | Shatter-Resistant Plexiglass | Wall Art Display 18x24 / Black / 8x10,18x24,Picture Frame,00810131998110,,24.99,yes,https://americanflat.com/products/thin-border-picture-frame-shatter-resistant-plexiglass-wall-art-display,shopify_US_7975084851270_44859698217030
description contradicts title size,"description quotes 16x16, 5x7 but the title says 18x24 -- trust 18x24",Thin Border Picture Frame | Shatter-Resistant Plexiglass | Wall Art Display 18x24 / Black / 8x10 black,18x24,Picture Frame,00198301387866,,31.99,yes,https://americanflat.com/products/thin-border-picture-frame-shatter-resistant-plexiglass-wall-art-display,shopify_US_7975084851270_44859699298374
description contradicts title size,"description quotes 16x16, 5x7 but the title says 18x24 -- trust 18x24",Thin Border Picture Frame | Shatter-Resistant Plexiglass | Wall Art Display 18x24 / Gold / 8x10,18x24,Picture Frame,00810131998134,,26.99,no,https://americanflat.com/products/thin-border-picture-frame-shatter-resistant-plexiglass-wall-art-display,shopify_US_7975084851270_44859697725510
description contradicts title size,"description quotes 16x16, 5x7 but the title says 18x24 -- trust 18x24",Thin Border Picture Frame | Shatter-Resistant Plexiglass | Wall Art Display 18x24 / Silver / 8x10,18x24,Picture Frame,00810131998141,,26.99,yes,https://americanflat.com/products/thin-border-picture-frame-shatter-resistant-plexiglass-wall-art-display,shopify_US_7975084851270_44859697758278
description contradicts title size,"description quotes 16x16, 5x7 but the title says 18x24 -- trust 18x24",Thin Border Picture Frame | Shatter-Resistant Plexiglass | Wall Art Display 18x24 / White / 8x10,18x24,Picture Frame,00810131998158,,24.99,no,https://americanflat.com/products/thin-border-picture-frame-shatter-resistant-plexiglass-wall-art-display,shopify_US_7975084851270_44859697791046
description contradicts title size,"description quotes 16x16, 5x7 but the title says 20x20 -- trust 20x20",Thin Border Picture Frame | Shatter-Resistant Plexiglass | Wall Art Display 20x20 / Black / 10x10,20x20,Picture Frame,00198301386920,,27.99,no,https://americanflat.com/products/thin-border-picture-frame-shatter-resistant-plexiglass-wall-art-display,shopify_US_7975084851270_44859698643014
description contradicts title size,"description quotes 16x16, 5x7 but the title says 20x20 -- trust 20x20",Thin Border Picture Frame | Shatter-Resistant Plexiglass | Wall Art Display 20x20 / Black / 8x10,20x20,Picture Frame,00810131998165,,29.99,no,https://americanflat.com/products/thin-border-picture-frame-shatter-resistant-plexiglass-wall-art-display,shopify_US_7975084851270_44859697823814
description contradicts title size,"description quotes 16x16, 5x7 but the title says 20x20 -- trust 20x20",Thin Border Picture Frame | Shatter-Resistant Plexiglass | Wall Art Display 20x20 / Black / 8x10 black,20x20,Picture Frame,00198301387859,,29.99,yes,https://americanflat.com/products/thin-border-picture-frame-shatter-resistant-plexiglass-wall-art-display,shopify_US_7975084851270_44859699331142
description contradicts title size,"description quotes 16x16, 5x7 but the title says 20x20 -- trust 20x20",Thin Border Picture Frame | Shatter-Resistant Plexiglass | Wall Art Display 20x20 / Gold / 8x10,20x20,Picture Frame,00810131998189,,29.99,yes,https://americanflat.com/products/thin-border-picture-frame-shatter-resistant-plexiglass-wall-art-display,shopify_US_7975084851270_44859697856582
description contradicts title size,"description quotes 16x16, 5x7 but the title says 20x20 -- trust 20x20",Thin Border Picture Frame | Shatter-Resistant Plexiglass | Wall Art Display 20x20 / Silver / 8x10,20x20,Picture Frame,00810131998196,,29.99,yes,https://americanflat.com/products/thin-border-picture-frame-shatter-resistant-plexiglass-wall-art-display,shopify_US_7975084851270_44859697889350
description contradicts title size,"description quotes 16x16, 5x7 but the title says 20x20 -- trust 20x20",Thin Border Picture Frame | Shatter-Resistant Plexiglass | Wall Art Display 20x20 / White / 10x10,20x20,Picture Frame,00198301386999,,27.99,yes,https://americanflat.com/products/thin-border-picture-frame-shatter-resistant-plexiglass-wall-art-display,shopify_US_7975084851270_44859698577478
description contradicts title size,"description quotes 16x16, 5x7 but the title says 20x20 -- trust 20x20",Thin Border Picture Frame | Shatter-Resistant Plexiglass | Wall Art Display 20x20 / White / 8x10,20x20,Picture Frame,00810131998202,,26.99,yes,https://americanflat.com/products/thin-border-picture-frame-shatter-resistant-plexiglass-wall-art-display,shopify_US_7975084851270_44859697922118
description contradicts title size,"description quotes 16x16, 5x7 but the title says 20x26 -- trust 20x26",Thin Border Picture Frame | Shatter-Resistant Plexiglass | Wall Art Display 20x26 / Black / 11x14,20x26,Picture Frame,00810131998219,,29.99,yes,https://americanflat.com/products/thin-border-picture-frame-shatter-resistant-plexiglass-wall-art-display,shopify_US_7975084851270_44859698249798
description contradicts title size,"description quotes 16x16, 5x7 but the title says 20x26 -- trust 20x26",Thin Border Picture Frame | Shatter-Resistant Plexiglass | Wall Art Display 20x26 / Black / 11x14 black,20x26,Picture Frame,00198301387873,,34.99,yes,https://americanflat.com/products/thin-border-picture-frame-shatter-resistant-plexiglass-wall-art-display,shopify_US_7975084851270_44859699265606
description contradicts title size,"description quotes 16x16, 5x7 but the title says 20x26 -- trust 20x26",Thin Border Picture Frame | Shatter-Resistant Plexiglass | Wall Art Display 20x26 / Gold / 11x14,20x26,Picture Frame,00810131998233,,32.99,yes,https://americanflat.com/products/thin-border-picture-frame-shatter-resistant-plexiglass-wall-art-display,shopify_US_7975084851270_44859697954886
description contradicts title size,"description quotes 16x16, 5x7 but the title says 20x26 -- trust 20x26",Thin Border Picture Frame | Shatter-Resistant Plexiglass | Wall Art Display 20x26 / Silver / 11x14,20x26,Picture Frame,00810131998240,,32.99,yes,https://americanflat.com/products/thin-border-picture-frame-shatter-resistant-plexiglass-wall-art-display,shopify_US_7975084851270_44859697987654
description contradicts title size,"description quotes 16x16, 5x7 but the title says 20x26 -- trust 20x26",Thin Border Picture Frame | Shatter-Resistant Plexiglass | Wall Art Display 20x26 / White / 11x14,20x26,Picture Frame,00810131998257,,29.99,yes,https://americanflat.com/products/thin-border-picture-frame-shatter-resistant-plexiglass-wall-art-display,shopify_US_7975084851270_44859698282566
description contradicts title size,"description quotes 16x16, 5x7 but the title says 20x30 -- trust 20x30",Thin Border Picture Frame | Shatter-Resistant Plexiglass | Wall Art Display 20x30 / Black / 12x18,20x30,Picture Frame,00198301202701,,29.99,no,https://americanflat.com/products/thin-border-picture-frame-shatter-resistant-plexiglass-wall-art-display,shopify_US_8423982760006_45167810150470
description contradicts title size,"description quotes 16x16, 5x7 but the title says 20x30 -- trust 20x30",Thin Border Picture Frame | Shatter-Resistant Plexiglass | Wall Art Display 20x30 / Black / 12x18,20x30,Picture Frame,00198301202701,,29.99,no,https://americanflat.com/products/thin-border-picture-frame-shatter-resistant-plexiglass-wall-art-display,shopify_US_7975084851270_44859698479174
description contradicts title size,"description quotes 16x16, 5x7 but the title says 22x28 -- trust 22x28",Thin Border Picture Frame | Shatter-Resistant Plexiglass | Wall Art Display 22x28 / Black / 11x17,22x28,Picture Frame,00198301386906,,37.99,yes,https://americanflat.com/products/thin-border-picture-frame-shatter-resistant-plexiglass-wall-art-display,shopify_US_7975084851270_44859699068998
description contradicts title size,"description quotes 16x16, 5x7 but the title says 22x28 -- trust 22x28",Thin Border Picture Frame | Shatter-Resistant Plexiglass | Wall Art Display 22x28 / Black / 12x16,22x28,Picture Frame,00198301386913,,37.99,yes,https://americanflat.com/products/thin-border-picture-frame-shatter-resistant-plexiglass-wall-art-display,shopify_US_7975084851270_44859699101766
description contradicts title size,"description quotes 16x16, 5x7 but the title says 22x28 -- trust 22x28",Thin Border Picture Frame | Shatter-Resistant Plexiglass | Wall Art Display 22x28 / White / 11x17,22x28,Picture Frame,00198301386975,,37.99,yes,https://americanflat.com/products/thin-border-picture-frame-shatter-resistant-plexiglass-wall-art-display,shopify_US_7975084851270_44859699167302
description contradicts title size,"description quotes 16x16, 5x7 but the title says 22x28 -- trust 22x28",Thin Border Picture Frame | Shatter-Resistant Plexiglass | Wall Art Display 22x28 / White / 12x16,22x28,Picture Frame,00198301386982,,37.99,yes,https://americanflat.com/products/thin-border-picture-frame-shatter-resistant-plexiglass-wall-art-display,shopify_US_7975084851270_44859699200070
description contradicts title size,"description quotes 16x16, 5x7 but the title says 24x24 -- trust 24x24",Thin Border Picture Frame | Shatter-Resistant Plexiglass | Wall Art Display 24x24 / Black / 11x14,24x24,Picture Frame,00810131998264,,32.99,yes,https://americanflat.com/products/thin-border-picture-frame-shatter-resistant-plexiglass-wall-art-display,shopify_US_7975084851270_44859698020422
description contradicts title size,"description quotes 16x16, 5x7 but the title says 24x24 -- trust 24x24",Thin Border Picture Frame | Shatter-Resistant Plexiglass | Wall Art Display 24x24 / Black / 11x14 black,24x24,Picture Frame,00198301387880,,39.99,yes,https://americanflat.com/products/thin-border-picture-frame-shatter-resistant-plexiglass-wall-art-display,shopify_US_7975084851270_44859699232838
description contradicts title size,"description quotes 16x16, 5x7 but the title says 24x24 -- trust 24x24",Thin Border Picture Frame | Shatter-Resistant Plexiglass | Wall Art Display 24x24 / Black / 12x12,24x24,Picture Frame,00198301202718,,32.99,no,https://americanflat.com/products/thin-border-picture-frame-shatter-resistant-plexiglass-wall-art-display,shopify_US_7975084851270_44859698511942
description contradicts title size,"description quotes 16x16, 5x7 but the title says 24x24 -- trust 24x24",Thin Border Picture Frame | Shatter-Resistant Plexiglass | Wall Art Display 24x24 / Gold / 11x14,24x24,Picture Frame,00810131998288,,34.99,yes,https://americanflat.com/products/thin-border-picture-frame-shatter-resistant-plexiglass-wall-art-display,shopify_US_7975084851270_44927973523526
description contradicts title size,"description quotes 16x16, 5x7 but the title says 24x24 -- trust 24x24",Thin Border Picture Frame | Shatter-Resistant Plexiglass | Wall Art Display 24x24 / Silver / 11x14,24x24,Picture Frame,00810131998295,,34.99,yes,https://americanflat.com/products/thin-border-picture-frame-shatter-resistant-plexiglass-wall-art-display,shopify_US_7975084851270_44859698085958
description contradicts title size,"description quotes 16x16, 5x7 but the title says 24x24 -- trust 24x24",Thin Border Picture Frame | Shatter-Resistant Plexiglass | Wall Art Display 24x24 / White / 11x14,24x24,Picture Frame,00810131998301,,32.99,yes,https://americanflat.com/products/thin-border-picture-frame-shatter-resistant-plexiglass-wall-art-display,shopify_US_7975084851270_44859698315334
description contradicts title size,"description quotes 16x16, 5x7 but the title says 24x24 -- trust 24x24",Thin Border Picture Frame | Shatter-Resistant Plexiglass | Wall Art Display 24x24 / White / 12x12,24x24,Picture Frame,00198301386845,,32.99,yes,https://americanflat.com/products/thin-border-picture-frame-shatter-resistant-plexiglass-wall-art-display,shopify_US_7975084851270_44859698937926
description contradicts title size,"description quotes 16x16, 5x7 but the title says 24x30 -- trust 24x30",Thin Border Picture Frame | Shatter-Resistant Plexiglass | Wall Art Display 24x30 / Black / 13x19,24x30,Picture Frame,00198301386890,,44.99,yes,https://americanflat.com/products/thin-border-picture-frame-shatter-resistant-plexiglass-wall-art-display,shopify_US_7975084851270_44859698970694
description contradicts title size,"description quotes 16x16, 5x7 but the title says 24x30 -- trust 24x30",Thin Border Picture Frame | Shatter-Resistant Plexiglass | Wall Art Display 24x30 / Black / 14x17,24x30,Picture Frame,00198301386869,,44.99,yes,https://americanflat.com/products/thin-border-picture-frame-shatter-resistant-plexiglass-wall-art-display,shopify_US_7975084851270_44859699036230
description contradicts title size,"description quotes 16x16, 5x7 but the title says 24x30 -- trust 24x30",Thin Border Picture Frame | Shatter-Resistant Plexiglass | Wall Art Display 24x30 / Black / 9x12,24x30,Picture Frame,00198301202732,,33.99,yes,https://americanflat.com/products/thin-border-picture-frame-shatter-resistant-plexiglass-wall-art-display,shopify_US_7975084851270_44859698544710
description contradicts title size,"description quotes 16x16, 5x7 but the title says 24x30 -- trust 24x30",Thin Border Picture Frame | Shatter-Resistant Plexiglass | Wall Art Display 24x30 / White / 13x19,24x30,Picture Frame,00198301386968,,44.99,yes,https://americanflat.com/products/thin-border-picture-frame-shatter-resistant-plexiglass-wall-art-display,shopify_US_7975084851270_44859699003462
description contradicts title size,"description quotes 16x16, 5x7 but the title says 24x30 -- trust 24x30",Thin Border Picture Frame | Shatter-Resistant Plexiglass | Wall Art Display 24x30 / White / 14x17,24x30,Picture Frame,00198301386937,,44.99,yes,https://americanflat.com/products/thin-border-picture-frame-shatter-resistant-plexiglass-wall-art-display,shopify_US_7975084851270_44859699134534
feed price disagreement,feed US2 prices this at $11.99 vs $14.99 -- verify before quoting a price,11x14 | Canvas Floating Frame | Black | Modern - Premium Quality,11x14,Flag & Windsock Accessories,00198301200578,,14.99,yes,https://americanflat.com/products/canvas-floating-frame-without-mat,shopify_US_7976733933638_43893440020550
feed price disagreement,feed US2 prices this at $11.99 vs $19.99 -- verify before quoting a price,16x20 | Canvas Floating Frame | Black | Modern - Premium Quality,16x20,Flag & Windsock Accessories,00198301200592,,19.99,yes,https://americanflat.com/products/canvas-floating-frame-without-mat,shopify_US_7976733933638_43893440118854
feed price disagreement,feed US2 prices this at $21.99 vs $9.99 -- verify before quoting a price,6x8 | Picture Frame | Modern - Premium Quality,6x8,Picture Frame,00810029110341,,9.99,yes,https://americanflat.com/products/americanflat-acrylic-picture-frame,shopify_US_4774453968966_39287155556422
feed price disagreement,feed US2 prices this at $39.99 vs $19.99 -- verify before quoting a price,"Americanflat Collage Frame, Set of 4 11x14 / Modern Farmhouse",11x14,Picture Frame,00810131991685,,19.99,no,https://americanflat.com/products/collage-picture-frame-set-of-4-shatter-resistant-with-mat-multi-wood-finish-americanflatcollage-picture-frame-set-of-4-shatter-resistant-with-mat-multi-wood-finish,shopify_US_7972754587718_43873795178566
feed price disagreement,feed US2 prices this at $18.99 vs $31.99 -- verify before quoting a price,Collage Picture Frame | 12x30 with 9 Openings Mat | White | Gallery Wall Display,12x30,Collage Frame,00198301010344,,31.99,yes,https://americanflat.com/products/americanflat-16x20-collage-picture-frame-fits-one-6x8-four-5x7-and-four-4x4-photos-or-one-16x20-photo,shopify_US_7607908040774_44857661030470
feed price disagreement,feed US2 prices this at $18.99 vs $20.99 -- verify before quoting a price,Collage Picture Frame | 16x20 with 9 Openings Mat | Black | Gallery Wall Display,16x20,Collage Frame,00198301010252,,20.99,yes,https://americanflat.com/products/americanflat-16x20-collage-picture-frame-fits-one-6x8-four-5x7-and-four-4x4-photos-or-one-16x20-photo,shopify_US_7607908040774_41863281016902
feed price disagreement,feed US2 prices this at $18.99 vs $24.99 -- verify before quoting a price,Collage Picture Frame | 16x20 with 9 Openings Mat | White | Gallery Wall Display,16x20,Collage Frame,00198301010399,,24.99,yes,https://americanflat.com/products/americanflat-16x20-collage-picture-frame-fits-one-6x8-four-5x7-and-four-4x4-photos-or-one-16x20-photo,shopify_US_7607908040774_41863281049670
feed price disagreement,feed US2 prices this at $18.99 vs $31.99 -- verify before quoting a price,Collage Picture Frame | 18x26 with 16 Openings Mat | Black | Multi-Photo Display,18x26,Collage Frame,00198301010269,,31.99,yes,https://americanflat.com/products/americanflat-16x20-collage-picture-frame-fits-one-6x8-four-5x7-and-four-4x4-photos-or-one-16x20-photo,shopify_US_7607908040774_44857661096006
feed price disagreement,feed US2 prices this at $18.99 vs $31.99 -- verify before quoting a price,Collage Picture Frame | 18x26 with 16 Openings Mat | White | Multi-Photo Display,18x26,Collage Frame,00198301010405,,31.99,yes,https://americanflat.com/products/americanflat-16x20-collage-picture-frame-fits-one-6x8-four-5x7-and-four-4x4-photos-or-one-16x20-photo,shopify_US_7607908040774_44857661063238
feed price disagreement,feed US2 prices this at $18.99 vs $29.99 -- verify before quoting a price,Collage Picture Frame | 20x20 with 11 Openings Mat | Black | Multi-Photo Display,20x20,Collage Frame,00198301010276,,29.99,yes,https://americanflat.com/products/americanflat-16x20-collage-picture-frame-fits-one-6x8-four-5x7-and-four-4x4-photos-or-one-16x20-photo,shopify_US_7607908040774_44857660964934
feed price disagreement,feed US2 prices this at $21.99 vs $15.99 -- verify before quoting a price,Diploma Frame | 11x14 with 8.5x11 Mat | 2 Pack | Light Wood | Wall Display Frame,11x14,Picture Frame,00850036047551,,15.99,yes,https://americanflat.com/products/americanflat-diploma-frame-with-8-5x11-mat-shatter-resistant-glass,shopify_US_7972754784326_45211857256518
feed price disagreement,feed US2 prices this at $39.99 vs $15.99 -- verify before quoting a price,Diploma Frame | 11x14 with 8.5x11 Mat | 4 Pack | Black | Document Display Frame,11x14,Picture Frame,00850038117573,,15.99,no,https://americanflat.com/products/americanflat-diploma-frame-with-8-5x11-mat-shatter-resistant-glass,shopify_US_7972754784326_45211857223750
feed price disagreement,feed US2 prices this at $29.99 vs $19.99 -- verify before quoting a price,Diploma Frame | 12.5x15 | Black | Shatter-Resistant Glass Tabletop Wall Display,12.5x15,Picture Frame,00198301001755,,19.99,yes,https://americanflat.com/products/floating-picture-frame-without-mat,shopify_US_7976732786758_43893434875974
feed price disagreement,feed US2 prices this at $19.95 vs $21.99 -- verify before quoting a price,Floating Picture Frame | 11x11 | Black | Shatter-Resistant Glass Photo Frame Art,11x11,Picture Frame,00789075280912,,21.99,no,https://americanflat.com/products/floating-picture-frame-choose-your-size-and-quantity,shopify_US_4774451347526_44901906448454
feed price disagreement,feed US2 prices this at $43.99 vs $20.99 -- verify before quoting a price,Floating Picture Frame | 11x14 2 Pack Black | Aluminum Double Glass Wall Decor,11x14,Picture Frame,00198301001847,,20.99,no,https://americanflat.com/products/aluminum-floating-frame-shatter-resistant-without-mat-metal-molding-gallery-look,shopify_US_7976732622918_44854535979078
feed price disagreement,feed US2 prices this at $14.99 vs $21.99 -- verify before quoting a price,Floating Picture Frame | 8.5x11 | Black | Shatter-Resistant Glass Photo Frame,8.5x11,Picture Frame,00789075281148,,21.99,yes,https://americanflat.com/products/floating-picture-frame-choose-your-size-and-quantity,shopify_US_4774451347526_45062552453190
feed price disagreement,feed US2 prices this at $21.99 vs $14.99 -- verify before quoting a price,Floating Picture Frame | 8x10 | White | Shatter-Resistant Glass Photo Frame Art,8x10,Picture Frame,00810029116732,,14.99,no,https://americanflat.com/products/floating-picture-frame-choose-your-size-and-quantity,shopify_US_4774451347526_44901906284614
feed price disagreement,feed US2 prices this at $47.99 vs $38.99 -- verify before quoting a price,Front Loading Picture Frame | 13x19 | 3 Pack | Black | Wall Decor Display Frame,13x19,Picture Frame,00850038118013,,38.99,yes,https://americanflat.com/products/abs-plexiglass-picture-frames,shopify_US_7294297571398_41076583465030
feed price disagreement,feed US2 prices this at $34.99 vs $38.99 -- verify before quoting a price,Front Loading Picture Frame | 5x7 | 12 Pack | Black | Gallery Wall Display Frame,5x7,Picture Frame,00850038118044,,38.99,yes,https://americanflat.com/products/abs-plexiglass-picture-frames,shopify_US_7294297571398_41076583759942
feed price disagreement,feed US2 prices this at $28.99 vs $38.99 -- verify before quoting a price,Front Loading Picture Frame | 8x10 with 5x7 Mat | 6 Pack | Black | Wall Display,8x10,Picture Frame,00850038118075,,38.99,no,https://americanflat.com/products/abs-plexiglass-picture-frames,shopify_US_7294297571398_41076583661638
feed price disagreement,feed US2 prices this at $14.99 vs $13.99 -- verify before quoting a price,Front Opening Shadow Box | 8x10 | Grey Wood | Modern Minimalist Wall Photo Frame,8x10,Shadow Box,00810131991715,,13.99,yes,https://americanflat.com/products/shadow-box-frame-front-loading-with-door-display-case-with-hanging-hardware-for-wall-and-tabletop,shopify_US_8423991410758_45167859826758
feed price disagreement,feed US2 prices this at $12.99 vs $10.99 -- verify before quoting a price,Hinged Picture Frame | 4x6 | Driftwood | Shatter-Resistant Glass Photo Frame Art,4x6,Picture Frame,00850037537778,,10.99,no,https://americanflat.com/products/hinged-picture-frame-with-two-displays-composite-wood-with-polished-glass-for-tabletop,shopify_US_7314067849286_44916882767942
feed price disagreement,feed US2 prices this at $12.99 vs $10.99 -- verify before quoting a price,Hinged Picture Frame | 5x7 | Mahogany | Shatter-Resistant Glass Photo Frame Art,5x7,Picture Frame,00198301386166,,10.99,no,https://americanflat.com/products/hinged-picture-frame-with-two-displays-composite-wood-with-polished-glass-for-tabletop,shopify_US_7314067849286_44916883456070
feed price disagreement,feed US2 prices this at $14.99 vs $10.99 -- verify before quoting a price,Hinged Picture Frame | 5x7 | Silver | Shatter-Resistant Glass Gallery Wall Decor,5x7,Picture Frame,00850037537921,,10.99,yes,https://americanflat.com/products/hinged-picture-frame-with-two-displays-composite-wood-with-polished-glass-for-tabletop,shopify_US_7314067849286_44916883259462
feed price disagreement,feed US2 prices this at $10.99 vs $19.99 -- verify before quoting a price,Hinged Picture Frame | 8x10 | Walnut | Shatter-Resistant Glass Photo Frame Art,8x10,Picture Frame,00850038117641,,19.99,yes,https://americanflat.com/products/hinged-picture-frame-with-two-displays-composite-wood-with-polished-glass-for-tabletop,shopify_US_7314067849286_41134064271430
feed price disagreement,feed US2 prices this at $26.99 vs $15.29 -- verify before quoting a price,Kids Art Frame | 10x12.5 with 8.5x11 Mat | 2 Pack | Black | Gallery Wall Display,10x12.5,Kids Art Frame,,,15.29,yes,https://americanflat.com/products/americanflat-kids-art-frame-holds-100-photos-modern-premium-quality,shopify_US_8442832814150_45255694155846
feed price disagreement,feed US2 prices this at $19.99 vs $15.29 -- verify before quoting a price,Kids Art Frame | 10x12.5 with 8.5x11 Mat | 2 Pack | Pink | Gallery Wall Display,10x12.5,Kids Art Frame,,,15.29,yes,https://americanflat.com/products/americanflat-kids-art-frame-holds-100-photos-modern-premium-quality,shopify_US_8442832814150_45255694319686
feed price disagreement,feed US2 prices this at $15.29 vs $26.99 -- verify before quoting a price,Kids Art Frame | 10x12.5 with 8.5x11 Mat | 2 Pack | White | Gallery Wall Display,10x12.5,Kids Art Frame,,,26.99,no,https://americanflat.com/products/americanflat-kids-art-frame-holds-100-photos-modern-premium-quality,shopify_US_8442832814150_45255694286918
feed price disagreement,feed US2 prices this at $26.99 vs $13.99 -- verify before quoting a price,Metal Picture Frame | 13x19 with 11x17 Mat | Black | Tempered Glass Display Art,13x19,Picture Frame,,,13.99,yes,https://americanflat.com/products/aluminum-picture-frame-with-mat-shatter-resistant-glass-and-built-in-hanging-hardware,shopify_US_7303485259846_41107069403206
feed price disagreement,feed US2 prices this at $6.99 vs $11.99 -- verify before quoting a price,Picture Frame | 10x10 with 8x8 Mat | Black | Shatter-Resistant Glass Photo Frame,10x10,Picture Frame,00850038118884,,11.99,yes,https://americanflat.com/products/americanflat-picture-frame-includes-mat-classic-molding-signature-collection,shopify_US_8423992066118_45211578105926
feed price disagreement,feed US2 prices this at $6.99 vs $11.99 -- verify before quoting a price,Picture Frame | 10x10 with 8x8 Mat | Black | Shatter-Resistant Glass Photo Frame,10x10,Picture Frame,00198301384841,,11.99,yes,https://americanflat.com/products/americanflat-picture-frame-includes-mat-classic-molding-signature-collection,shopify_US_8423992066118_45211578236998
feed price disagreement,feed US2 prices this at $10.99 vs $6.99 -- verify before quoting a price,Picture Frame | 10x10 | Black | Shatter-Resistant Glass Tabletop Wall Display,10x10,Picture Frame,00810131993122,,6.99,no,https://americanflat.com/products/picture-frame-slim-molding-streamline-collection,shopify_US_8423981842502_45167801991238
feed price disagreement,feed US2 prices this at $6.99 vs $13.99 -- verify before quoting a price,Picture Frame | 10x12 with 8x10 Mat | White | Wall Mount Document Display Frame,10x12,Picture Frame,00198301000727,,13.99,yes,https://americanflat.com/products/americanflat-picture-frame-includes-mat-classic-molding-signature-collection,shopify_US_8423992066118_45167863857222
feed price disagreement,feed US2 prices this at $6.99 vs $11.99 -- verify before quoting a price,Picture Frame | 11x11 with 8x8 Mat | Black | Shatter-Resistant Glass Photo Frame,11x11,Picture Frame,00791398912203,,11.99,yes,https://americanflat.com/products/americanflat-picture-frame-includes-mat-classic-molding-signature-collection,shopify_US_8423992066118_45167862972486
feed price disagreement,feed US2 prices this at $6.99 vs $12.99 -- verify before quoting a price,Picture Frame | 11x11 with 8x8 Mat | Driftwood | Tabletop and Wall Photo Frame,11x11,Picture Frame,00850036047728,,12.99,yes,https://americanflat.com/products/americanflat-picture-frame-includes-mat-classic-molding-signature-collection,shopify_US_8423992066118_45167863005254
feed price disagreement,feed US2 prices this at $6.99 vs $12.99 -- verify before quoting a price,Picture Frame | 11x11 with 8x8 Mat | Gold | Shatter-Resistant Glass Photo Frame,11x11,Picture Frame,00810029119986,,12.99,yes,https://americanflat.com/products/americanflat-picture-frame-includes-mat-classic-molding-signature-collection,shopify_US_8423992066118_45167863103558
feed price disagreement,feed US2 prices this at $6.99 vs $11.99 -- verify before quoting a price,Picture Frame | 11x11 with 8x8 Mat | Light Wood | Tabletop and Wall Photo Frame,11x11,Picture Frame,00850036047018,,11.99,yes,https://americanflat.com/products/americanflat-picture-frame-includes-mat-classic-molding-signature-collection,shopify_US_8423992066118_45167863038022
feed price disagreement,feed US2 prices this at $6.99 vs $11.99 -- verify before quoting a price,Picture Frame | 11x11 with 8x8 Mat | Silver | Wall Mount Document Display Frame,11x11,Picture Frame,00810029119993,,11.99,yes,https://americanflat.com/products/americanflat-picture-frame-includes-mat-classic-molding-signature-collection,shopify_US_8423992066118_45167863136326
feed price disagreement,feed US2 prices this at $6.99 vs $14.99 -- verify before quoting a price,Picture Frame | 11x14 with 5x7 Mat | Dark Oak | Tabletop and Wall Photo Frame,11x14,Picture Frame,00850038117474,,14.99,yes,https://americanflat.com/products/americanflat-picture-frame-includes-mat-classic-molding-signature-collection,shopify_US_8423992066118_45211578564678
feed price disagreement,feed US2 prices this at $6.99 vs $14.99 -- verify before quoting a price,Picture Frame | 11x14 with 5x7 Mat | Driftwood | Tabletop and Wall Photo Frame,11x14,Picture Frame,00850038117443,,14.99,yes,https://americanflat.com/products/americanflat-picture-frame-includes-mat-classic-molding-signature-collection,shopify_US_8423992066118_45211578597446
feed price disagreement,feed US2 prices this at $6.99 vs $11.99 -- verify before quoting a price,Picture Frame | 11x14 with 8x10 Mat | Black | Wall Mount Document Display Frame,11x14,Picture Frame,00791398906318,,11.99,yes,https://americanflat.com/products/americanflat-picture-frame-includes-mat-classic-molding-signature-collection,shopify_US_8423992066118_45167863267398
feed price disagreement,feed US2 prices this at $27.99 vs $19.99 -- verify before quoting a price,Picture Frame | 11x14 with 8x10 Mat | Gold | Shatter-Resistant Glass Photo Frame,11x14,Picture Frame,,,19.99,yes,https://americanflat.com/products/memento-matted-picture-frame,shopify_US_8434400493638_45211469938758
feed price disagreement,feed US2 prices this at $6.99 vs $13.99 -- verify before quoting a price,Picture Frame | 11x14 with 8x10 Mat | Natural Oak | Document Certificate Display,11x14,Picture Frame,00810131990459,,13.99,yes,https://americanflat.com/products/americanflat-picture-frame-includes-mat-classic-molding-signature-collection,shopify_US_8423992066118_45167863365702
feed price disagreement,feed US2 prices this at $18.99 vs $16.99 -- verify before quoting a price,Picture Frame | 11x14 with 8x10 Mat | Natural Oak | Document Certificate Display,11x14,Picture Frame,00810131994266,,16.99,no,https://americanflat.com/products/hudson-picture-frame,shopify_US_8337697505350_44860538323014
feed price disagreement,feed US2 prices this at $6.99 vs $22.99 -- verify before quoting a price,Picture Frame | 11x14 with 8x10 Mat | Set of 2 | Black | Modern Wall Art Display,11x14,Picture Frame,00758381223807,,22.99,yes,https://americanflat.com/products/americanflat-picture-frame-includes-mat-classic-molding-signature-collection,shopify_US_8423992066118_45211578433606
feed price disagreement,feed US2 prices this at $12.99 vs $10.99 -- verify before quoting a price,Picture Frame | 11x14 with 8x10 Mat | Set of 2 | Gold | Changeable Artwork Frame,11x14,Picture Frame,00198301007269,,10.99,no,https://americanflat.com/products/classic-gallery-picture-frame-set-of-5-galleria-collection-includes-mat,shopify_US_7297968046150_45211317272646
feed price disagreement,feed US2 prices this at $6.99 vs $13.99 -- verify before quoting a price,Picture Frame | 11x14 with 8x10 Mat | Silver | Wall Mount Document Display Frame,11x14,Picture Frame,,,13.99,yes,https://americanflat.com/products/americanflat-picture-frame-includes-mat-classic-molding-signature-collection,shopify_US_8423992066118_45167864119366
feed price disagreement,feed US2 prices this at $12.99 vs $8.49 -- verify before quoting a price,Picture Frame | 11x14 with 8x10 Mat | Silver | Wall Mount Document Display Frame,11x14,Picture Frame,00850001296724,,8.49,no,https://americanflat.com/products/picture-frame-includes-mat-slim-molding-streamline-collection,shopify_US_8423983349830_45167813492806
feed price disagreement,feed US2 prices this at $14.99 vs $7.99 -- verify before quoting a price,Picture Frame | 11x14 with 8x10 Mat | White | Wall Mount Document Display Frame,11x14,Picture Frame,00810131991234,,7.99,no,https://americanflat.com/products/picture-frame-with-mat-deep-molding-frame-with-shatter-resistant-glass-and-hanging-hardware-included,shopify_US_7298598469702_44916328497222
feed price disagreement,feed US2 prices this at $6.99 vs $12.99 -- verify before quoting a price,Picture Frame | 11x14 with 8x10 Mat | White | Wall Mount Document Display Frame,11x14,Picture Frame,00791398906325,,12.99,yes,https://americanflat.com/products/americanflat-picture-frame-includes-mat-classic-molding-signature-collection,shopify_US_8423992066118_45167863332934
feed price disagreement,feed US2 prices this at $24.99 vs $12.99 -- verify before quoting a price,Picture Frame | 11x14 | Black | Shatter-Resistant Glass Tabletop Wall Display,11x14,Picture Frame,00850038117832,,12.99,yes,https://americanflat.com/products/rustic-distressed-picture-frame-with-textured-wood-and-polished-glass,shopify_US_6999848058950_41074709364806
feed price disagreement,feed US2 prices this at $24.99 vs $12.99 -- verify before quoting a price,Picture Frame | 11x14 | White | Shatter-Resistant Glass Tabletop Wall Display,11x14,Picture Frame,00850038117894,,12.99,no,https://americanflat.com/products/rustic-distressed-picture-frame-with-textured-wood-and-polished-glass,shopify_US_6999848058950_41074709397574
feed price disagreement,feed US2 prices this at $34.99 vs $10.99 -- verify before quoting a price,Picture Frame | 11x17 with 9x15 Mat | Set of 5 | Gold | Wall Decor Display Frame,11x17,Picture Frame,00198301007351,,10.99,yes,https://americanflat.com/products/classic-gallery-picture-frame-set-of-5-galleria-collection-includes-mat,shopify_US_7297968046150_44860285747270
feed price disagreement,feed US2 prices this at $14.99 vs $19.99 -- verify before quoting a price,Picture Frame | 11x17 | Black | Shatter-Resistant Glass Tabletop Wall Display,11x17,Picture Frame,00810131991241,,19.99,yes,https://americanflat.com/products/deep-molding-picture-frame-without-mat,shopify_US_7976734195782_43893441232966
feed price disagreement,feed US2 prices this at $6.99 vs $17.99 -- verify before quoting a price,Picture Frame | 12x12 with 8x8 Mat | White | Shatter-Resistant Glass Photo Frame,12x12,Picture Frame,00810029116510,,17.99,yes,https://americanflat.com/products/americanflat-picture-frame-includes-mat-classic-molding-signature-collection,shopify_US_8423992066118_45167863496774
feed price disagreement,feed US2 prices this at $6.99 vs $18.99 -- verify before quoting a price,Picture Frame | 12x15 with 9x12 Mat | Black | Wall Mount Document Display Frame,12x15,Picture Frame,00810131992125,,18.99,yes,https://americanflat.com/products/americanflat-picture-frame-includes-mat-classic-molding-signature-collection,shopify_US_8423992066118_45167863529542
feed price disagreement,feed US2 prices this at $6.99 vs $17.99 -- verify before quoting a price,Picture Frame | 12x16 with 8x12 Mat | Black | Wall Mount Document Display Frame,12x16,Picture Frame,00791398917826,,17.99,yes,https://americanflat.com/products/americanflat-picture-frame-includes-mat-classic-molding-signature-collection,shopify_US_8423992066118_45211578138694
feed price disagreement,feed US2 prices this at $6.99 vs $19.99 -- verify before quoting a price,Picture Frame | 12x16 with 8x12 Mat | Black | Wall Mount Document Display Frame,12x16,Picture Frame,00198301384827,,19.99,yes,https://americanflat.com/products/americanflat-picture-frame-includes-mat-classic-molding-signature-collection,shopify_US_8423992066118_45211578269766
feed price disagreement,feed US2 prices this at $25.19 vs $27.99 -- verify before quoting a price,Picture Frame | 12x36 | Black | Shatter-Resistant Glass Tabletop Wall Display,12x36,Picture Frame,00810131990992,,27.99,yes,https://americanflat.com/products/picture-frame-slim-molding-streamline-collection,shopify_US_8423981842502_45167802875974
feed price disagreement,feed US2 prices this at $17.99 vs $19.99 -- verify before quoting a price,Picture Frame | 13x19 | Black | Shatter-Resistant Glass Tabletop Wall Display,13x19,Picture Frame,00619639254014,,19.99,yes,https://americanflat.com/products/picture-frame-classic-molding-signature-collection-americanflat,shopify_US_8423985905734_45167827976262
feed price disagreement,feed US2 prices this at $6.99 vs $21.99 -- verify before quoting a price,Picture Frame | 15x15 with 12x12 Mat | Black | Wall Mount Document Display Frame,15x15,Picture Frame,00810131992149,,21.99,yes,https://americanflat.com/products/americanflat-picture-frame-includes-mat-classic-molding-signature-collection,shopify_US_8423992066118_45167863595078
feed price disagreement,feed US2 prices this at $24.99 vs $18.99 -- verify before quoting a price,Picture Frame | 16x20 with 12x16 Mat | Silver | Tabletop and Wall Photo Frame,16x20,Picture Frame,00810131994730,,18.99,no,https://americanflat.com/products/hudson-picture-frame,shopify_US_8337697505350_44860534456390
feed price disagreement,feed US2 prices this at $18.99 vs $21.99 -- verify before quoting a price,Picture Frame | 16x20 | Natural Oak | Shatter-Resistant Glass Gallery Wall Decor,16x20,Poster Frame,00810131990305,,21.99,yes,https://americanflat.com/products/epic-poster-frame,shopify_US_8433904222278_45210551812166
feed price disagreement,feed US2 prices this at $23.99 vs $6.99 -- verify before quoting a price,Picture Frame | 16x22 | Black | Shatter-Resistant Glass Tabletop Wall Display,16x22,Picture Frame,00810131993306,,6.99,no,https://americanflat.com/products/picture-frame-slim-molding-streamline-collection,shopify_US_8423981842502_45167803301958
feed price disagreement,feed US2 prices this at $26.99 vs $18.99 -- verify before quoting a price,Picture Frame | 17x23 with 13x19 Mat | Gold | Wall Mount Document Display Frame,17x23,Picture Frame,00810131994853,,18.99,no,https://americanflat.com/products/hudson-picture-frame,shopify_US_8337697505350_44860535111750
feed price disagreement,feed US2 prices this at $20.99 vs $10.99 -- verify before quoting a price,Picture Frame | 18x12 | Black | Shatter-Resistant Glass Tabletop Wall Display,18x12,Picture Frame,00810131992163,,10.99,yes,https://americanflat.com/products/picture-frame-classic-molding-signature-collection-americanflat,shopify_US_8423985905734_45167830302790
feed price disagreement,feed US2 prices this at $26.99 vs $29.99 -- verify before quoting a price,Picture Frame | 20x20 | Black | Shatter-Resistant Glass Tabletop Wall Display,20x20,Poster Frame,00850039095108,,29.99,yes,https://americanflat.com/products/epic-poster-frame,shopify_US_8433904222278_45210554531910
feed price disagreement,feed US2 prices this at $18.99 vs $28.99 -- verify before quoting a price,Picture Frame | 20x24 with 16x20 Mat | White | Wall Mount Document Display Frame,20x24,Picture Frame,00810131994990,,28.99,yes,https://americanflat.com/products/hudson-picture-frame,shopify_US_8337697505350_44860535668806
feed price disagreement,feed US2 prices this at $31.49 vs $34.99 -- verify before quoting a price,Picture Frame | 20x28 with 16x24 Mat | Black | Wall Mount Document Display Frame,20x28,Poster Frame,00810131991968,,34.99,yes,https://americanflat.com/products/epic-matted-poster-frame,shopify_US_7304803287110_41113020727366
feed price disagreement,feed US2 prices this at $32.99 vs $18.99 -- verify before quoting a price,Picture Frame | 20x28 with 16x24 Mat | Silver | Tabletop and Wall Photo Frame,20x28,Picture Frame,00810131995102,,18.99,no,https://americanflat.com/products/hudson-picture-frame,shopify_US_8337697505350_44860535898182
feed price disagreement,feed US2 prices this at $35.99 vs $39.99 -- verify before quoting a price,Picture Frame | 20x28 | Set of 3 | Black | Shatter-Resistant Glass Photo Frame,20x28,Picture Frame,00810131999780,,39.99,yes,https://americanflat.com/products/poster-frame-in-black-3-pack-with-slimline-molding-and-plexiglass-covers-horizontal-and-vertical-display,shopify_US_7305689858118_41116613967942
feed price disagreement,feed US2 prices this at $32.39 vs $35.99 -- verify before quoting a price,Picture Frame | 24x24 with 20x20 Mat | Black | Wall Mount Document Display Frame,24x24,Poster Frame,00810131991982,,35.99,yes,https://americanflat.com/products/epic-matted-poster-frame,shopify_US_7304803287110_41113020792902
feed price disagreement,feed US2 prices this at $10.43 vs $6.99 -- verify before quoting a price,Picture Frame | 4x6 | Black | Shatter-Resistant Glass Tabletop Wall Display,4x6,Picture Frame,00850001296885,,6.99,no,https://americanflat.com/products/picture-frame-slim-molding-streamline-collection,shopify_US_8423981842502_45167801499718
feed price disagreement,feed US2 prices this at $7.99 vs $6.99 -- verify before quoting a price,Picture Frame | 4x6 | Mahogany | Shatter-Resistant Glass Tabletop Wall Display,4x6,Picture Frame,00850001296731,,6.99,no,https://americanflat.com/products/picture-frame-slim-molding-streamline-collection,shopify_US_8423981842502_45167801401414
feed price disagreement,feed US2 prices this at $7.99 vs $6.99 -- verify before quoting a price,Picture Frame | 4x6 | Walnut | Shatter-Resistant Glass Tabletop Wall Display,4x6,Picture Frame,00850001296786,,6.99,no,https://americanflat.com/products/picture-frame-slim-molding-streamline-collection,shopify_US_8423981842502_45167801303110
feed price disagreement,feed US2 prices this at $8.99 vs $10.99 -- verify before quoting a price,Picture Frame | 5.5x6.5 with 2.5x3.5 Mat | Set of 2 | Black | Wall Decor Display,5.5x6.5,Picture Frame,00198301001427,,10.99,no,https://americanflat.com/products/classic-gallery-picture-frame-set-of-5-galleria-collection-includes-mat,shopify_US_7297968046150_45211316879430
feed price disagreement,feed US2 prices this at $15.99 vs $10.99 -- verify before quoting a price,Picture Frame | 5x6 with 2x3 Mat | Set of 5 | Black | Gallery Wall Display Frame,5x6,Picture Frame,00198301000772,,10.99,no,https://americanflat.com/products/classic-gallery-picture-frame-set-of-5-galleria-collection-includes-mat,shopify_US_7297968046150_44860286828614
feed price disagreement,feed US2 prices this at $4.99 vs $8.49 -- verify before quoting a price,Picture Frame | 6x6 with 4x4 Mat | White | Shatter-Resistant Glass Photo Frame,6x6,Picture Frame,00198301000062,,8.49,no,https://americanflat.com/products/picture-frame-includes-mat-slim-molding-streamline-collection,shopify_US_8423983349830_45167815786566
feed price disagreement,feed US2 prices this at $17.99 vs $10.99 -- verify before quoting a price,Picture Frame | 6x8 with 3x5 Mat | Set of 5 | Black | Gallery Wall Display Frame,6x8,Picture Frame,00198301000796,,10.99,no,https://americanflat.com/products/classic-gallery-picture-frame-set-of-5-galleria-collection-includes-mat,shopify_US_7297968046150_44860286861382
feed price disagreement,feed US2 prices this at $11.99 vs $29.99 -- verify before quoting a price,Picture Frame | 7x12 with 3 Openings | Black | Wall Mount Document Display Frame,7x12,Picture Frame,00198301001632,,29.99,yes,https://americanflat.com/products/americanflat-7x12-picture-frame-with-3-openings-for-2x3-instant-print-photos-black-mini-picture-frames-for-tabletop-and-wall-display-with-shatter-resistant-glass,shopify_US_8423992983622_45167868346438
feed price disagreement,feed US2 prices this at $6.99 vs $8.99 -- verify before quoting a price,Picture Frame | 8x10 with 5x7 Mat | Driftwood | Tabletop and Wall Photo Frame,8x10,Picture Frame,00810029117388,,8.99,yes,https://americanflat.com/products/americanflat-picture-frame-includes-mat-classic-molding-signature-collection,shopify_US_8423992066118_45167862612038
feed price disagreement,feed US2 prices this at $6.99 vs $7.99 -- verify before quoting a price,Picture Frame | 8x10 with 5x7 Mat | Light Wood | Tabletop and Wall Photo Frame,8x10,Picture Frame,00810029117418,,7.99,no,https://americanflat.com/products/americanflat-picture-frame-includes-mat-classic-molding-signature-collection,shopify_US_8423992066118_45167862644806
feed price disagreement,feed US2 prices this at $6.99 vs $16.99 -- verify before quoting a price,Picture Frame | 8x10 with 5x7 Mat | Set of 2 | Black | Changeable Artwork Frame,8x10,Picture Frame,00789075280394,,16.99,yes,https://americanflat.com/products/americanflat-picture-frame-includes-mat-classic-molding-signature-collection,shopify_US_8423992066118_45211578466374
feed price disagreement,feed US2 prices this at $23.99 vs $10.99 -- verify before quoting a price,Picture Frame | 8x10 with 5x7 Mat | Set of 5 | Silver | Wall Decor Display Frame,8x10,Picture Frame,00198301007146,,10.99,yes,https://americanflat.com/products/classic-gallery-picture-frame-set-of-5-galleria-collection-includes-mat,shopify_US_7297968046150_44860284665926
feed price disagreement,feed US2 prices this at $6.99 vs $9.99 -- verify before quoting a price,Picture Frame | 8x10 with 5x7 Mat | White | Shatter-Resistant Glass Photo Frame,8x10,Picture Frame,,,9.99,yes,https://americanflat.com/products/americanflat-picture-frame-includes-mat-classic-molding-signature-collection,shopify_US_8423992066118_45167863791686
feed price disagreement,feed US2 prices this at $27.99 vs $16.99 -- verify before quoting a price,Picture Frame | 8x10 | 6 Pack | Black | Shatter-Resistant Glass Photo Frame Art,8x10,Picture Frame,00810029119580,,16.99,no,https://americanflat.com/products/gallery-wall-picture-frames-sets,shopify_US_8358559940678_44916367392838
feed price disagreement,feed US2 prices this at $15.29 vs $16.99 -- verify before quoting a price,Picture Frame | 8x20 | Black | Shatter-Resistant Glass Tabletop Wall Display,8x20,Picture Frame,00850039095023,,16.99,yes,https://americanflat.com/products/picture-frame-classic-molding-signature-collection-americanflat,shopify_US_8423985905734_45167829909574
feed price disagreement,feed US2 prices this at $17.99 vs $19.99 -- verify before quoting a price,Picture Frame | 8x24 | Black | Shatter-Resistant Glass Tabletop Wall Display,8x24,Picture Frame,00850039095030,,19.99,yes,https://americanflat.com/products/picture-frame-classic-molding-signature-collection-americanflat,shopify_US_8423985905734_45167829942342
feed price disagreement,feed US2 prices this at $6.99 vs $9.99 -- verify before quoting a price,Picture Frame | 8x8 with 4x4 Mat | Black | Shatter-Resistant Glass Photo Frame,8x8,Picture Frame,00791398912180,,9.99,yes,https://americanflat.com/products/americanflat-picture-frame-includes-mat-classic-molding-signature-collection,shopify_US_8423992066118_45167863758918
feed price disagreement,feed US2 prices this at $6.99 vs $7.99 -- verify before quoting a price,Picture Frame | 8x8 with 4x4 Mat | Driftwood | Wall Mount Document Display Frame,8x8,Picture Frame,00810029119887,,7.99,yes,https://americanflat.com/products/americanflat-picture-frame-includes-mat-classic-molding-signature-collection,shopify_US_8423992066118_45167862382662
feed price disagreement,feed US2 prices this at $6.99 vs $10.99 -- verify before quoting a price,Picture Frame | 8x8 with 4x4 Mat | Silver | Shatter-Resistant Glass Photo Frame,8x8,Picture Frame,00850039095993,,10.99,yes,https://americanflat.com/products/americanflat-picture-frame-includes-mat-classic-molding-signature-collection,shopify_US_8423992066118_45167862513734
feed price disagreement,feed US2 prices this at $10.99 vs $6.99 -- verify before quoting a price,Picture Frame | 8x8 with 4x4 Mat | Walnut | Shatter-Resistant Glass Photo Frame,8x8,Picture Frame,00810029119894,,6.99,yes,https://americanflat.com/products/americanflat-picture-frame-includes-mat-classic-molding-signature-collection,shopify_US_8423992066118_45167862546502
feed price disagreement,feed US2 prices this at $6.99 vs $9.99 -- verify before quoting a price,Picture Frame | 8x8 with 5x5 Mat | Black | Shatter-Resistant Glass Photo Frame,8x8,Picture Frame,00810131995607,,9.99,yes,https://americanflat.com/products/americanflat-picture-frame-includes-mat-classic-molding-signature-collection,shopify_US_8423992066118_45167862579270
feed price disagreement,feed US2 prices this at $10.99 vs $6.99 -- verify before quoting a price,Picture Frame | 9x11 | Black | Shatter-Resistant Glass Tabletop Wall Display,9x11,Picture Frame,00810131993108,,6.99,no,https://americanflat.com/products/picture-frame-slim-molding-streamline-collection,shopify_US_8423981842502_45167802024006
feed price disagreement,feed US2 prices this at $6.99 vs $11.99 -- verify before quoting a price,Picture Frame | 9x12 with 6x8 Mat | Black | Shatter-Resistant Glass Photo Frame,9x12,Picture Frame,00791398918199,,11.99,yes,https://americanflat.com/products/americanflat-picture-frame-includes-mat-classic-molding-signature-collection,shopify_US_8423992066118_45167863660614
feed price disagreement,feed US2 prices this at $6.99 vs $8.99 -- verify before quoting a price,Picture Frame | 9x12 with 6x8 Mat | Driftwood | Tabletop and Wall Photo Frame,9x12,Picture Frame,00810029117296,,8.99,yes,https://americanflat.com/products/americanflat-picture-frame-includes-mat-classic-molding-signature-collection,shopify_US_8423992066118_45211578761286
feed price disagreement,feed US2 prices this at $9.99 vs $10.99 -- verify before quoting a price,Picture Frame | 9x12 with 6x8 Mat | Set of 2 | Natural Oak | Multi-Photo Display,9x12,Picture Frame,00198301006866,,10.99,no,https://americanflat.com/products/classic-gallery-picture-frame-set-of-5-galleria-collection-includes-mat,shopify_US_7297968046150_45211317043270
feed price disagreement,feed US2 prices this at $27.99 vs $6.99 -- verify before quoting a price,Picture Frame | 9x12 with 6x8 Mat | Set of 4 | Black | Changeable Artwork Frame,9x12,Picture Frame,00850037537792,,6.99,yes,https://americanflat.com/products/americanflat-picture-frame-includes-mat-classic-molding-signature-collection,shopify_US_8423992066118_45211578368070
feed price disagreement,feed US2 prices this at $6.99 vs $12.99 -- verify before quoting a price,Picture Frame | 9x12 with 6x8 Mat | Walnut | Shatter-Resistant Glass Photo Frame,9x12,Picture Frame,00810029117302,,12.99,yes,https://americanflat.com/products/americanflat-picture-frame-includes-mat-classic-molding-signature-collection,shopify_US_8423992066118_45167862874182
feed price disagreement,feed US2 prices this at $6.99 vs $11.99 -- verify before quoting a price,Picture Frame | 9x12 with 6x8 Mat | White | Shatter-Resistant Glass Photo Frame,9x12,Picture Frame,00810029110488,,11.99,yes,https://americanflat.com/products/americanflat-picture-frame-includes-mat-classic-molding-signature-collection,shopify_US_8423992066118_45167863726150
feed price disagreement,feed US2 prices this at $12.99 vs $10.99 -- verify before quoting a price,Picture Frame | 9x13 | Black | Shatter-Resistant Glass Tabletop Wall Display,9x13,Picture Frame,00810131996291,,10.99,no,https://americanflat.com/products/picture-frame-classic-molding-signature-collection-americanflat,shopify_US_8423985905734_45167828172870
feed price disagreement,feed US2 prices this at $15.99 vs $17.99 -- verify before quoting a price,Poster Frame | 12x18 | Black | Shatter-Resistant Glass Tabletop Wall Display,12x18,Picture Frame,00850038118686,,17.99,yes,https://americanflat.com/products/picture-frame-slim-molding-streamline-collection,shopify_US_8423981842502_45167802351686
feed price disagreement,feed US2 prices this at $29.99 vs $14.99 -- verify before quoting a price,Poster Frame | 16x24 | Black | Shatter-Resistant Glass Tabletop Wall Display,16x24,Picture Frame,00810131991296,,14.99,no,https://americanflat.com/products/deep-molding-picture-frame-without-mat,shopify_US_7976734195782_43893441364038
feed price disagreement,feed US2 prices this at $18.99 vs $27.99 -- verify before quoting a price,Poster Frame | 18x24 with 12x18 Mat | White | Wall Mount Document Display Frame,18x24,Picture Frame,00810131994938,,27.99,yes,https://americanflat.com/products/hudson-picture-frame,shopify_US_8337697505350_44860535472198
feed price disagreement,feed US2 prices this at $23.77 vs $27.99 -- verify before quoting a price,Poster Frame | 18x24 | Black | Shatter-Resistant Glass Tabletop Wall Display,18x24,Poster Frame,00789075280363,,27.99,yes,https://americanflat.com/products/epic-poster-frame,shopify_US_8433904222278_45210556006470
feed price disagreement,feed US2 prices this at $31.49 vs $34.99 -- verify before quoting a price,Poster Frame | 20x30 | White | Shatter-Resistant Glass Tabletop Wall Display,20x30,Poster Frame,00810029114653,,34.99,yes,https://americanflat.com/products/epic-poster-frame,shopify_US_8433904222278_45210556104774
feed price disagreement,feed US2 prices this at $40.49 vs $44.99 -- verify before quoting a price,Poster Frame | 20x36 | Black | Shatter-Resistant Glass Tabletop Wall Display,20x36,Poster Frame,00810131998974,,44.99,yes,https://americanflat.com/products/epic-poster-frame,shopify_US_8433904222278_45210554728518
feed price disagreement,feed US2 prices this at $18.99 vs $38.99 -- verify before quoting a price,Poster Frame | 22x28 with 18x24 Mat | Gold | Shatter-Resistant Glass Photo Frame,22x28,Picture Frame,00810131995034,,38.99,yes,https://americanflat.com/products/hudson-picture-frame,shopify_US_8337697505350_44860536029254
feed price disagreement,feed US2 prices this at $18.99 vs $38.99 -- verify before quoting a price,Poster Frame | 22x28 with 18x24 Mat | Natural Oak | Document Certificate Display,22x28,Picture Frame,00810131995027,,38.99,yes,https://americanflat.com/products/hudson-picture-frame,shopify_US_8337697505350_44860536127558
feed price disagreement,feed US2 prices this at $31.49 vs $34.99 -- verify before quoting a price,Poster Frame | 22x28 | Black | Shatter-Resistant Glass Tabletop Wall Display,22x28,Poster Frame,00850001296373,,34.99,yes,https://americanflat.com/products/epic-poster-frame,shopify_US_8433904222278_45210552664134
feed price disagreement,feed US2 prices this at $42.99 vs $18.99 -- verify before quoting a price,Poster Frame | 24x34 with 20x30 Mat | Grey Wood | Tabletop and Wall Photo Frame,24x34,Picture Frame,00810131995249,,18.99,no,https://americanflat.com/products/hudson-picture-frame,shopify_US_8337697505350_44860536455238
feed price disagreement,feed US2 prices this at $14.99 vs $20.99 -- verify before quoting a price,Shadow Box Frame | 11x14 with 9x12 Mat | Black | Tabletop and Wall Photo Frame,11x14,Shadow Box,00810131997625,,20.99,yes,https://americanflat.com/products/shadow-box-frame-with-mat-and-soft-linen-back-small-shadow-box-frame-with-engineered-wood,shopify_US_7314075091014_41134141538374
feed price disagreement,feed US2 prices this at $12.99 vs $18.99 -- verify before quoting a price,Signature Matted Engineered Wood Collage Frame | Americanflat 10x10 with 4x4 mat / Lightwood / 1 Pack,10x10,Collage Frame,00850038117351,,18.99,no,https://americanflat.com/products/americanflat-16x20-collage-picture-frame-fits-one-6x8-four-5x7-and-four-4x4-photos-or-one-16x20-photo,shopify_US_7607908040774_45217254801478
feed price disagreement,feed US2 prices this at $18.99 vs $14.99 -- verify before quoting a price,Signature Matted Engineered Wood Collage Frame | Americanflat 10x14 / Black / 2 Opening,10x14,Collage Frame,00810131999254,,14.99,yes,https://americanflat.com/products/americanflat-16x20-collage-picture-frame-fits-one-6x8-four-5x7-and-four-4x4-photos-or-one-16x20-photo,shopify_US_7607908040774_45217219706950
feed price disagreement,feed US2 prices this at $14.99 vs $18.99 -- verify before quoting a price,Signature Matted Engineered Wood Collage Frame | Americanflat 11x14 / Driftwood / 2 Opening,11x14,Collage Frame,00850038117382,,18.99,no,https://americanflat.com/products/americanflat-16x20-collage-picture-frame-fits-one-6x8-four-5x7-and-four-4x4-photos-or-one-16x20-photo,shopify_US_7607908040774_45217255587910
feed price disagreement,feed US2 prices this at $18.99 vs $14.99 -- verify before quoting a price,Signature Matted Engineered Wood Collage Frame | Americanflat 11x14 / Walnut / 2 Opening,11x14,Collage Frame,00850038117405,,14.99,no,https://americanflat.com/products/americanflat-16x20-collage-picture-frame-fits-one-6x8-four-5x7-and-four-4x4-photos-or-one-16x20-photo,shopify_US_7607908040774_45217255653446
feed price disagreement,feed US2 prices this at $17.99 vs $18.99 -- verify before quoting a price,Signature Matted Engineered Wood Collage Frame | Americanflat 11x14 with 4x6 mat / Silver / 1 Pack,11x14,Collage Frame,00810029115889,,18.99,no,https://americanflat.com/products/americanflat-16x20-collage-picture-frame-fits-one-6x8-four-5x7-and-four-4x4-photos-or-one-16x20-photo,shopify_US_7607908040774_45217255161926
feed price disagreement,feed US2 prices this at $17.99 vs $18.99 -- verify before quoting a price,Signature Matted Engineered Wood Collage Frame | Americanflat 12x12 with 4x6 mat / White / 4OP,12x12,Collage Frame,00198301010283,,18.99,yes,https://americanflat.com/products/americanflat-16x20-collage-picture-frame-fits-one-6x8-four-5x7-and-four-4x4-photos-or-one-16x20-photo,shopify_US_7607908040774_45217219838022
feed price disagreement,feed US2 prices this at $18.99 vs $23.99 -- verify before quoting a price,Signature Matted Engineered Wood Collage Frame | Americanflat 12x22 with 4x6 mat / Black / 8OP,12x22,Collage Frame,00198301010160,,23.99,yes,https://americanflat.com/products/americanflat-16x20-collage-picture-frame-fits-one-6x8-four-5x7-and-four-4x4-photos-or-one-16x20-photo,shopify_US_7607908040774_45217219969094
feed price disagreement,feed US2 prices this at $23.99 vs $18.99 -- verify before quoting a price,Signature Matted Engineered Wood Collage Frame | Americanflat 12x22 with 4x6 mat / White / 8OP,12x22,Collage Frame,00198301010306,,18.99,yes,https://americanflat.com/products/americanflat-16x20-collage-picture-frame-fits-one-6x8-four-5x7-and-four-4x4-photos-or-one-16x20-photo,shopify_US_7607908040774_45217219936326
feed price disagreement,feed US2 prices this at $16.99 vs $18.99 -- verify before quoting a price,Signature Matted Engineered Wood Collage Frame | Americanflat 7x16 / White / 2 Opening,7x16,Collage Frame,00198301010368,,18.99,yes,https://americanflat.com/products/americanflat-16x20-collage-picture-frame-fits-one-6x8-four-5x7-and-four-4x4-photos-or-one-16x20-photo,shopify_US_7607908040774_45217219674182
feed price disagreement,feed US2 prices this at $9.99 vs $18.99 -- verify before quoting a price,Signature Matted Engineered Wood Collage Frame | Americanflat 7x7 / Black / SGF,7x7,Collage Frame,00850046180699,,18.99,yes,https://americanflat.com/products/americanflat-16x20-collage-picture-frame-fits-one-6x8-four-5x7-and-four-4x4-photos-or-one-16x20-photo,shopify_US_7607908040774_45217255751750
feed price disagreement,feed US2 prices this at $18.99 vs $13.99 -- verify before quoting a price,Signature Matted Engineered Wood Collage Frame | Americanflat 8x16 / Driftwood / 3 Opening,8x16,Collage Frame,00850038117221,,13.99,yes,https://americanflat.com/products/americanflat-16x20-collage-picture-frame-fits-one-6x8-four-5x7-and-four-4x4-photos-or-one-16x20-photo,shopify_US_7607908040774_45217255456838
feed price disagreement,feed US2 prices this at $16.99 vs $18.99 -- verify before quoting a price,Signature Matted Engineered Wood Collage Frame | Americanflat 8x16 / White / 3 Opening,8x16,Collage Frame,00850038117252,,18.99,yes,https://americanflat.com/products/americanflat-16x20-collage-picture-frame-fits-one-6x8-four-5x7-and-four-4x4-photos-or-one-16x20-photo,shopify_US_7607908040774_45217255555142
feed price disagreement,feed US2 prices this at $18.99 vs $19.99 -- verify before quoting a price,Signature Matted Engineered Wood Collage Frame | Americanflat 8x24 / Walnut / 1 Pack,8x24,Collage Frame,00850038117320,,19.99,yes,https://americanflat.com/products/americanflat-16x20-collage-picture-frame-fits-one-6x8-four-5x7-and-four-4x4-photos-or-one-16x20-photo,shopify_US_7607908040774_45217255325766
feed price disagreement,feed US2 prices this at $6.99 vs $19.99 -- verify before quoting a price,Signature Matted Picture Frame | Americanflat 14x14 / Black / 1 Pack,14x14,Picture Frame,00791398912210,,19.99,yes,https://americanflat.com/products/americanflat-picture-frame-includes-mat-classic-molding-signature-collection,shopify_US_8423992066118_45215282692166
feed price disagreement,feed US2 prices this at $6.99 vs $24.99 -- verify before quoting a price,Signature Matted Picture Frame | Americanflat 14x14 / Black / 2 Pack,14x14,Picture Frame,,,24.99,yes,https://americanflat.com/products/americanflat-picture-frame-includes-mat-classic-molding-signature-collection,shopify_US_8423992066118_45215282888774
feed price disagreement,feed US2 prices this at $6.99 vs $18.99 -- verify before quoting a price,Signature Matted Picture Frame | Americanflat 14x14 / Lightwood / 1 Pack,14x14,Picture Frame,00850036047209,,18.99,yes,https://americanflat.com/products/americanflat-picture-frame-includes-mat-classic-molding-signature-collection,shopify_US_8423992066118_45215282757702
feed price disagreement,feed US2 prices this at $12.99 vs $6.99 -- verify before quoting a price,Signature Matted Picture Frame | Americanflat Black / 5x7 / 2Pk,5x7,Picture Frame,,,6.99,yes,https://americanflat.com/products/americanflat-picture-frame-includes-mat-classic-molding-signature-collection,shopify_US_8423992066118_45945647759430
feed price disagreement,feed US2 prices this at $14.99 vs $6.99 -- verify before quoting a price,Signature Matted Picture Frame | Americanflat Black / 6x8 / 2Pk,6x8,Picture Frame,,,6.99,yes,https://americanflat.com/products/americanflat-picture-frame-includes-mat-classic-molding-signature-collection,shopify_US_8423992066118_45945647595590
feed price disagreement,feed US2 prices this at $6.99 vs $24.99 -- verify before quoting a price,Signature Matted Picture Frame | Americanflat Dark Oak / Multi / 10Pk,,Picture Frame,,,24.99,no,https://americanflat.com/products/americanflat-picture-frame-includes-mat-classic-molding-signature-collection,shopify_US_8423992066118_45945647890502
feed price disagreement,feed US2 prices this at $23.99 vs $6.99 -- verify before quoting a price,Signature Matted Picture Frame | Americanflat Mahogany / Multi / 7 Pack,,Picture Frame,,,6.99,no,https://americanflat.com/products/americanflat-picture-frame-includes-mat-classic-molding-signature-collection,shopify_US_8423992066118_45945620103238
feed price disagreement,feed US2 prices this at $6.99 vs $23.99 -- verify before quoting a price,Signature Matted Picture Frame | Americanflat Oak / Multi / 7PK,,Picture Frame,,,23.99,no,https://americanflat.com/products/americanflat-picture-frame-includes-mat-classic-molding-signature-collection,shopify_US_8423992066118_45945647824966
feed price disagreement,feed US2 prices this at $25.99 vs $6.99 -- verify before quoting a price,Signature Matted Picture Frame | Americanflat Silver / Multi / 10 Pack,,Picture Frame,,,6.99,yes,https://americanflat.com/products/americanflat-picture-frame-includes-mat-classic-molding-signature-collection,shopify_US_8423992066118_45945619808326
feed price disagreement,feed US2 prices this at $13.99 vs $6.99 -- verify before quoting a price,Signature Matted Picture Frame | Americanflat Walnut / 11x14 / 2Pk,11x14,Picture Frame,,,6.99,no,https://americanflat.com/products/americanflat-picture-frame-includes-mat-classic-molding-signature-collection,shopify_US_8423992066118_45945647693894
feed price disagreement,feed US2 prices this at $23.99 vs $6.99 -- verify before quoting a price,Signature Matted Picture Frame | Americanflat Walnut / Multi / 7PK,,Picture Frame,,,6.99,no,https://americanflat.com/products/americanflat-picture-frame-includes-mat-classic-molding-signature-collection,shopify_US_8423992066118_45945647857734
feed price disagreement,feed US2 prices this at $13.99 vs $6.99 -- verify before quoting a price,Signature Matted Picture Frame | Americanflat White / 11x14 / 2Pk,11x14,Picture Frame,,,6.99,yes,https://americanflat.com/products/americanflat-picture-frame-includes-mat-classic-molding-signature-collection,shopify_US_8423992066118_45945647726662
feed price disagreement,feed US2 prices this at $23.99 vs $6.99 -- verify before quoting a price,Signature Matted Picture Frame | Americanflat White / Multi / 7 Pack,,Picture Frame,,,6.99,yes,https://americanflat.com/products/americanflat-picture-frame-includes-mat-classic-molding-signature-collection,shopify_US_8423992066118_45945620070470
feed price disagreement,feed US2 prices this at $18.99 vs $19.99 -- verify before quoting a price,Square Picture Frame | 12x12 with 10x10 Mat | Natural Oak | Gallery Wall Display,12x12,Picture Frame,00810131994426,,19.99,yes,https://americanflat.com/products/hudson-picture-frame,shopify_US_8337697505350_44860539011142
feed price disagreement,feed US2 prices this at $11.99 vs $18.99 -- verify before quoting a price,Square Picture Frame | 9x9 with 6x6 Mat | Gold | Tabletop and Wall Photo Frame,9x9,Picture Frame,00810131994075,,18.99,no,https://americanflat.com/products/hudson-picture-frame,shopify_US_8337697505350_44860537667654
feed price disagreement,feed US2 prices this at $12.99 vs $8.49 -- verify before quoting a price,Streamline Matted Picture Frame | Americanflat 11x14 with 2x3 Mat / Black / 1 Pack,11x14,Picture Frame,00198301386876,,8.49,no,https://americanflat.com/products/picture-frame-includes-mat-slim-molding-streamline-collection,shopify_US_8423983349830_45214663180358
feed price disagreement,feed US2 prices this at $58.99 vs $12.99 -- verify before quoting a price,Streamline Matted Picture Frame | Americanflat 16x16 matted to 5x7 / Black / 3Set,16x16,Picture Frame,00198301388399,,12.99,no,https://americanflat.com/products/picture-frame-includes-mat-slim-molding-streamline-collection,shopify_US_8423983349830_45239836147782
feed price disagreement,feed US2 prices this at $8.49 vs $29.99 -- verify before quoting a price,Streamline Matted Picture Frame | Americanflat 20x20 with 8x10 Mat / Silver / 1 Pack,20x20,Picture Frame,00810131998196,,29.99,no,https://americanflat.com/products/picture-frame-includes-mat-slim-molding-streamline-collection,shopify_US_8423983349830_45214662361158
feed price disagreement,feed US2 prices this at $8.49 vs $12.99 -- verify before quoting a price,Streamline Matted Picture Frame | Americanflat 20x26 with 11x14 Mat / Gold / 1 Pack,20x26,Picture Frame,00810131998233,,12.99,no,https://americanflat.com/products/picture-frame-includes-mat-slim-molding-streamline-collection,shopify_US_8423983349830_45214662426694
feed price disagreement,feed US2 prices this at $34.99 vs $12.99 -- verify before quoting a price,Streamline Matted Picture Frame | Americanflat 24x24 with 11x14 Mat / Gold / 1 Pack,24x24,Picture Frame,00810131998288,,12.99,no,https://americanflat.com/products/picture-frame-includes-mat-slim-molding-streamline-collection,shopify_US_8423983349830_45214662524998
feed stock disagreement,feed US2 says 'out of stock' but feed US says 'in stock' -- verify stock before promising it,12x12 | Canvas Floating Frame | Black | Modern - Premium Quality,12x12,Flag & Windsock Accessories,00198301200561,,18.99,yes,https://americanflat.com/products/canvas-floating-frame-without-mat,shopify_US_7976733933638_43893440053318
feed stock disagreement,feed US2 says 'out of stock' but feed US says 'in stock' -- verify stock before promising it,"14"" | Floating Shelves for Wall | Black | Set of 3 | Modern - Premium Quality",,Wall Shelf,00758381223821,,32.99,yes,https://americanflat.com/products/floating-shelves-set-of-3-14-in-lipped-ledge,shopify_US_7975227883590_43881616834630
feed stock disagreement,feed US2 says 'out of stock' but feed US says 'in stock' -- verify stock before promising it,16x20 | Canvas Floating Frame | Black | Modern - Premium Quality,16x20,Flag & Windsock Accessories,00198301200592,,19.99,yes,https://americanflat.com/products/canvas-floating-frame-without-mat,shopify_US_7976733933638_43893440118854
feed stock disagreement,feed US2 says 'out of stock' but feed US says 'in stock' -- verify stock before promising it,5x7 | Picture Frame | Modern - Premium Quality,5x7,Picture Frame,00810029110327,,15.99,yes,https://americanflat.com/products/americanflat-acrylic-picture-frame,shopify_US_4774453968966_39287155523654
feed stock disagreement,feed US2 says 'out of stock' but feed US says 'in stock' -- verify stock before promising it,6x8 | Picture Frame | Modern - Premium Quality,6x8,Picture Frame,00810029110341,,9.99,yes,https://americanflat.com/products/americanflat-acrylic-picture-frame,shopify_US_4774453968966_39287155556422
feed stock disagreement,feed US2 says 'in stock' but feed US says 'out of stock' -- verify stock before promising it,A3 Picture Frame | 11.7x16.5 | 2 Pack | Black | Tabletop and Wall Photo Frame,11.7x16.5,Picture Frame,00810029117500,,24.99,no,https://americanflat.com/products/a-sized-picture-frame-composite-wood-with-polished-plexiglass-horizontal-and-vertical-formats-for-wall-a2-a3-a4-a5-sizes,shopify_US_8419378888774_45147786412102
feed stock disagreement,feed US2 says 'out of stock' but feed US says 'in stock' -- verify stock before promising it,A5 Picture Frame | 5.8x8.3 | White | Signature Collection Gallery Wall Decor Art,5.8x8.3,Picture Frame,00810029116541,,11.99,yes,https://americanflat.com/products/a-sized-picture-frame-composite-wood-with-polished-plexiglass-horizontal-and-vertical-formats-for-wall-a2-a3-a4-a5-sizes,shopify_US_8419378888774_45147785658438
feed stock disagreement,feed US2 says 'in stock' but feed US says 'out of stock' -- verify stock before promising it,"Americanflat Collage Frame, Set of 4 5x7 / Rustic Lodge",5x7,Picture Frame,00810131991630,,19.99,no,https://americanflat.com/products/collage-picture-frame-set-of-4-shatter-resistant-with-mat-multi-wood-finish-americanflatcollage-picture-frame-set-of-4-shatter-resistant-with-mat-multi-wood-finish,shopify_US_7972754587718_43873795080262
feed stock disagreement,feed US2 says 'in stock' but feed US says 'out of stock' -- verify stock before promising it,Collage Picture Frame | 12x28 with 5 Openings Mat | Black | Gallery Wall Display,12x28,Collage Frame,00198301010191,,18.99,no,https://americanflat.com/products/americanflat-16x20-collage-picture-frame-fits-one-6x8-four-5x7-and-four-4x4-photos-or-one-16x20-photo,shopify_US_7607908040774_44857661128774
feed stock disagreement,feed US2 says 'out of stock' but feed US says 'in stock' -- verify stock before promising it,Collage Picture Frame | 6x14 with 4x6 Mat | White | Document Certificate Display,6x14,Picture Frame,00198301010702,,28.99,yes,https://americanflat.com/products/collage-picture-frame-multi-photo-display-with-removable-mat-wall-decor,shopify_US_8398589952070_45047871569990
feed stock disagreement,feed US2 says 'out of stock' but feed US says 'in stock' -- verify stock before promising it,Collage Picture Frame | STANDARD | Black | Tabletop Surface Shelf Display Frame,,Picture Frame,00198301010238,,15.99,yes,https://americanflat.com/products/collage-picture-frame-multi-photo-display-with-removable-mat-wall-decor,shopify_US_8398589952070_45047871602758
feed stock disagreement,feed US2 says 'out of stock' but feed US says 'in stock' -- verify stock before promising it,Diploma Frame | 11x14 with 8.5x11 Mat | 2 Pack | Light Wood | Wall Display Frame,11x14,Picture Frame,00850036047551,,15.99,yes,https://americanflat.com/products/americanflat-diploma-frame-with-8-5x11-mat-shatter-resistant-glass,shopify_US_7972754784326_45211857256518
feed stock disagreement,feed US2 says 'in stock' but feed US says 'out of stock' -- verify stock before promising it,Diploma Frame | 11x14 with 8.5x11 Mat | Walnut | Wall Display Document Frame,11x14,Picture Frame,00810029116176,,15.99,no,https://americanflat.com/products/americanflat-diploma-frame-with-8-5x11-mat-shatter-resistant-glass,shopify_US_7972754784326_43869865541702
feed stock disagreement,feed US2 says 'out of stock' but feed US says 'in stock' -- verify stock before promising it,Diploma Frame | 12.5x15 | Black | Shatter-Resistant Glass Tabletop Wall Display,12.5x15,Picture Frame,00198301001755,,19.99,yes,https://americanflat.com/products/floating-picture-frame-without-mat,shopify_US_7976732786758_43893434875974
feed stock disagreement,feed US2 says 'out of stock' but feed US says 'in stock' -- verify stock before promising it,Diploma Frame | 13x13 | Walnut | Shatter-Resistant Glass Tabletop Wall Display,13x13,Picture Frame,00850038117047,,19.99,yes,https://americanflat.com/products/13x13-graduation-frame-in-black-with-2-opening-mats-use-as-8x10-picture-frame-and-tassel-holder,shopify_US_7303998275654_41109604171846
feed stock disagreement,feed US2 says 'in stock' but feed US says 'out of stock' -- verify stock before promising it,Diploma Frame | 8.5x11 | Black | Shatter-Resistant Glass Tabletop Wall Display,8.5x11,Picture Frame,00810131991807,,14.99,no,https://americanflat.com/products/storage-frame-quick-change-35-photo,shopify_US_8423991050310_45167858778182
feed stock disagreement,feed US2 says 'out of stock' but feed US says 'in stock' -- verify stock before promising it,Flag Display Case | 3x5 | Mahogany | Shatter-Resistant Glass Gallery Wall Decor,3x5,Picture Frame,00810029111942,,23.99,yes,https://americanflat.com/products/flag-display-case-memorial-service-veteran-burial-commemorative-shadow-box,shopify_US_8396535496774_45042268569670
feed stock disagreement,feed US2 says 'out of stock' but feed US says 'in stock' -- verify stock before promising it,Floating Picture Frame | 11x14 Black | Aluminum Double Glass Wall Decor,11x14,Picture Frame,00198301001793,,20.99,yes,https://americanflat.com/products/aluminum-floating-frame-shatter-resistant-without-mat-metal-molding-gallery-look,shopify_US_7976732622918_43893434449990
feed stock disagreement,feed US2 says 'in stock' but feed US says 'out of stock' -- verify stock before promising it,Floating Picture Frame | 11x14 | Black | Shatter-Resistant Glass Photo Frame Art,11x14,Picture Frame,00789075280929,,21.99,no,https://americanflat.com/products/floating-picture-frame-choose-your-size-and-quantity,shopify_US_4774451347526_44901906120774
feed stock disagreement,feed US2 says 'in stock' but feed US says 'out of stock' -- verify stock before promising it,Floating Picture Frame | 11x14 | Gold | Shatter-Resistant Glass Photo Frame Art,11x14,Picture Frame,00810029116718,,21.99,no,https://americanflat.com/products/floating-picture-frame-choose-your-size-and-quantity,shopify_US_4774451347526_44901906317382
feed stock disagreement,feed US2 says 'in stock' but feed US says 'out of stock' -- verify stock before promising it,Floating Picture Frame | 12x16 with 11x17 Mat | Black | Changeable Artwork Frame,12x16,Picture Frame,00198301200851,,22.99,no,https://americanflat.com/products/americanflat-fusion-float-frame-floating-slide-in-with-mat-acrylic,shopify_US_8423991148614_45167859269702
feed stock disagreement,feed US2 says 'out of stock' but feed US says 'in stock' -- verify stock before promising it,Floating Picture Frame | 8.5x11 | 2 Pack | Black | Tabletop and Wall Photo Frame,8.5x11,Picture Frame,00850038117689,,28.99,yes,https://americanflat.com/products/floating-picture-frame-set-of-2-clear-glass-modern-design-wall-tabletop-display,shopify_US_7975222968390_43881598025798
feed stock disagreement,feed US2 says 'out of stock' but feed US says 'in stock' -- verify stock before promising it,Floating Picture Frame | 8.5x11 | Black | Shatter-Resistant Glass Photo Frame,8.5x11,Picture Frame,00789075281148,,21.99,yes,https://americanflat.com/products/floating-picture-frame-choose-your-size-and-quantity,shopify_US_4774451347526_45062552453190
feed stock disagreement,feed US2 says 'out of stock' but feed US says 'in stock' -- verify stock before promising it,Front Loading Picture Frame | 13x19 | 3 Pack | Black | Wall Decor Display Frame,13x19,Picture Frame,00850038118013,,38.99,yes,https://americanflat.com/products/abs-plexiglass-picture-frames,shopify_US_7294297571398_41076583465030
feed stock disagreement,feed US2 says 'out of stock' but feed US says 'in stock' -- verify stock before promising it,Front Loading Picture Frame | 4x6 | 6 Pack | Black | Modern Wall Art Display Art,4x6,Picture Frame,00850038117931,,19.99,yes,https://americanflat.com/products/abs-plexiglass-picture-frames,shopify_US_7294297571398_41076583530566
feed stock disagreement,feed US2 says 'out of stock' but feed US says 'in stock' -- verify stock before promising it,Front Loading Picture Frame | 5x7 | 12 Pack | Black | Gallery Wall Display Frame,5x7,Picture Frame,00850038118044,,38.99,yes,https://americanflat.com/products/abs-plexiglass-picture-frames,shopify_US_7294297571398_41076583759942
feed stock disagreement,feed US2 says 'out of stock' but feed US says 'in stock' -- verify stock before promising it,Front Opening Shadow Box | 8x10 | Grey Wood | Modern Minimalist Wall Photo Frame,8x10,Shadow Box,00810131991715,,13.99,yes,https://americanflat.com/products/shadow-box-frame-front-loading-with-door-display-case-with-hanging-hardware-for-wall-and-tabletop,shopify_US_8423991410758_45167859826758
feed stock disagreement,feed US2 says 'in stock' but feed US says 'out of stock' -- verify stock before promising it,Fusion Bold Gallery Wall — Black · 4 Frames,,Picture Frame,,,85.0,no,https://americanflat.com/products/fusion-bold-gallery-wall-black-4-frames,shopify_US_8480915226694_45716419477574
feed stock disagreement,feed US2 says 'in stock' but feed US says 'out of stock' -- verify stock before promising it,Hinged Picture Frame | 5x7 | Gold | Shatter-Resistant Glass Gallery Wall Decor,5x7,Picture Frame,00850037537914,,14.99,no,https://americanflat.com/products/hinged-picture-frame-with-two-displays-composite-wood-with-polished-glass-for-tabletop,shopify_US_7314067849286_44916883128390
feed stock disagreement,feed US2 says 'out of stock' but feed US says 'in stock' -- verify stock before promising it,Hinged Picture Frame | 5x7 | Silver | Shatter-Resistant Glass Gallery Wall Decor,5x7,Picture Frame,00850037537921,,10.99,yes,https://americanflat.com/products/hinged-picture-frame-with-two-displays-composite-wood-with-polished-glass-for-tabletop,shopify_US_7314067849286_44916883259462
feed stock disagreement,feed US2 says 'out of stock' but feed US says 'in stock' -- verify stock before promising it,Hinged Picture Frame | 8x10 | Walnut | Shatter-Resistant Glass Photo Frame Art,8x10,Picture Frame,00850038117641,,19.99,yes,https://americanflat.com/products/hinged-picture-frame-with-two-displays-composite-wood-with-polished-glass-for-tabletop,shopify_US_7314067849286_41134064271430
feed stock disagreement,feed US2 says 'in stock' but feed US says 'out of stock' -- verify stock before promising it,Kids Art Frame | 10x12.5 with 8.5x11 Mat | 2 Pack | Dark Oak | Wall Art Display,10x12.5,Kids Art Frame,,,15.29,no,https://americanflat.com/products/americanflat-kids-art-frame-holds-100-photos-modern-premium-quality,shopify_US_8442832814150_45255694188614
feed stock disagreement,feed US2 says 'in stock' but feed US says 'out of stock' -- verify stock before promising it,Kids Art Frame | 10x12.5 with 8.5x11 Mat | 2 Pack | White | Gallery Wall Display,10x12.5,Kids Art Frame,,,26.99,no,https://americanflat.com/products/americanflat-kids-art-frame-holds-100-photos-modern-premium-quality,shopify_US_8442832814150_45255694286918
feed stock disagreement,feed US2 says 'out of stock' but feed US says 'in stock' -- verify stock before promising it,Metal Picture Frame | 13x19 with 11x17 Mat | Black | Tempered Glass Display Art,13x19,Picture Frame,,,13.99,yes,https://americanflat.com/products/aluminum-picture-frame-with-mat-shatter-resistant-glass-and-built-in-hanging-hardware,shopify_US_7303485259846_41107069403206
feed stock disagreement,feed US2 says 'in stock' but feed US says 'out of stock' -- verify stock before promising it,Picture Frame | 10x10 | Black | Shatter-Resistant Glass Tabletop Wall Display,10x10,Picture Frame,00810131993122,,6.99,no,https://americanflat.com/products/picture-frame-slim-molding-streamline-collection,shopify_US_8423981842502_45167801991238
feed stock disagreement,feed US2 says 'out of stock' but feed US says 'in stock' -- verify stock before promising it,Picture Frame | 10x14 | Black | Shatter-Resistant Glass Tabletop Wall Display,10x14,Picture Frame,00810131993139,,11.99,yes,https://americanflat.com/products/picture-frame-slim-molding-streamline-collection,shopify_US_8423981842502_45167806152774
feed stock disagreement,feed US2 says 'out of stock' but feed US says 'in stock' -- verify stock before promising it,Picture Frame | 11x11 with 8x8 Mat | Driftwood | Tabletop and Wall Photo Frame,11x11,Picture Frame,00850036047728,,12.99,yes,https://americanflat.com/products/americanflat-picture-frame-includes-mat-classic-molding-signature-collection,shopify_US_8423992066118_45167863005254
feed stock disagreement,feed US2 says 'in stock' but feed US says 'out of stock' -- verify stock before promising it,Picture Frame | 11x14 with 5x7 Mat | Gold | Shatter-Resistant Glass Photo Frame,11x14,Picture Frame,00850038117429,,14.99,no,https://americanflat.com/products/americanflat-picture-frame-includes-mat-classic-molding-signature-collection,shopify_US_8423992066118_45211578662982
feed stock disagreement,feed US2 says 'in stock' but feed US says 'out of stock' -- verify stock before promising it,Picture Frame | 11x14 with 5x7 Mat | Light Wood | Tabletop and Wall Photo Frame,11x14,Picture Frame,00850038117450,,14.99,no,https://americanflat.com/products/americanflat-picture-frame-includes-mat-classic-molding-signature-collection,shopify_US_8423992066118_45211578630214
feed stock disagreement,feed US2 says 'out of stock' but feed US says 'in stock' -- verify stock before promising it,Picture Frame | 11x14 with 8.5x11 Mat | Black | Tabletop and Wall Photo Frame,11x14,Picture Frame,,,21.99,yes,https://americanflat.com/products/americanflat-diploma-frame-with-8-5x11-mat-shatter-resistant-glass,shopify_US_7972754784326_45211859877958
feed stock disagreement,feed US2 says 'out of stock' but feed US says 'in stock' -- verify stock before promising it,Picture Frame | 11x14 with 8x10 Mat | Gold | Shatter-Resistant Glass Photo Frame,11x14,Picture Frame,,,19.99,yes,https://americanflat.com/products/memento-matted-picture-frame,shopify_US_8434400493638_45211469938758
feed stock disagreement,feed US2 says 'in stock' but feed US says 'out of stock' -- verify stock before promising it,Picture Frame | 11x14 with 8x10 Mat | Mahogany | Tabletop and Wall Photo Frame,11x14,Picture Frame,00810131994242,,16.99,no,https://americanflat.com/products/hudson-picture-frame,shopify_US_8337697505350_44860538290246
feed stock disagreement,feed US2 says 'in stock' but feed US says 'out of stock' -- verify stock before promising it,Picture Frame | 11x14 with 8x10 Mat | Set of 2 | Black | Modern Wall Art Display,11x14,Picture Frame,00850039096365,,14.99,no,https://americanflat.com/products/classic-gallery-picture-frame-set-of-5-galleria-collection-includes-mat,shopify_US_7297968046150_45211316027462
feed stock disagreement,feed US2 says 'in stock' but feed US says 'out of stock' -- verify stock before promising it,Picture Frame | 11x14 with 8x10 Mat | Set of 2 | Natural Oak | Wall Art Display,11x14,Picture Frame,00198301006880,,10.99,no,https://americanflat.com/products/classic-gallery-picture-frame-set-of-5-galleria-collection-includes-mat,shopify_US_7297968046150_45211317305414
feed stock disagreement,feed US2 says 'in stock' but feed US says 'out of stock' -- verify stock before promising it,Picture Frame | 11x14 with 8x10 Mat | Set of 2 | Silver | Wall Art Display Decor,11x14,Picture Frame,00198301007078,,16.99,no,https://americanflat.com/products/classic-gallery-picture-frame-set-of-5-galleria-collection-includes-mat,shopify_US_7297968046150_45211315404870
feed stock disagreement,feed US2 says 'in stock' but feed US says 'out of stock' -- verify stock before promising it,Picture Frame | 11x14 with 8x10 Mat | Silver | Wall Mount Document Display Frame,11x14,Picture Frame,00850001296724,,8.49,no,https://americanflat.com/products/picture-frame-includes-mat-slim-molding-streamline-collection,shopify_US_8423983349830_45167813492806
feed stock disagreement,feed US2 says 'out of stock' but feed US says 'in stock' -- verify stock before promising it,Picture Frame | 11x14 with 8x10 Mat | Walnut | Wall Mount Document Display Frame,11x14,Picture Frame,00810029116046,,6.99,yes,https://americanflat.com/products/americanflat-picture-frame-includes-mat-classic-molding-signature-collection,shopify_US_8423992066118_45167863300166
feed stock disagreement,feed US2 says 'out of stock' but feed US says 'in stock' -- verify stock before promising it,Picture Frame | 11x14 | Black | Shatter-Resistant Glass Tabletop Wall Display,11x14,Picture Frame,00850038117832,,12.99,yes,https://americanflat.com/products/rustic-distressed-picture-frame-with-textured-wood-and-polished-glass,shopify_US_6999848058950_41074709364806
feed stock disagreement,feed US2 says 'in stock' but feed US says 'out of stock' -- verify stock before promising it,Picture Frame | 11x14 | Blue | Shatter-Resistant Glass Tabletop Wall Display,11x14,Picture Frame,00198301007542,,19.99,no,https://americanflat.com/products/rustic-distressed-picture-frame-with-textured-wood-and-polished-glass,shopify_US_6999848058950_44956244770886
feed stock disagreement,feed US2 says 'in stock' but feed US says 'out of stock' -- verify stock before promising it,Picture Frame | 11x14 | White | Shatter-Resistant Glass Tabletop Wall Display,11x14,Picture Frame,00850038117894,,12.99,no,https://americanflat.com/products/rustic-distressed-picture-frame-with-textured-wood-and-polished-glass,shopify_US_6999848058950_41074709397574
feed stock disagreement,feed US2 says 'in stock' but feed US says 'out of stock' -- verify stock before promising it,Picture Frame | 11x14 | White | Shatter-Resistant Glass Tabletop Wall Display,11x14,Picture Frame,00198301000734,,12.99,no,https://americanflat.com/products/picture-frame-classic-molding-signature-collection-americanflat,shopify_US_8423985905734_45167829385286
feed stock disagreement,feed US2 says 'out of stock' but feed US says 'in stock' -- verify stock before promising it,Picture Frame | 11x17 with 9x15 Mat | Set of 5 | Gold | Wall Decor Display Frame,11x17,Picture Frame,00198301007351,,10.99,yes,https://americanflat.com/products/classic-gallery-picture-frame-set-of-5-galleria-collection-includes-mat,shopify_US_7297968046150_44860285747270
feed stock disagreement,feed US2 says 'out of stock' but feed US says 'in stock' -- verify stock before promising it,Picture Frame | 11x17 with 9x15 Mat | Set of 5 | Natural Oak | Wall Art Display,11x17,Picture Frame,00198301006972,,37.99,yes,https://americanflat.com/products/classic-gallery-picture-frame-set-of-5-galleria-collection-includes-mat,shopify_US_7297968046150_44860285780038
feed stock disagreement,feed US2 says 'out of stock' but feed US says 'in stock' -- verify stock before promising it,Picture Frame | 11x17 | Black | Shatter-Resistant Glass Tabletop Wall Display,11x17,Picture Frame,00810131991241,,19.99,yes,https://americanflat.com/products/deep-molding-picture-frame-without-mat,shopify_US_7976734195782_43893441232966
feed stock disagreement,feed US2 says 'in stock' but feed US says 'out of stock' -- verify stock before promising it,Picture Frame | 12x15 with 9x12 Mat | Silver | Wall Mount Document Display Frame,12x15,Picture Frame,00810131994501,,14.99,no,https://americanflat.com/products/hudson-picture-frame,shopify_US_8337697505350_44860539306054
feed stock disagreement,feed US2 says 'in stock' but feed US says 'out of stock' -- verify stock before promising it,Picture Frame | 12x16 with 8x12 Mat | Black | Wall Mount Document Display Frame,12x16,Picture Frame,00810131991272,,17.99,no,https://americanflat.com/products/picture-frame-with-mat-deep-molding-frame-with-shatter-resistant-glass-and-hanging-hardware-included,shopify_US_7298598469702_44916328562758
feed stock disagreement,feed US2 says 'in stock' but feed US says 'out of stock' -- verify stock before promising it,Picture Frame | 12x16 with 9x12 Mat | Set of 2 | Silver | Wall Art Display Decor,12x16,Picture Frame,00198301007092,,21.99,no,https://americanflat.com/products/classic-gallery-picture-frame-set-of-5-galleria-collection-includes-mat,shopify_US_7297968046150_45211315503174
feed stock disagreement,feed US2 says 'in stock' but feed US says 'out of stock' -- verify stock before promising it,Picture Frame | 12x32 | Black | Shatter-Resistant Glass Tabletop Wall Display,12x32,Picture Frame,00810131998547,,34.99,no,https://americanflat.com/products/picture-frame-classic-molding-signature-collection-americanflat,shopify_US_8423985905734_45167828959302
feed stock disagreement,feed US2 says 'in stock' but feed US says 'out of stock' -- verify stock before promising it,Picture Frame | 13x17 | Black | Shatter-Resistant Glass Tabletop Wall Display,13x17,Picture Frame,00810131993214,,14.99,no,https://americanflat.com/products/picture-frame-slim-molding-streamline-collection,shopify_US_8423981842502_45167803334726
feed stock disagreement,feed US2 says 'in stock' but feed US says 'out of stock' -- verify stock before promising it,Picture Frame | 13x19 with 11x17 Mat | Set of 5 | White | Wall Art Display Decor,13x19,Picture Frame,00850036466291,,35.99,no,https://americanflat.com/products/classic-gallery-picture-frame-set-of-5-galleria-collection-includes-mat,shopify_US_7297968046150_44860286304326
feed stock disagreement,feed US2 says 'in stock' but feed US says 'out of stock' -- verify stock before promising it,Picture Frame | 13x19 | White | Shatter-Resistant Glass Tabletop Wall Display,13x19,Picture Frame,00198301000369,,18.99,no,https://americanflat.com/products/picture-frame-slim-molding-streamline-collection,shopify_US_8423981842502_45167804776518
feed stock disagreement,feed US2 says 'in stock' but feed US says 'out of stock' -- verify stock before promising it,Picture Frame | 14x19 | Black | Shatter-Resistant Glass Tabletop Wall Display,14x19,Poster Frame,00810131998844,,24.99,no,https://americanflat.com/products/epic-poster-frame,shopify_US_8433904222278_45210553483334
feed stock disagreement,feed US2 says 'in stock' but feed US says 'out of stock' -- verify stock before promising it,Picture Frame | 16x20 with 11x14 Mat | Gold | Wall Mount Document Display Frame,16x20,Picture Frame,00198301388337,,29.99,no,https://americanflat.com/products/americanflat-heirloom-frame-with-mat-beaded-accents-wall-display,shopify_US_8423990755398_45167857303622
feed stock disagreement,feed US2 says 'in stock' but feed US says 'out of stock' -- verify stock before promising it,Picture Frame | 16x20 with 11x14 Mat | Natural Oak | Wall Display Document Frame,16x20,Picture Frame,00810131994686,,24.99,no,https://americanflat.com/products/hudson-picture-frame,shopify_US_8337697505350_44860534587462
feed stock disagreement,feed US2 says 'in stock' but feed US says 'out of stock' -- verify stock before promising it,Picture Frame | 16x20 with 12x16 Mat | Grey Wood | Tabletop and Wall Photo Frame,16x20,Picture Frame,00810131994655,,24.99,no,https://americanflat.com/products/hudson-picture-frame,shopify_US_8337697505350_44860534521926
feed stock disagreement,feed US2 says 'in stock' but feed US says 'out of stock' -- verify stock before promising it,Picture Frame | 16x20 with 12x16 Mat | Mahogany | Tabletop and Wall Photo Frame,16x20,Picture Frame,00810131994679,,24.99,no,https://americanflat.com/products/hudson-picture-frame,shopify_US_8337697505350_44860534554694
feed stock disagreement,feed US2 says 'out of stock' but feed US says 'in stock' -- verify stock before promising it,Picture Frame | 16x20 with 12x16 Mat | Set of 5 | White | Wall Art Display Decor,16x20,Picture Frame,00810131996062,,48.99,yes,https://americanflat.com/products/classic-gallery-picture-frame-set-of-5-galleria-collection-includes-mat,shopify_US_7297968046150_45211319009350
feed stock disagreement,feed US2 says 'out of stock' but feed US says 'in stock' -- verify stock before promising it,Picture Frame | 16x20 | Natural Oak | Shatter-Resistant Glass Gallery Wall Decor,16x20,Poster Frame,00810131990305,,21.99,yes,https://americanflat.com/products/epic-poster-frame,shopify_US_8433904222278_45210551812166
feed stock disagreement,feed US2 says 'in stock' but feed US says 'out of stock' -- verify stock before promising it,Picture Frame | 17x23 with 13x19 Mat | Black | Wall Mount Document Display Frame,17x23,Picture Frame,00810131995928,,24.99,no,https://americanflat.com/products/picture-frame-includes-mat-slim-molding-streamline-collection,shopify_US_8423983349830_45167814279238
feed stock disagreement,feed US2 says 'out of stock' but feed US says 'in stock' -- verify stock before promising it,Picture Frame | 18x12 | Black | Shatter-Resistant Glass Tabletop Wall Display,18x12,Picture Frame,00810131992163,,10.99,yes,https://americanflat.com/products/picture-frame-classic-molding-signature-collection-americanflat,shopify_US_8423985905734_45167830302790
feed stock disagreement,feed US2 says 'out of stock' but feed US says 'in stock' -- verify stock before promising it,Picture Frame | 18x12 | Black | Shatter-Resistant Glass Tabletop Wall Display,18x12,Picture Frame,00810131993320,,18.99,yes,https://americanflat.com/products/picture-frame-slim-molding-streamline-collection,shopify_US_8423981842502_45167803433030
feed stock disagreement,feed US2 says 'in stock' but feed US says 'out of stock' -- verify stock before promising it,Picture Frame | 18x20 | Black | Shatter-Resistant Glass Tabletop Wall Display,18x20,Picture Frame,00810131993337,,25.99,no,https://americanflat.com/products/picture-frame-slim-molding-streamline-collection,shopify_US_8423981842502_45167803170886
feed stock disagreement,feed US2 says 'in stock' but feed US says 'out of stock' -- verify stock before promising it,Picture Frame | 20x24 with 16x20 Mat | Gold | Wall Mount Document Display Frame,20x24,Picture Frame,00810131994976,,31.99,no,https://americanflat.com/products/hudson-picture-frame,shopify_US_8337697505350_44860535603270
feed stock disagreement,feed US2 says 'out of stock' but feed US says 'in stock' -- verify stock before promising it,Picture Frame | 20x24 with 16x20 Mat | White | Wall Mount Document Display Frame,20x24,Picture Frame,00810131994990,,28.99,yes,https://americanflat.com/products/hudson-picture-frame,shopify_US_8337697505350_44860535668806
feed stock disagreement,feed US2 says 'in stock' but feed US says 'out of stock' -- verify stock before promising it,Picture Frame | 20x28 with 16x24 Mat | Gold | Wall Mount Document Display Frame,20x28,Picture Frame,00810131995096,,32.99,no,https://americanflat.com/products/hudson-picture-frame,shopify_US_8337697505350_44860535799878
feed stock disagreement,feed US2 says 'out of stock' but feed US says 'in stock' -- verify stock before promising it,Picture Frame | 26x32 with 22x28 Mat | White | Wall Mount Document Display Frame,26x32,Picture Frame,00198301001564,,32.99,yes,https://americanflat.com/products/hudson-picture-frame,shopify_US_8337697505350_44860539895878
feed stock disagreement,feed US2 says 'in stock' but feed US says 'out of stock' -- verify stock before promising it,Picture Frame | 4x6 with 5x7 Mat | Set of 3 | Black | Changeable Artwork Frame,4x6,Picture Frame,,,9.99,no,https://americanflat.com/products/americanflat-picture-frames-set-of-3-with-mats-nested-design,shopify_US_8423991771206_45167861792838
feed stock disagreement,feed US2 says 'out of stock' but feed US says 'in stock' -- verify stock before promising it,Picture Frame | 5x7 with 4x6 Mat | Black | Tabletop Surface Shelf Display Frame,5x7,Picture Frame,,MP-MDF-0507-BLACK-46,24.99,yes,https://americanflat.com/products/picture-frame-with-mat-engineered-wood-shatter-resistant-glass-wall-art,shopify_US_8396449546310_45042149818438
feed stock disagreement,feed US2 says 'out of stock' but feed US says 'in stock' -- verify stock before promising it,Picture Frame | 5x7 | Black | Shatter-Resistant Glass Tabletop Wall Display,5x7,Picture Frame,00810131991388,,9.99,yes,https://americanflat.com/products/deep-molding-picture-frame-without-mat,shopify_US_7976734195782_43893441101894
feed stock disagreement,feed US2 says 'in stock' but feed US says 'out of stock' -- verify stock before promising it,Picture Frame | 5x7 | Black | Shatter-Resistant Glass Tabletop Wall Display,5x7,Picture Frame,00789075280592,,12.99,no,https://americanflat.com/products/rustic-distressed-picture-frame-with-textured-wood-and-polished-glass,shopify_US_6999848058950_41074709758022
feed stock disagreement,feed US2 says 'in stock' but feed US says 'out of stock' -- verify stock before promising it,Picture Frame | 5x7 | Gold | Shatter-Resistant Glass Tabletop Wall Display,5x7,Picture Frame,00198301202374,,10.99,no,https://americanflat.com/products/vintage-picture-frame-without-mat,shopify_US_8423989837894_45167854157894
feed stock disagreement,feed US2 says 'out of stock' but feed US says 'in stock' -- verify stock before promising it,Picture Frame | 5x7 | Silver | Shatter-Resistant Glass Tabletop Wall Display,5x7,Picture Frame,00198301390897,,10.99,yes,https://americanflat.com/products/vintage-picture-frame-without-mat,shopify_US_8423989837894_45167854649414
feed stock disagreement,feed US2 says 'in stock' but feed US says 'out of stock' -- verify stock before promising it,Picture Frame | 5x7 | White | Shatter-Resistant Glass Tabletop Wall Display,5x7,Picture Frame,00198301000055,,7.99,no,https://americanflat.com/products/picture-frame-slim-molding-streamline-collection,shopify_US_8423981842502_45167805136966
feed stock disagreement,feed US2 says 'out of stock' but feed US says 'in stock' -- verify stock before promising it,Picture Frame | 5x9 | Black | Shatter-Resistant Glass Tabletop Wall Display,5x9,Picture Frame,00810131998370,,10.99,yes,https://americanflat.com/products/picture-frame-classic-molding-signature-collection-americanflat,shopify_US_8423985905734_45167828566086
feed stock disagreement,feed US2 says 'in stock' but feed US says 'out of stock' -- verify stock before promising it,Picture Frame | 6x10 | Black | Shatter-Resistant Glass Tabletop Wall Display,6x10,Picture Frame,00810131995577,,10.99,no,https://americanflat.com/products/picture-frame-classic-molding-signature-collection-americanflat,shopify_US_8423985905734_45167828140102
feed stock disagreement,feed US2 says 'in stock' but feed US says 'out of stock' -- verify stock before promising it,Picture Frame | 6x10 | Black | Shatter-Resistant Glass Tabletop Wall Display,6x10,Picture Frame,00810131993085,,8.99,no,https://americanflat.com/products/picture-frame-slim-molding-streamline-collection,shopify_US_8423981842502_45167801892934
feed stock disagreement,feed US2 says 'in stock' but feed US says 'out of stock' -- verify stock before promising it,Picture Frame | 6x6 | Set of 5 | Black | Shatter-Resistant Glass Photo Frame Art,6x6,Picture Frame,00810131993375,,17.99,no,https://americanflat.com/products/picture-frame-set-of-5-gallery-wall-frame-set-with-included-hanging-hardware-horizontal-or-vertical-display,shopify_US_8423988068422_45167846228038
feed stock disagreement,feed US2 says 'in stock' but feed US says 'out of stock' -- verify stock before promising it,Picture Frame | 6x6 | White | Shatter-Resistant Glass Tabletop Wall Display,6x6,Picture Frame,00198301000079,,8.99,no,https://americanflat.com/products/picture-frame-slim-molding-streamline-collection,shopify_US_8423981842502_45167805104198
feed stock disagreement,feed US2 says 'out of stock' but feed US says 'in stock' -- verify stock before promising it,Picture Frame | 6x8 with 5x7 Mat | Black | Shatter-Resistant Glass Photo Frame,6x8,Picture Frame,00810131991173,,7.99,yes,https://americanflat.com/products/picture-frame-with-mat-deep-molding-frame-with-shatter-resistant-glass-and-hanging-hardware-included,shopify_US_7298598469702_44916328300614
feed stock disagreement,feed US2 says 'out of stock' but feed US says 'in stock' -- verify stock before promising it,Picture Frame | 7x12 with 3 Openings | Black | Wall Mount Document Display Frame,7x12,Picture Frame,00198301001632,,29.99,yes,https://americanflat.com/products/americanflat-7x12-picture-frame-with-3-openings-for-2x3-instant-print-photos-black-mini-picture-frames-for-tabletop-and-wall-display-with-shatter-resistant-glass,shopify_US_8423992983622_45167868346438
feed stock disagreement,feed US2 says 'in stock' but feed US says 'out of stock' -- verify stock before promising it,Picture Frame | 8x10 with 5x7 Mat | Dark Oak | Wall Mount Document Display Frame,8x10,Picture Frame,00810029117401,,6.99,no,https://americanflat.com/products/americanflat-picture-frame-includes-mat-classic-molding-signature-collection,shopify_US_8423992066118_45167862677574
feed stock disagreement,feed US2 says 'out of stock' but feed US says 'in stock' -- verify stock before promising it,Picture Frame | 8x10 with 5x7 Mat | Gold | Shatter-Resistant Glass Photo Frame,8x10,Picture Frame,00198301390804,,14.99,yes,https://americanflat.com/products/americanflat-heirloom-frame-with-mat-beaded-accents-wall-display,shopify_US_8423990755398_45167857795142
feed stock disagreement,feed US2 says 'in stock' but feed US says 'out of stock' -- verify stock before promising it,Picture Frame | 8x10 with 5x7 Mat | Light Wood | Tabletop and Wall Photo Frame,8x10,Picture Frame,00810029117418,,7.99,no,https://americanflat.com/products/americanflat-picture-frame-includes-mat-classic-molding-signature-collection,shopify_US_8423992066118_45167862644806
feed stock disagreement,feed US2 says 'out of stock' but feed US says 'in stock' -- verify stock before promising it,Picture Frame | 8x10 with 5x7 Mat | Set of 5 | Silver | Wall Decor Display Frame,8x10,Picture Frame,00198301007146,,10.99,yes,https://americanflat.com/products/classic-gallery-picture-frame-set-of-5-galleria-collection-includes-mat,shopify_US_7297968046150_44860284665926
feed stock disagreement,feed US2 says 'in stock' but feed US says 'out of stock' -- verify stock before promising it,Picture Frame | 8x10 with 5x7 Mat | Walnut | Shatter-Resistant Glass Photo Frame,8x10,Picture Frame,00810029117395,,6.99,no,https://americanflat.com/products/americanflat-picture-frame-includes-mat-classic-molding-signature-collection,shopify_US_8423992066118_45167862743110
feed stock disagreement,feed US2 says 'in stock' but feed US says 'out of stock' -- verify stock before promising it,Picture Frame | 8x10 | 6 Pack | Black | Shatter-Resistant Glass Photo Frame Art,8x10,Picture Frame,00810029119580,,16.99,no,https://americanflat.com/products/gallery-wall-picture-frames-sets,shopify_US_8358559940678_44916367392838
feed stock disagreement,feed US2 says 'out of stock' but feed US says 'in stock' -- verify stock before promising it,Picture Frame | 8x10 | Black | Shatter-Resistant Glass Tabletop Wall Display,8x10,Picture Frame,00810131991395,,12.99,yes,https://americanflat.com/products/deep-molding-picture-frame-without-mat,shopify_US_7976734195782_43893441134662
feed stock disagreement,feed US2 says 'in stock' but feed US says 'out of stock' -- verify stock before promising it,Picture Frame | 8x12 with 6x8 Mat | Set of 5 | Gold | Gallery Wall Display Frame,8x12,Picture Frame,00198301007399,,17.99,no,https://americanflat.com/products/classic-gallery-picture-frame-set-of-5-galleria-collection-includes-mat,shopify_US_7297968046150_44860284796998
feed stock disagreement,feed US2 says 'in stock' but feed US says 'out of stock' -- verify stock before promising it,Picture Frame | 8x12 with 6x8 Mat | Set of 5 | Natural Oak | Multi-Photo Display,8x12,Picture Frame,00198301007016,,17.99,no,https://americanflat.com/products/classic-gallery-picture-frame-set-of-5-galleria-collection-includes-mat,shopify_US_7297968046150_44860284829766
feed stock disagreement,feed US2 says 'out of stock' but feed US says 'in stock' -- verify stock before promising it,Picture Frame | 8x8 with 4x4 Mat | 6 Pack | Black | Document Certificate Display,8x8,Picture Frame,00198301001977,,19.99,yes,https://americanflat.com/products/gallery-wall-picture-frames-sets,shopify_US_8358559940678_44916367851590
feed stock disagreement,feed US2 says 'in stock' but feed US says 'out of stock' -- verify stock before promising it,Picture Frame | 8x8 with 4x4 Mat | Set of 2 | Black | Changeable Artwork Frame,8x8,Picture Frame,,,11.99,no,https://americanflat.com/products/picture-frame-classic-molding-signature-collection-americanflat,shopify_US_8423985905734_45211542257734
feed stock disagreement,feed US2 says 'out of stock' but feed US says 'in stock' -- verify stock before promising it,Picture Frame | 8x8 with 4x4 Mat | Walnut | Shatter-Resistant Glass Photo Frame,8x8,Picture Frame,00810029119894,,6.99,yes,https://americanflat.com/products/americanflat-picture-frame-includes-mat-classic-molding-signature-collection,shopify_US_8423992066118_45167862546502
feed stock disagreement,feed US2 says 'out of stock' but feed US says 'in stock' -- verify stock before promising it,Picture Frame | 8x8 with 5x5 Mat | Black | Shatter-Resistant Glass Photo Frame,8x8,Picture Frame,00810131995607,,9.99,yes,https://americanflat.com/products/americanflat-picture-frame-includes-mat-classic-molding-signature-collection,shopify_US_8423992066118_45167862579270
feed stock disagreement,feed US2 says 'in stock' but feed US says 'out of stock' -- verify stock before promising it,Picture Frame | 8x8 with 6x6 Mat | White | Shatter-Resistant Glass Photo Frame,8x8,Picture Frame,00198301000147,,5.99,no,https://americanflat.com/products/picture-frame-includes-mat-slim-molding-streamline-collection,shopify_US_8423983349830_45167815589958
feed stock disagreement,feed US2 says 'in stock' but feed US says 'out of stock' -- verify stock before promising it,Picture Frame | 8x8 | Black | Shatter-Resistant Glass Tabletop Wall Display,8x8,Picture Frame,00810131990749,,8.49,no,https://americanflat.com/products/picture-frame-slim-molding-streamline-collection,shopify_US_8423981842502_45167801696326
feed stock disagreement,feed US2 says 'in stock' but feed US says 'out of stock' -- verify stock before promising it,Picture Frame | 9x11 | Black | Shatter-Resistant Glass Tabletop Wall Display,9x11,Picture Frame,00810131995614,,10.99,no,https://americanflat.com/products/picture-frame-classic-molding-signature-collection-americanflat,shopify_US_8423985905734_45167829811270
feed stock disagreement,feed US2 says 'in stock' but feed US says 'out of stock' -- verify stock before promising it,Picture Frame | 9x12 with 6x8 Mat | Black | Shatter-Resistant Glass Photo Frame,9x12,Picture Frame,00810029118477,,10.99,no,https://americanflat.com/products/picture-frame-includes-mat-slim-molding-streamline-collection,shopify_US_8423983349830_45167813558342
feed stock disagreement,feed US2 says 'in stock' but feed US says 'out of stock' -- verify stock before promising it,Picture Frame | 9x12 with 6x8 Mat | Set of 5 | White | Wall Decor Display Frame,9x12,Picture Frame,00850036466246,,24.99,no,https://americanflat.com/products/picture-frame-set-of-5-gallery-wall-frame-set-with-included-hanging-hardware-horizontal-or-vertical-display,shopify_US_8423988068422_45211297775686
feed stock disagreement,feed US2 says 'out of stock' but feed US says 'in stock' -- verify stock before promising it,Picture Frame | 9x12 with 6x8 Mat | Walnut | Shatter-Resistant Glass Photo Frame,9x12,Picture Frame,00810029117302,,12.99,yes,https://americanflat.com/products/americanflat-picture-frame-includes-mat-classic-molding-signature-collection,shopify_US_8423992066118_45167862874182
feed stock disagreement,feed US2 says 'out of stock' but feed US says 'in stock' -- verify stock before promising it,Picture Frame | 9x12 with 6x8 Mat | White | Shatter-Resistant Glass Photo Frame,9x12,Picture Frame,00198301000192,,10.99,yes,https://americanflat.com/products/picture-frame-includes-mat-slim-molding-streamline-collection,shopify_US_8423983349830_45167815557190
feed stock disagreement,feed US2 says 'in stock' but feed US says 'out of stock' -- verify stock before promising it,Picture Frame | 9x12 | White | Shatter-Resistant Glass Tabletop Wall Display,9x12,Picture Frame,00198301000208,,10.99,no,https://americanflat.com/products/picture-frame-slim-molding-streamline-collection,shopify_US_8423981842502_45167804907590
feed stock disagreement,feed US2 says 'in stock' but feed US says 'out of stock' -- verify stock before promising it,Picture Frame | 9x13 | Black | Shatter-Resistant Glass Tabletop Wall Display,9x13,Picture Frame,00810131996291,,10.99,no,https://americanflat.com/products/picture-frame-classic-molding-signature-collection-americanflat,shopify_US_8423985905734_45167828172870
feed stock disagreement,feed US2 says 'in stock' but feed US says 'out of stock' -- verify stock before promising it,Poster Frame | 12x18 with 11x17 Mat | Gold | Shatter-Resistant Glass Photo Frame,12x18,Picture Frame,00198301387958,,27.99,no,https://americanflat.com/products/americanflat-heirloom-frame-with-mat-beaded-accents-wall-display,shopify_US_8423990755398_45167857467462
feed stock disagreement,feed US2 says 'in stock' but feed US says 'out of stock' -- verify stock before promising it,Poster Frame | 12x18 with 11x17 Mat | Mahogany | Tabletop and Wall Photo Frame,12x18,Picture Frame,00810131994532,,19.99,no,https://americanflat.com/products/hudson-picture-frame,shopify_US_8337697505350_44860533801030
feed stock disagreement,feed US2 says 'out of stock' but feed US says 'in stock' -- verify stock before promising it,Poster Frame | 12x18 with 11x17 Mat | Set of 2 | Mahogany | Gallery Wall Display,12x18,Picture Frame,00198301001106,,26.99,yes,https://americanflat.com/products/classic-gallery-picture-frame-set-of-5-galleria-collection-includes-mat,shopify_US_7297968046150_45211317567558
feed stock disagreement,feed US2 says 'in stock' but feed US says 'out of stock' -- verify stock before promising it,Poster Frame | 12x18 with 11x17 Mat | Set of 2 | Natural Oak | Wall Art Display,12x18,Picture Frame,00198301006910,,26.99,no,https://americanflat.com/products/classic-gallery-picture-frame-set-of-5-galleria-collection-includes-mat,shopify_US_7297968046150_45211317600326
feed stock disagreement,feed US2 says 'in stock' but feed US says 'out of stock' -- verify stock before promising it,Poster Frame | 12x18 with 11x17 Mat | Set of 2 | Silver | Wall Art Display Decor,12x18,Picture Frame,00198301008051,,16.99,no,https://americanflat.com/products/classic-gallery-picture-frame-set-of-5-galleria-collection-includes-mat,shopify_US_7297968046150_45211317633094
feed stock disagreement,feed US2 says 'out of stock' but feed US says 'in stock' -- verify stock before promising it,Poster Frame | 12x18 | Walnut | Shatter-Resistant Glass Tabletop Wall Display,12x18,Poster Frame,00810029119658,,21.99,yes,https://americanflat.com/products/epic-poster-frame,shopify_US_8433904222278_45210556235846
feed stock disagreement,feed US2 says 'out of stock' but feed US says 'in stock' -- verify stock before promising it,Poster Frame | 12x18 | White | Shatter-Resistant Glass Tabletop Wall Display,12x18,Picture Frame,00198301000338,,17.99,yes,https://americanflat.com/products/picture-frame-slim-molding-streamline-collection,shopify_US_8423981842502_45167804809286
feed stock disagreement,feed US2 says 'out of stock' but feed US says 'in stock' -- verify stock before promising it,Poster Frame | 16x24 with 12x18 Mat | Gold | Shatter-Resistant Glass Photo Frame,16x24,Picture Frame,00810131994792,,25.99,yes,https://americanflat.com/products/hudson-picture-frame,shopify_US_8337697505350_44860534849606
feed stock disagreement,feed US2 says 'out of stock' but feed US says 'in stock' -- verify stock before promising it,Poster Frame | 16x24 with 12x18 Mat | Natural Oak | Document Certificate Display,16x24,Picture Frame,00810131994785,,25.99,yes,https://americanflat.com/products/hudson-picture-frame,shopify_US_8337697505350_44860534947910
feed stock disagreement,feed US2 says 'out of stock' but feed US says 'in stock' -- verify stock before promising it,Poster Frame | 16x24 with 12x18 Mat | Silver | Wall Mount Document Display Frame,16x24,Picture Frame,00810131994808,,25.99,yes,https://americanflat.com/products/hudson-picture-frame,shopify_US_8337697505350_44860534980678
feed stock disagreement,feed US2 says 'in stock' but feed US says 'out of stock' -- verify stock before promising it,Poster Frame | 16x24 | Black | Shatter-Resistant Glass Tabletop Wall Display,16x24,Picture Frame,00810131991296,,14.99,no,https://americanflat.com/products/deep-molding-picture-frame-without-mat,shopify_US_7976734195782_43893441364038
feed stock disagreement,feed US2 says 'in stock' but feed US says 'out of stock' -- verify stock before promising it,Poster Frame | 18x24 with 12x18 Mat | Silver | Wall Mount Document Display Frame,18x24,Picture Frame,00810131994921,,29.99,no,https://americanflat.com/products/hudson-picture-frame,shopify_US_8337697505350_44860535406662
feed stock disagreement,feed US2 says 'out of stock' but feed US says 'in stock' -- verify stock before promising it,Poster Frame | 20x30 | Black | Shatter-Resistant Glass Tabletop Wall Display,20x30,Picture Frame,00850038118723,,25.99,yes,https://americanflat.com/products/picture-frame-slim-molding-streamline-collection,shopify_US_8423981842502_45167805956166
feed stock disagreement,feed US2 says 'in stock' but feed US says 'out of stock' -- verify stock before promising it,Poster Frame | 20x30 | Black | Shatter-Resistant Glass Tabletop Wall Display,20x30,Picture Frame,00810131991333,,26.99,no,https://americanflat.com/products/deep-molding-picture-frame-without-mat,shopify_US_7976734195782_43893441462342
feed stock disagreement,feed US2 says 'out of stock' but feed US says 'in stock' -- verify stock before promising it,Poster Frame | 20x30 | Set of 3 | Black | Shatter-Resistant Glass Photo Frame,20x30,Picture Frame,00810131999797,,39.99,yes,https://americanflat.com/products/poster-frame-in-black-3-pack-with-slimline-molding-and-plexiglass-covers-horizontal-and-vertical-display,shopify_US_7305689858118_41116614000710
feed stock disagreement,feed US2 says 'out of stock' but feed US says 'in stock' -- verify stock before promising it,Poster Frame | 22x28 with 18x24 Mat | Natural Oak | Document Certificate Display,22x28,Picture Frame,00810131995027,,38.99,yes,https://americanflat.com/products/hudson-picture-frame,shopify_US_8337697505350_44860536127558
feed stock disagreement,feed US2 says 'in stock' but feed US says 'out of stock' -- verify stock before promising it,Poster Frame | 22x28 with 18x24 Mat | White | Wall Mount Document Display Frame,22x28,Picture Frame,00810131995058,,34.99,no,https://americanflat.com/products/hudson-picture-frame,shopify_US_8337697505350_44860536062022
feed stock disagreement,feed US2 says 'out of stock' but feed US says 'in stock' -- verify stock before promising it,Poster Frame | 22x28 | Light Wood | Shatter-Resistant Glass Gallery Wall Decor,22x28,Poster Frame,00810029117142,,38.99,yes,https://americanflat.com/products/epic-poster-frame,shopify_US_8433904222278_45210552729670
feed stock disagreement,feed US2 says 'in stock' but feed US says 'out of stock' -- verify stock before promising it,Poster Frame | 23x35 | Black | Shatter-Resistant Glass Tabletop Wall Display,23x35,Poster Frame,00810131999032,,54.99,no,https://americanflat.com/products/epic-poster-frame,shopify_US_8433904222278_45210555154502
feed stock disagreement,feed US2 says 'in stock' but feed US says 'out of stock' -- verify stock before promising it,Poster Frame | 24x34 with 20x30 Mat | Grey Wood | Tabletop and Wall Photo Frame,24x34,Picture Frame,00810131995249,,18.99,no,https://americanflat.com/products/hudson-picture-frame,shopify_US_8337697505350_44860536455238
feed stock disagreement,feed US2 says 'out of stock' but feed US says 'in stock' -- verify stock before promising it,Poster Frame | 28x40 with 24x36 Mat | Grey Wood | Tabletop and Wall Photo Frame,28x40,Picture Frame,00810131995126,,54.99,yes,https://americanflat.com/products/hudson-picture-frame,shopify_US_8337697505350_44860536684614
feed stock disagreement,feed US2 says 'in stock' but feed US says 'out of stock' -- verify stock before promising it,Poster Frame | 28x40 with 24x36 Mat | White | Wall Mount Document Display Frame,28x40,Picture Frame,00198301000611,,54.99,no,https://americanflat.com/products/picture-frame-includes-mat-slim-molding-streamline-collection,shopify_US_8423983349830_45167814770758
feed stock disagreement,feed US2 says 'out of stock' but feed US says 'in stock' -- verify stock before promising it,Shadow Box Frame | 10x12 with 8x10 Mat | White | Tabletop and Wall Photo Frame,10x12,Shadow Box,00810131997618,,25.99,yes,https://americanflat.com/products/shadow-box-frame-with-mat-and-soft-linen-back-small-shadow-box-frame-with-engineered-wood,shopify_US_7314075091014_41134141505606
feed stock disagreement,feed US2 says 'in stock' but feed US says 'out of stock' -- verify stock before promising it,Shadow Box Frame | 11x11 | Dark Oak | Shatter-Resistant Glass Display Case Box,11x11,Shadow Box,00198301198103,,21.99,no,https://americanflat.com/products/shadow-box-frame-with-soft-linen-back-wood-and-shatter-resistant-glass-for-wall,shopify_US_8423989248070_45167852191814
feed stock disagreement,feed US2 says 'in stock' but feed US says 'out of stock' -- verify stock before promising it,Shadow Box Frame | 11x11 | Driftwood | Shatter-Resistant Glass Photo Frame Art,11x11,Shadow Box,00810029116831,,13.99,no,https://americanflat.com/products/shadow-box-frame-with-soft-linen-back-wood-and-shatter-resistant-glass-for-wall,shopify_US_8423989248070_45251428745286
feed stock disagreement,feed US2 says 'out of stock' but feed US says 'in stock' -- verify stock before promising it,Shadow Box Frame | 11x14 with 9x12 Mat | Black | Tabletop and Wall Photo Frame,11x14,Shadow Box,00810131997625,,20.99,yes,https://americanflat.com/products/shadow-box-frame-with-mat-and-soft-linen-back-small-shadow-box-frame-with-engineered-wood,shopify_US_7314075091014_41134141538374
feed stock disagreement,feed US2 says 'out of stock' but feed US says 'in stock' -- verify stock before promising it,Shadow Box Frame | 11x14 | Natural Oak | Shatter-Resistant Glass Photo Frame Art,11x14,Shadow Box,,MP-SB-1114-NAOAK,41.99,yes,https://americanflat.com/products/shadow-box-frame-deep-display-shatter-resistant-glass-wall-decor,shopify_US_8428500287558_45191033126982
feed stock disagreement,feed US2 says 'in stock' but feed US says 'out of stock' -- verify stock before promising it,Shadow Box Frame | 18x24 | Black | Shatter-Resistant Glass Tabletop Wall Display,18x24,Shadow Box,00198301010443,,49.99,no,https://americanflat.com/products/lockable-jersey-display-case-with-hanger-for-adults-and-kids-all-star-collection,shopify_US_7298087223366_44916913143878
feed stock disagreement,feed US2 says 'in stock' but feed US says 'out of stock' -- verify stock before promising it,Shadow Box Frame | 23x31 | Mahogany | Shatter-Resistant Glass Gallery Wall Decor,23x31,Shadow Box,00810131991050,,54.99,no,https://americanflat.com/products/lockable-jersey-display-case-with-hanger-for-adults-and-kids-all-star-collection,shopify_US_7298087223366_44916913176646
feed stock disagreement,feed US2 says 'out of stock' but feed US says 'in stock' -- verify stock before promising it,Shadow Box Frame | 8.5x11 | Driftwood | Shatter-Resistant Glass Photo Frame Art,8.5x11,Shadow Box,00810029116756,,15.99,yes,https://americanflat.com/products/shadow-box-frame-with-soft-linen-back-wood-and-shatter-resistant-glass-for-wall,shopify_US_8423989248070_45251427467334
feed stock disagreement,feed US2 says 'out of stock' but feed US says 'in stock' -- verify stock before promising it,Shadow Box Frame | 8.5x11 | Walnut | Polished Plexiglass Silhouette Display Case,8.5x11,Shadow Box,00659699637808,,15.99,yes,https://americanflat.com/products/shadow-box-frame-with-soft-linen-back-wood-and-shatter-resistant-glass-for-wall,shopify_US_8423989248070_45167852060742
feed stock disagreement,feed US2 says 'in stock' but feed US says 'out of stock' -- verify stock before promising it,Signature Hinged Picture Frame | Americanflat 8x10 / Driftwood / Doube fold,8x10,Picture Frame,,,19.99,no,https://americanflat.com/products/hinged-picture-frame-with-two-displays-composite-wood-with-polished-glass-for-tabletop,shopify_US_7314067849286_45167903998022
feed stock disagreement,feed US2 says 'in stock' but feed US says 'out of stock' -- verify stock before promising it,Signature Matted Engineered Wood Collage Frame | Americanflat 10x10 with 4x4 mat / White / 1 Pack,10x10,Collage Frame,00850038117375,,18.99,no,https://americanflat.com/products/americanflat-16x20-collage-picture-frame-fits-one-6x8-four-5x7-and-four-4x4-photos-or-one-16x20-photo,shopify_US_7607908040774_45217254572102
feed stock disagreement,feed US2 says 'in stock' but feed US says 'out of stock' -- verify stock before promising it,Signature Matted Engineered Wood Collage Frame | Americanflat 11x14 with 4x6 mat / Walnut / 1 Pack,11x14,Collage Frame,00810029115865,,18.99,no,https://americanflat.com/products/americanflat-16x20-collage-picture-frame-fits-one-6x8-four-5x7-and-four-4x4-photos-or-one-16x20-photo,shopify_US_7607908040774_45217255063622
feed stock disagreement,feed US2 says 'in stock' but feed US says 'out of stock' -- verify stock before promising it,Signature Matted Engineered Wood Collage Frame | Americanflat 5.5x14 / Black / 1 Pack,5.5x14,Collage Frame,00198301010153,,18.99,no,https://americanflat.com/products/americanflat-16x20-collage-picture-frame-fits-one-6x8-four-5x7-and-four-4x4-photos-or-one-16x20-photo,shopify_US_7607908040774_45217219608646
feed stock disagreement,feed US2 says 'out of stock' but feed US says 'in stock' -- verify stock before promising it,Signature Matted Engineered Wood Collage Frame | Americanflat 8x20 / Walnut / 1 Pack,8x20,Collage Frame,00850038117283,,18.99,yes,https://americanflat.com/products/americanflat-16x20-collage-picture-frame-fits-one-6x8-four-5x7-and-four-4x4-photos-or-one-16x20-photo,shopify_US_7607908040774_45217254703174
feed stock disagreement,feed US2 says 'in stock' but feed US says 'out of stock' -- verify stock before promising it,Signature Matted Picture Frame | Americanflat 14x14 / Silver / 1 Pack,14x14,Picture Frame,00850036047162,,19.99,no,https://americanflat.com/products/americanflat-picture-frame-includes-mat-classic-molding-signature-collection,shopify_US_8423992066118_45215282724934
feed stock disagreement,feed US2 says 'in stock' but feed US says 'out of stock' -- verify stock before promising it,Signature Matted Picture Frame | Americanflat Black / 11x14 / 4Pk,11x14,Picture Frame,,,39.99,no,https://americanflat.com/products/americanflat-picture-frame-includes-mat-classic-molding-signature-collection,shopify_US_8423992066118_45945647562822
feed stock disagreement,feed US2 says 'in stock' but feed US says 'out of stock' -- verify stock before promising it,Signature Matted Picture Frame | Americanflat Dark Oak / Multi / 10Pk,,Picture Frame,,,24.99,no,https://americanflat.com/products/americanflat-picture-frame-includes-mat-classic-molding-signature-collection,shopify_US_8423992066118_45945647890502
feed stock disagreement,feed US2 says 'in stock' but feed US says 'out of stock' -- verify stock before promising it,Signature Matted Picture Frame | Americanflat Driftwood / Multi / 10 Pack,,Picture Frame,,,25.99,no,https://americanflat.com/products/americanflat-picture-frame-includes-mat-classic-molding-signature-collection,shopify_US_8423992066118_45945619677254
feed stock disagreement,feed US2 says 'in stock' but feed US says 'out of stock' -- verify stock before promising it,Signature Matted Picture Frame | Americanflat Mahogany / Multi / 7 Pack,,Picture Frame,,,6.99,no,https://americanflat.com/products/americanflat-picture-frame-includes-mat-classic-molding-signature-collection,shopify_US_8423992066118_45945620103238
feed stock disagreement,feed US2 says 'in stock' but feed US says 'out of stock' -- verify stock before promising it,Signature Matted Picture Frame | Americanflat Oak / Multi / 7PK,,Picture Frame,,,23.99,no,https://americanflat.com/products/americanflat-picture-frame-includes-mat-classic-molding-signature-collection,shopify_US_8423992066118_45945647824966
feed stock disagreement,feed US2 says 'out of stock' but feed US says 'in stock' -- verify stock before promising it,Square Picture Frame | 12x12 with 10x10 Mat | Natural Oak | Gallery Wall Display,12x12,Picture Frame,00810131994426,,19.99,yes,https://americanflat.com/products/hudson-picture-frame,shopify_US_8337697505350_44860539011142
feed stock disagreement,feed US2 says 'out of stock' but feed US says 'in stock' -- verify stock before promising it,Square Picture Frame | 12x12 with 10x10 Mat | Silver | Changeable Artwork Frame,12x12,Picture Frame,00810131994440,,14.99,yes,https://americanflat.com/products/hudson-picture-frame,shopify_US_8337697505350_44860539076678
feed stock disagreement,feed US2 says 'in stock' but feed US says 'out of stock' -- verify stock before promising it,Square Picture Frame | 15x15 with 12x12 Mat | Set of 5 | Black | Gallery Display,15x15,Picture Frame,00810131993825,,41.99,no,https://americanflat.com/products/classic-gallery-picture-frame-set-of-5-galleria-collection-includes-mat,shopify_US_7297968046150_44860286435398
feed stock disagreement,feed US2 says 'in stock' but feed US says 'out of stock' -- verify stock before promising it,Square Picture Frame | 16x16 with 12x12 Mat | Gold | Wall Display Document Frame,16x16,Picture Frame,00810131995331,,21.99,no,https://americanflat.com/products/hudson-picture-frame,shopify_US_8337697505350_44860534259782
feed stock disagreement,feed US2 says 'in stock' but feed US says 'out of stock' -- verify stock before promising it,Square Picture Frame | 16x16 with 12x12 Mat | White | Changeable Artwork Frame,16x16,Picture Frame,00810131995355,,20.99,no,https://americanflat.com/products/hudson-picture-frame,shopify_US_8337697505350_44860534292550
feed stock disagreement,feed US2 says 'in stock' but feed US says 'out of stock' -- verify stock before promising it,Streamline Matted Grand Gallery — White · 9 Frames,,Picture Frame,,,150.0,no,https://americanflat.com/products/streamline-matted-grand-gallery-white-9-frames,shopify_US_8480915193926_45716419444806
feed stock disagreement,feed US2 says 'in stock' but feed US says 'out of stock' -- verify stock before promising it,Streamline Matted Picture Frame | Americanflat 11x14 with 2x3 Mat / Black / 1 Pack,11x14,Picture Frame,00198301386876,,8.49,no,https://americanflat.com/products/picture-frame-includes-mat-slim-molding-streamline-collection,shopify_US_8423983349830_45214663180358
feed stock disagreement,feed US2 says 'in stock' but feed US says 'out of stock' -- verify stock before promising it,Streamline Matted Picture Frame | Americanflat 14x18 with 5x7 Mat / White / 1 Pack,14x18,Picture Frame,00810131998004,,20.99,no,https://americanflat.com/products/picture-frame-includes-mat-slim-molding-streamline-collection,shopify_US_8423983349830_45214662623302
feed stock disagreement,feed US2 says 'out of stock' but feed US says 'in stock' -- verify stock before promising it,Streamline Matted Picture Frame | Americanflat 18x24 with 8x10 Mat / Silver / 1 Pack,18x24,Picture Frame,00810131998141,,26.99,yes,https://americanflat.com/products/picture-frame-includes-mat-slim-molding-streamline-collection,shopify_US_8423983349830_45214662295622
feed stock disagreement,feed US2 says 'out of stock' but feed US says 'in stock' -- verify stock before promising it,Streamline Picture Frame | Americanflat 8x10 / Black / 2 Pack,8x10,Picture Frame,00198301002370,,14.99,yes,https://americanflat.com/products/picture-frame-slim-molding-streamline-collection,shopify_US_8423981842502_45214645518406
feed stock disagreement,feed US2 says 'out of stock' but feed US says 'in stock' -- verify stock before promising it,Token Shadow Box Frame | 12x16 with 4x6 Mat | Black | Changeable Artwork Frame,12x16,Picture Frame,00198301202619,,30.99,yes,https://americanflat.com/products/americanflat-token-shadow-box-guest-book-12x16-with-mat-80-tokens,shopify_US_8423991345222_45167859695686
variant size vs title size,the title also names 10x10 (the parent listing's size); the variant actually sold here is 11x14,10x10 with 8x8 Mat | Picture Frame | White | Modern - Premium Quality 11x14 matted to 1.5x2.5 / Black,11x14,Picture Frame,00198301386876,,12.99,no,https://americanflat.com/products/picture-frames-shatter-resistant-glass-wall-tabletop,shopify_US_7975084884038_43880990900294
variant size vs title size,the title also names 10x10 (the parent listing's size); the variant actually sold here is 11x14,10x10 with 8x8 Mat | Picture Frame | White | Modern - Premium Quality 11x14 matted to 1.5x2.5 / White,11x14,Picture Frame,00198301386944,,12.99,yes,https://americanflat.com/products/picture-frames-shatter-resistant-glass-wall-tabletop,shopify_US_7975084884038_43880990867526
variant size vs title size,the title also names 10x10 (the parent listing's size); the variant actually sold here is 11x14,10x10 with 8x8 Mat | Picture Frame | White | Modern - Premium Quality 11x14 matted to 7.5x10.5 / White,11x14,Picture Frame,00198301000246,,11.99,no,https://americanflat.com/products/picture-frames-shatter-resistant-glass-wall-tabletop,shopify_US_7975084884038_43880990638150
variant size vs title size,the title also names 10x10 (the parent listing's size); the variant actually sold here is 6x6,10x10 with 8x8 Mat | Picture Frame | White | Modern - Premium Quality 6x6 matted to 3.5x3.5 / White,6x6,Picture Frame,00198301000062,,4.99,yes,https://americanflat.com/products/picture-frames-shatter-resistant-glass-wall-tabletop,shopify_US_7975084884038_43880990670918
variant size vs title size,the title also names 10x10 (the parent listing's size); the variant actually sold here is 6x8,10x10 with 8x8 Mat | Picture Frame | White | Modern - Premium Quality 6x8 matted to 2.5x4.5 / White,6x8,Picture Frame,00198301000109,,10.99,yes,https://americanflat.com/products/picture-frames-shatter-resistant-glass-wall-tabletop,shopify_US_7975084884038_43880990703686
variant size vs title size,the title also names 10x10 (the parent listing's size); the variant actually sold here is 6x8,10x10 with 8x8 Mat | Picture Frame | White | Modern - Premium Quality 6x8 matted to 3.5x5.5 / White,6x8,Picture Frame,00198301000116,,10.99,yes,https://americanflat.com/products/picture-frames-shatter-resistant-glass-wall-tabletop,shopify_US_7975084884038_43880990736454
variant size vs title size,the title also names 10x10 (the parent listing's size); the variant actually sold here is 8x8,10x10 with 8x8 Mat | Picture Frame | White | Modern - Premium Quality 8x8 matted to 4.5x4.5 / White,8x8,Picture Frame,00198301000130,,5.99,yes,https://americanflat.com/products/picture-frames-shatter-resistant-glass-wall-tabletop,shopify_US_7975084884038_43880990769222
variant size vs title size,the title also names 10x10 (the parent listing's size); the variant actually sold here is 8x8,10x10 with 8x8 Mat | Picture Frame | White | Modern - Premium Quality 8x8 matted to 5.5x5.5 / White,8x8,Picture Frame,00198301000147,,5.99,yes,https://americanflat.com/products/picture-frames-shatter-resistant-glass-wall-tabletop,shopify_US_7975084884038_43880990801990
variant size vs title size,the title also names 10x10 (the parent listing's size); the variant actually sold here is 9x12,10x10 with 8x8 Mat | Picture Frame | White | Modern - Premium Quality 9x12 matted to 5.5x7.5 / White,9x12,Picture Frame,00198301000192,,10.99,yes,https://americanflat.com/products/picture-frames-shatter-resistant-glass-wall-tabletop,shopify_US_7975084884038_43880990834758
variant size vs title size,the title also names 11x11 (the parent listing's size); the variant actually sold here is 11x14,11x11 | Shadow Box Frame | Black | Modern - Premium Quality 11x14 / Black,11x14,Picture Frame,00789075280967,,19.99,yes,https://americanflat.com/products/shadow-box-frame-shatter-resistant-glass,shopify_US_7975222804550_43881597435974
variant size vs title size,the title also names 11x11 (the parent listing's size); the variant actually sold here is 11x14,11x11 | Shadow Box Frame | Black | Modern - Premium Quality 11x14 / Dark Oak,11x14,Picture Frame,00810029115902,,23.99,yes,https://americanflat.com/products/shadow-box-frame-shatter-resistant-glass,shopify_US_7975222804550_43881597403206
variant size vs title size,the title also names 11x11 (the parent listing's size); the variant actually sold here is 11x14,11x11 | Shadow Box Frame | Black | Modern - Premium Quality 11x14 / White,11x14,Picture Frame,00810029110457,,19.99,no,https://americanflat.com/products/shadow-box-frame-shatter-resistant-glass,shopify_US_7975222804550_43881597468742
variant size vs title size,the title also names 11x11 (the parent listing's size); the variant actually sold here is 5x7,11x11 | Shadow Box Frame | Black | Modern - Premium Quality 5x7 / Black,5x7,Picture Frame,00810029119535,,10.99,yes,https://americanflat.com/products/shadow-box-frame-shatter-resistant-glass,shopify_US_7975222804550_43881597304902
variant size vs title size,the title also names 11x11 (the parent listing's size); the variant actually sold here is 8.5x11,11x11 | Shadow Box Frame | Black | Modern - Premium Quality 8.5x11 / Black,8.5x11,Picture Frame,00789075281155,,14.99,no,https://americanflat.com/products/shadow-box-frame-shatter-resistant-glass,shopify_US_7975222804550_43881597501510
variant size vs title size,the title also names 11x11 (the parent listing's size); the variant actually sold here is 8x10,11x11 | Shadow Box Frame | Black | Modern - Premium Quality 8x10 / Black,8x10,Picture Frame,00789075280936,,13.99,yes,https://americanflat.com/products/shadow-box-frame-shatter-resistant-glass,shopify_US_7975222804550_43881597337670
variant size vs title size,the title also names 11x11 (the parent listing's size); the variant actually sold here is 8x10,11x11 | Shadow Box Frame | Black | Modern - Premium Quality 8x10 / Dark Oak,8x10,Picture Frame,00810029116800,,14.99,yes,https://americanflat.com/products/shadow-box-frame-shatter-resistant-glass,shopify_US_7975222804550_43881597370438
variant size vs title size,the title also names 11x14 (the parent listing's size); the variant actually sold here is 8.5x11,11x14 with 8.5x11 Mat | Diploma Frame | 2 Pack | Driftwood | Modern 8.5x11 / Dark Oak / 2 pack,8.5x11,Picture Frame,00850036047544,,21.99,no,https://americanflat.com/products/americanflat-diploma-frames-set-of-2-with-8-5x11-mat-wall-display,shopify_US_7972754620486_44894028038214
variant size vs title size,the title also names 11x14 (the parent listing's size); the variant actually sold here is 8.5x11,11x14 with 8.5x11 Mat | Diploma Frame | 2 Pack | Driftwood | Modern 8.5x11 / Driftwood / 2 pack,8.5x11,Picture Frame,00850036047537,,21.99,no,https://americanflat.com/products/americanflat-diploma-frames-set-of-2-with-8-5x11-mat-wall-display,shopify_US_7972754620486_44894027972678
variant size vs title size,the title also names 11x14 (the parent listing's size); the variant actually sold here is 8.5x11,11x14 with 8.5x11 Mat | Diploma Frame | 2 Pack | Driftwood | Modern 8.5x11 / Walnut / 2 pack,8.5x11,Picture Frame,00850036047568,,21.99,no,https://americanflat.com/products/americanflat-diploma-frames-set-of-2-with-8-5x11-mat-wall-display,shopify_US_7972754620486_44894028136518
variant size vs title size,the title also names 11x14 (the parent listing's size); the variant actually sold here is 8.5x11,11x14 with 8.5x11 Mat | Diploma Frame | 2 Pack | Driftwood | Modern 8.5x11 / White / 2 pack,8.5x11,Picture Frame,00850037537525,,19.99,no,https://americanflat.com/products/americanflat-diploma-frames-set-of-2-with-8-5x11-mat-wall-display,shopify_US_7972754620486_44894028202054
variant size vs title size,the title also names 11x14 (the parent listing's size); the variant actually sold here is 8x10,11x14 with 8x10 Mat | Floating Picture Frame | Black | Modern - Premium Quality 8x10 / Black,8x10,Picture Frame,00198301382991,,14.99,yes,https://americanflat.com/products/veranda-picture-frame-fillet-accent-shatter-resistant,shopify_US_7972754522182_43873794654278
variant size vs title size,the title also names 11x14 (the parent listing's size); the variant actually sold here is 8x10,11x14 with 8x10 Mat | Floating Picture Frame | Black | Modern - Premium Quality 8x10 / Driftwood,8x10,Picture Frame,00198301383004,,14.99,no,https://americanflat.com/products/veranda-picture-frame-fillet-accent-shatter-resistant,shopify_US_7972754522182_43873794687046
variant size vs title size,the title also names 11x14 (the parent listing's size); the variant actually sold here is 8x10,11x14 with 8x10 Mat | Floating Picture Frame | Black | Modern - Premium Quality 8x10 / Gold,8x10,Picture Frame,00198301383011,,14.99,yes,https://americanflat.com/products/veranda-picture-frame-fillet-accent-shatter-resistant,shopify_US_7972754522182_43873794719814
variant size vs title size,the title also names 11x14 (the parent listing's size); the variant actually sold here is 8x10,11x14 with 8x10 Mat | Floating Picture Frame | Black | Modern - Premium Quality 8x10 / Silver,8x10,Picture Frame,00198301383028,,14.99,no,https://americanflat.com/products/veranda-picture-frame-fillet-accent-shatter-resistant,shopify_US_7972754522182_43873794752582
variant size vs title size,the title also names 11x14 (the parent listing's size); the variant actually sold here is 8.5x11,11x14 | Aluminum Floating Picture Frame | Black | Modern - Premium Quality 8.5x11 / Black / 1 Pack,8.5x11,Picture Frame,00789075281148,,24.99,yes,https://americanflat.com/products/aluminum-floating-frame-shatter-resistant-without-mat-metal-molding-gallery-look,shopify_US_7976732622918_44854536044614
variant size vs title size,the title also names 11x14 (the parent listing's size); the variant actually sold here is 8x11,11x14 | Black & Gold | Document Frame | Matted to 8.5x11 | Legacy 8x11 / White / White,8x11,Picture Frame,00810131999476,,14.99,yes,https://americanflat.com/products/americanflat-ornate-diploma-frame-with-8-5x11-mat-shatter-resistant-glass,shopify_US_8423991574598_45167861039174
variant size vs title size,the title also names 11x14 (the parent listing's size); the variant actually sold here is 16x20,11x14 | Black | Picture Frame | Brooklyn Float 16x20 / Gold,16x20,Picture Frame,00198301002134,,49.99,no,https://americanflat.com/products/americanflat-floating-aluminum-plexiglass-picture-frame,shopify_US_7359647809606_41264251895878
variant size vs title size,the title also names 11x14 (the parent listing's size); the variant actually sold here is 24x36,11x14 | Black | Picture Frame | Fusion | Set of 3 24x36 / Black,24x36,Picture Frame,00810131999940,,75.99,yes,https://americanflat.com/products/poster-frame-3-pack-lightweight-design-shatter-resistant-cover-wall-decor,shopify_US_8396474679366_45042179768390
variant size vs title size,the title also names 11x14 (the parent listing's size); the variant actually sold here is 10x10,11x14 | Black | Picture Frame | Matted to 8.5x11 | Streamline | Set of 2 10x10 with 4x4 Mat / Black / 1 Pack,10x10,Picture Frame,00198301386814,,11.99,no,https://americanflat.com/products/streamline-matted-picture-frame,shopify_US_8432900997190_45207348478022
variant size vs title size,the title also names 11x14 (the parent listing's size); the variant actually sold here is 10x10,11x14 | Black | Picture Frame | Matted to 8.5x11 | Streamline | Set of 2 10x10 with 4x4 Mat / White / 1 Pack,10x10,Picture Frame,00198301386821,,11.99,no,https://americanflat.com/products/streamline-matted-picture-frame,shopify_US_8432900997190_45207348445254
variant size vs title size,the title also names 11x14 (the parent listing's size); the variant actually sold here is 10x10,11x14 | Black | Picture Frame | Matted to 8.5x11 | Streamline | Set of 2 10x10 with 8x8 Mat / Black / 1 Pack,10x10,Picture Frame,00810029118538,,10.99,yes,https://americanflat.com/products/streamline-matted-picture-frame,shopify_US_8432900997190_45207344709702
variant size vs title size,the title also names 11x14 (the parent listing's size); the variant actually sold here is 10x10,11x14 | Black | Picture Frame | Matted to 8.5x11 | Streamline | Set of 2 10x10 with 8x8 Mat / Gold / 1 Pack,10x10,Picture Frame,00198301000215,,11.99,yes,https://americanflat.com/products/streamline-matted-picture-frame,shopify_US_8432900997190_45207346511942
variant size vs title size,the title also names 11x14 (the parent listing's size); the variant actually sold here is 10x10,11x14 | Black | Picture Frame | Matted to 8.5x11 | Streamline | Set of 2 10x10 with 8x8 Mat / White / 1 Pack,10x10,Picture Frame,00198301000239,,11.99,no,https://americanflat.com/products/streamline-matted-picture-frame,shopify_US_8432900997190_45207346479174
variant size vs title size,the title also names 11x14 (the parent listing's size); the variant actually sold here is 11.5x14,11x14 | Black | Picture Frame | Matted to 8.5x11 | Streamline | Set of 2 11.5x14 with 8.5x11 Mat / Black / 1 Pack,11.5x14,Picture Frame,00810131995942,,9.99,yes,https://americanflat.com/products/streamline-matted-picture-frame,shopify_US_8432900997190_45207344447558
variant size vs title size,the title also names 11x14 (the parent listing's size); the variant actually sold here is 11.5x14,11x14 | Black | Picture Frame | Matted to 8.5x11 | Streamline | Set of 2 11.5x14 with 8.5x11 Mat / Gold / 1 Pack,11.5x14,Picture Frame,00198301000277,,17.99,yes,https://americanflat.com/products/streamline-matted-picture-frame,shopify_US_8432900997190_45207344513094
variant size vs title size,the title also names 11x14 (the parent listing's size); the variant actually sold here is 11.5x14,11x14 | Black | Picture Frame | Matted to 8.5x11 | Streamline | Set of 2 11.5x14 with 8.5x11 Mat / Silver / 1 Pack,11.5x14,Picture Frame,00198301000284,,17.99,yes,https://americanflat.com/products/streamline-matted-picture-frame,shopify_US_8432900997190_45207344545862
variant size vs title size,the title also names 11x14 (the parent listing's size); the variant actually sold here is 11.5x14,11x14 | Black | Picture Frame | Matted to 8.5x11 | Streamline | Set of 2 11.5x14 with 8.5x11 Mat / White / 1 Pack,11.5x14,Picture Frame,00198301000291,,16.99,yes,https://americanflat.com/products/streamline-matted-picture-frame,shopify_US_8432900997190_45207344480326
variant size vs title size,the title also names 11x14 (the parent listing's size); the variant actually sold here is 11x11,11x14 | Black | Picture Frame | Matted to 8.5x11 | Streamline | Set of 2 11x11 with 8x8 Mat / Black / 1 Pack,11x11,Picture Frame,00810029118545,,10.99,no,https://americanflat.com/products/streamline-matted-picture-frame,shopify_US_8432900997190_45207344742470
variant size vs title size,the title also names 11x14 (the parent listing's size); the variant actually sold here is 12x14,11x14 | Black | Picture Frame | Matted to 8.5x11 | Streamline | Set of 2 12x14 with 9x11 Mat / Black / 1 Pack,12x14,Picture Frame,00198301000307,,16.99,yes,https://americanflat.com/products/streamline-matted-picture-frame,shopify_US_8432900997190_45207346413638
variant size vs title size,the title also names 11x14 (the parent listing's size); the variant actually sold here is 12x16,11x14 | Black | Picture Frame | Matted to 8.5x11 | Streamline | Set of 2 12x16 with 4x6 Mat / Black / 1 Pack,12x16,Picture Frame,00810131997861,,15.99,yes,https://americanflat.com/products/streamline-matted-picture-frame,shopify_US_8432900997190_45207347068998
variant size vs title size,the title also names 11x14 (the parent listing's size); the variant actually sold here is 12x16,11x14 | Black | Picture Frame | Matted to 8.5x11 | Streamline | Set of 2 12x16 with 4x6 Mat / Gold / 1 Pack,12x16,Picture Frame,00810131997885,,16.99,yes,https://americanflat.com/products/streamline-matted-picture-frame,shopify_US_8432900997190_45207347101766
variant size vs title size,the title also names 11x14 (the parent listing's size); the variant actually sold here is 12x16,11x14 | Black | Picture Frame | Matted to 8.5x11 | Streamline | Set of 2 12x16 with 4x6 Mat / Silver / 1 Pack,12x16,Picture Frame,00810131997892,,16.99,yes,https://americanflat.com/products/streamline-matted-picture-frame,shopify_US_8432900997190_45207347134534
variant size vs title size,the title also names 11x14 (the parent listing's size); the variant actually sold here is 12x16,11x14 | Black | Picture Frame | Matted to 8.5x11 | Streamline | Set of 2 12x16 with 4x6 Mat / White / 1 Pack,12x16,Picture Frame,00810131997908,,9.99,yes,https://americanflat.com/products/streamline-matted-picture-frame,shopify_US_8432900997190_45207347167302
variant size vs title size,the title also names 11x14 (the parent listing's size); the variant actually sold here is 12x16,11x14 | Black | Picture Frame | Matted to 8.5x11 | Streamline | Set of 2 12x16 with 8x12 Mat / Black / 1 Pack,12x16,Picture Frame,00810029118491,,15.99,yes,https://americanflat.com/products/streamline-matted-picture-frame,shopify_US_8432900997190_45207345627206
variant size vs title size,the title also names 11x14 (the parent listing's size); the variant actually sold here is 12x16,11x14 | Black | Picture Frame | Matted to 8.5x11 | Streamline | Set of 2 12x16 with 8x12 Mat / White / 1 Pack,12x16,Picture Frame,00198301000314,,15.99,yes,https://americanflat.com/products/streamline-matted-picture-frame,shopify_US_8432900997190_45207346380870
variant size vs title size,the title also names 11x14 (the parent listing's size); the variant actually sold here is 13x13,11x14 | Black | Picture Frame | Matted to 8.5x11 | Streamline | Set of 2 13x13 with 10x10 Mat / Black / 1 Pack,13x13,Picture Frame,00810131993191,,14.99,yes,https://americanflat.com/products/streamline-matted-picture-frame,shopify_US_8432900997190_45207345037382
variant size vs title size,the title also names 11x14 (the parent listing's size); the variant actually sold here is 13x16,11x14 | Black | Picture Frame | Matted to 8.5x11 | Streamline | Set of 2 13x16 with 10x13 Mat / Black / 1 Pack,13x16,Picture Frame,00198301000345,,16.99,yes,https://americanflat.com/products/streamline-matted-picture-frame,shopify_US_8432900997190_45207346839622
variant size vs title size,the title also names 11x14 (the parent listing's size); the variant actually sold here is 13x16,11x14 | Black | Picture Frame | Matted to 8.5x11 | Streamline | Set of 2 13x16 with 9x12 Mat / Black / 1 Pack,13x16,Picture Frame,00810131990817,,16.99,yes,https://americanflat.com/products/streamline-matted-picture-frame,shopify_US_8432900997190_45207345758278
variant size vs title size,the title also names 11x14 (the parent listing's size); the variant actually sold here is 13x16,11x14 | Black | Picture Frame | Matted to 8.5x11 | Streamline | Set of 2 13x16 with 9x12 Mat / White / 1 Pack,13x16,Picture Frame,00198301000352,,14.99,yes,https://americanflat.com/products/streamline-matted-picture-frame,shopify_US_8432900997190_45207346348102
variant size vs title size,the title also names 11x14 (the parent listing's size); the variant actually sold here is 14x14,11x14 | Black | Picture Frame | Matted to 8.5x11 | Streamline | Set of 2 14x14 with 4x6 Black Mat / Black / 1 Pack,14x14,Picture Frame,00198301387835,,19.99,no,https://americanflat.com/products/streamline-matted-picture-frame,shopify_US_8432900997190_45207348969542
variant size vs title size,the title also names 11x14 (the parent listing's size); the variant actually sold here is 14x14,11x14 | Black | Picture Frame | Matted to 8.5x11 | Streamline | Set of 2 14x14 with 4x6 Mat / Black / 1 Pack,14x14,Picture Frame,00810131997915,,17.99,yes,https://americanflat.com/products/streamline-matted-picture-frame,shopify_US_8432900997190_45207347200070
variant size vs title size,the title also names 11x14 (the parent listing's size); the variant actually sold here is 14x14,11x14 | Black | Picture Frame | Matted to 8.5x11 | Streamline | Set of 2 14x14 with 4x6 Mat / Gold / 1 Pack,14x14,Picture Frame,00810131997939,,19.99,yes,https://americanflat.com/products/streamline-matted-picture-frame,shopify_US_8432900997190_45207347232838
variant size vs title size,the title also names 11x14 (the parent listing's size); the variant actually sold here is 14x18,11x14 | Black | Picture Frame | Matted to 8.5x11 | Streamline | Set of 2 14x18 with 5x7 Mat / Black / 1 Pack,14x18,Picture Frame,00810131997960,,19.99,no,https://americanflat.com/products/streamline-matted-picture-frame,shopify_US_8432900997190_45207347822662
variant size vs title size,the title also names 11x14 (the parent listing's size); the variant actually sold here is 14x18,11x14 | Black | Picture Frame | Matted to 8.5x11 | Streamline | Set of 2 14x18 with 5x7 Mat / Gold / 1 Pack,14x18,Picture Frame,00810131997984,,21.99,yes,https://americanflat.com/products/streamline-matted-picture-frame,shopify_US_8432900997190_45207347265606
variant size vs title size,the title also names 11x14 (the parent listing's size); the variant actually sold here is 14x18,11x14 | Black | Picture Frame | Matted to 8.5x11 | Streamline | Set of 2 14x18 with 5x7 Mat / Silver / 1 Pack,14x18,Picture Frame,00810131997991,,21.99,yes,https://americanflat.com/products/streamline-matted-picture-frame,shopify_US_8432900997190_45207347298374
variant size vs title size,the title also names 11x14 (the parent listing's size); the variant actually sold here is 14x18,11x14 | Black | Picture Frame | Matted to 8.5x11 | Streamline | Set of 2 14x18 with 5x7 Mat / White / 1 Pack,14x18,Picture Frame,00810131998004,,20.99,no,https://americanflat.com/products/streamline-matted-picture-frame,shopify_US_8432900997190_45207347855430
variant size vs title size,the title also names 11x14 (the parent listing's size); the variant actually sold here is 14x20,11x14 | Black | Picture Frame | Matted to 8.5x11 | Streamline | Set of 2 14x20 with 11x17 Mat / Black / 1 Pack,14x20,Picture Frame,00810131993238,,23.99,yes,https://americanflat.com/products/streamline-matted-picture-frame,shopify_US_8432900997190_45207345070150
variant size vs title size,the title also names 11x14 (the parent listing's size); the variant actually sold here is 14x20,11x14 | Black | Picture Frame | Matted to 8.5x11 | Streamline | Set of 2 14x20 with 11x17 Mat / White / 1 Pack,14x20,Picture Frame,00198301000376,,23.99,yes,https://americanflat.com/products/streamline-matted-picture-frame,shopify_US_8432900997190_45207346315334
variant size vs title size,the title also names 11x14 (the parent listing's size); the variant actually sold here is 15x15,11x14 | Black | Picture Frame | Matted to 8.5x11 | Streamline | Set of 2 15x15 with 12x12 Mat / Black / 1 Pack,15x15,Picture Frame,00810131993245,,22.99,yes,https://americanflat.com/products/streamline-matted-picture-frame,shopify_US_8432900997190_45207345102918
variant size vs title size,the title also names 11x14 (the parent listing's size); the variant actually sold here is 16x16,11x14 | Black | Picture Frame | Matted to 8.5x11 | Streamline | Set of 2 16x16 with 5x7 Black Mat / Black / 1 Pack,16x16,Picture Frame,00198301387842,,21.99,no,https://americanflat.com/products/streamline-matted-picture-frame,shopify_US_8432900997190_45207348936774
variant size vs title size,the title also names 11x14 (the parent listing's size); the variant actually sold here is 16x16,11x14 | Black | Picture Frame | Matted to 8.5x11 | Streamline | Set of 2 16x16 with 5x7 Mat / Black / 1 Pack,16x16,Picture Frame,00810131998011,,19.99,no,https://americanflat.com/products/streamline-matted-picture-frame,shopify_US_8432900997190_45207348346950
variant size vs title size,the title also names 11x14 (the parent listing's size); the variant actually sold here is 16x16,11x14 | Black | Picture Frame | Matted to 8.5x11 | Streamline | Set of 2 16x16 with 5x7 Mat / Gold / 1 Pack,16x16,Picture Frame,00810131998035,,19.99,yes,https://americanflat.com/products/streamline-matted-picture-frame,shopify_US_8432900997190_45207347331142
variant size vs title size,the title also names 11x14 (the parent listing's size); the variant actually sold here is 16x16,11x14 | Black | Picture Frame | Matted to 8.5x11 | Streamline | Set of 2 16x16 with 5x7 Mat / Silver / 1 Pack,16x16,Picture Frame,00810131998042,,19.99,yes,https://americanflat.com/products/streamline-matted-picture-frame,shopify_US_8432900997190_45207347363910
variant size vs title size,the title also names 11x14 (the parent listing's size); the variant actually sold here is 16x20,11x14 | Black | Picture Frame | Matted to 8.5x11 | Streamline | Set of 2 16x20 with 11x14 Mat / Black / 1 Pack,16x20,Picture Frame,00810131990848,,21.99,yes,https://americanflat.com/products/streamline-matted-picture-frame,shopify_US_8432900997190_45207345791046
variant size vs title size,the title also names 11x14 (the parent listing's size); the variant actually sold here is 16x20,11x14 | Black | Picture Frame | Matted to 8.5x11 | Streamline | Set of 2 16x20 with 11x14 Mat / White / 1 Pack,16x20,Picture Frame,00198301000383,,21.99,yes,https://americanflat.com/products/streamline-matted-picture-frame,shopify_US_8432900997190_45207346282566
variant size vs title size,the title also names 11x14 (the parent listing's size); the variant actually sold here is 16x20,11x14 | Black | Picture Frame | Matted to 8.5x11 | Streamline | Set of 2 16x20 with 12x16 Mat / Black / 1 Pack,16x20,Picture Frame,00810131995904,,21.99,yes,https://americanflat.com/products/streamline-matted-picture-frame,shopify_US_8432900997190_45207345430598
variant size vs title size,the title also names 11x14 (the parent listing's size); the variant actually sold here is 16x20,11x14 | Black | Picture Frame | Matted to 8.5x11 | Streamline | Set of 2 16x20 with 12x16 Mat / White / 1 Pack,16x20,Picture Frame,00198301000390,,21.99,yes,https://americanflat.com/products/streamline-matted-picture-frame,shopify_US_8432900997190_45207346249798
variant size vs title size,the title also names 11x14 (the parent listing's size); the variant actually sold here is 16x20,11x14 | Black | Picture Frame | Matted to 8.5x11 | Streamline | Set of 2 16x20 with 6x8 Mat / Black / 1 Pack,16x20,Picture Frame,00810131998066,,21.99,yes,https://americanflat.com/products/streamline-matted-picture-frame,shopify_US_8432900997190_45207347396678
variant size vs title size,the title also names 11x14 (the parent listing's size); the variant actually sold here is 16x20,11x14 | Black | Picture Frame | Matted to 8.5x11 | Streamline | Set of 2 16x20 with 6x8 Mat / Gold / 1 Pack,16x20,Picture Frame,00810131998080,,24.99,yes,https://americanflat.com/products/streamline-matted-picture-frame,shopify_US_8432900997190_45207347429446
variant size vs title size,the title also names 11x14 (the parent listing's size); the variant actually sold here is 16x20,11x14 | Black | Picture Frame | Matted to 8.5x11 | Streamline | Set of 2 16x20 with 6x8 Mat / Silver / 1 Pack,16x20,Picture Frame,00810131998097,,24.99,yes,https://americanflat.com/products/streamline-matted-picture-frame,shopify_US_8432900997190_45207347462214
variant size vs title size,the title also names 11x14 (the parent listing's size); the variant actually sold here is 16x20,11x14 | Black | Picture Frame | Matted to 8.5x11 | Streamline | Set of 2 16x20 with 6x8 Mat / White / 1 Pack,16x20,Picture Frame,00810131998103,,16.99,no,https://americanflat.com/products/streamline-matted-picture-frame,shopify_US_8432900997190_45207347888198
variant size vs title size,the title also names 11x14 (the parent listing's size); the variant actually sold here is 16x22,11x14 | Black | Picture Frame | Matted to 8.5x11 | Streamline | Set of 2 16x22 with 12x18 Mat / Black / 1 Pack,16x22,Picture Frame,00810131995911,,22.99,yes,https://americanflat.com/products/streamline-matted-picture-frame,shopify_US_8432900997190_45207345397830
variant size vs title size,the title also names 11x14 (the parent listing's size); the variant actually sold here is 16x22,11x14 | Black | Picture Frame | Matted to 8.5x11 | Streamline | Set of 2 16x22 with 12x18 Mat / White / 1 Pack,16x22,Picture Frame,00198301000413,,23.99,yes,https://americanflat.com/products/streamline-matted-picture-frame,shopify_US_8432900997190_45207346217030
variant size vs title size,the title also names 11x14 (the parent listing's size); the variant actually sold here is 16x24,11x14 | Black | Picture Frame | Matted to 8.5x11 | Streamline | Set of 2 16x24 with 8x12 Mat / White / 1 Pack,16x24,Picture Frame,00198301386838,,24.99,no,https://americanflat.com/products/streamline-matted-picture-frame,shopify_US_8432900997190_45207348314182
variant size vs title size,the title also names 11x14 (the parent listing's size); the variant actually sold here is 17x23,11x14 | Black | Picture Frame | Matted to 8.5x11 | Streamline | Set of 2 17x23 with 13x19 Mat / Black / 1 Pack,17x23,Picture Frame,00810131995928,,24.99,yes,https://americanflat.com/products/streamline-matted-picture-frame,shopify_US_8432900997190_45207345365062
variant size vs title size,the title also names 11x14 (the parent listing's size); the variant actually sold here is 17x23,11x14 | Black | Picture Frame | Matted to 8.5x11 | Streamline | Set of 2 17x23 with 13x19 Mat / White / 1 Pack,17x23,Picture Frame,00198301000420,,24.99,yes,https://americanflat.com/products/streamline-matted-picture-frame,shopify_US_8432900997190_45207346184262
variant size vs title size,the title also names 11x14 (the parent listing's size); the variant actually sold here is 18x18,11x14 | Black | Picture Frame | Matted to 8.5x11 | Streamline | Set of 2 18x18 with 8.5x11 Mat / Black / 1 Pack,18x18,Picture Frame,00198301386883,,24.99,no,https://americanflat.com/products/streamline-matted-picture-frame,shopify_US_8432900997190_45207348248646
variant size vs title size,the title also names 11x14 (the parent listing's size); the variant actually sold here is 18x18,11x14 | Black | Picture Frame | Matted to 8.5x11 | Streamline | Set of 2 18x18 with 8.5x11 Mat / White / 1 Pack,18x18,Picture Frame,00198301386951,,24.99,no,https://americanflat.com/products/streamline-matted-picture-frame,shopify_US_8432900997190_45207348183110
variant size vs title size,the title also names 11x14 (the parent listing's size); the variant actually sold here is 18x18,11x14 | Black | Picture Frame | Matted to 8.5x11 | Streamline | Set of 2 18x18 with 8x8 Mat / Black / 1 Pack,18x18,Picture Frame,00198301202725,,23.99,no,https://americanflat.com/products/streamline-matted-picture-frame,shopify_US_8432900997190_45207348052038
variant size vs title size,the title also names 11x14 (the parent listing's size); the variant actually sold here is 18x18,11x14 | Black | Picture Frame | Matted to 8.5x11 | Streamline | Set of 2 18x18 with 8x8 Mat / White / 1 Pack,18x18,Picture Frame,00198301386852,,24.99,no,https://americanflat.com/products/streamline-matted-picture-frame,shopify_US_8432900997190_45207348281414
variant size vs title size,the title also names 11x14 (the parent listing's size); the variant actually sold here is 18x22,11x14 | Black | Picture Frame | Matted to 8.5x11 | Streamline | Set of 2 18x22 with 14x18 Mat / Black / 1 Pack,18x22,Picture Frame,00198301000444,,27.99,yes,https://americanflat.com/products/streamline-matted-picture-frame,shopify_US_8432900997190_45207346806854
variant size vs title size,the title also names 11x14 (the parent listing's size); the variant actually sold here is 18x24,11x14 | Black | Picture Frame | Matted to 8.5x11 | Streamline | Set of 2 18x24 with 8x10 Black Mat / Black / 1 Pack,18x24,Picture Frame,00198301387866,,31.99,no,https://americanflat.com/products/streamline-matted-picture-frame,shopify_US_8432900997190_45207348871238
variant size vs title size,the title also names 11x14 (the parent listing's size); the variant actually sold here is 18x24,11x14 | Black | Picture Frame | Matted to 8.5x11 | Streamline | Set of 2 18x24 with 8x10 Mat / Black / 1 Pack,18x24,Picture Frame,00810131998110,,24.99,no,https://americanflat.com/products/streamline-matted-picture-frame,shopify_US_8432900997190_45207347920966
variant size vs title size,the title also names 11x14 (the parent listing's size); the variant actually sold here is 18x24,11x14 | Black | Picture Frame | Matted to 8.5x11 | Streamline | Set of 2 18x24 with 8x10 Mat / Gold / 1 Pack,18x24,Picture Frame,00810131998134,,26.99,no,https://americanflat.com/products/streamline-matted-picture-frame,shopify_US_8432900997190_45207347494982
variant size vs title size,the title also names 11x14 (the parent listing's size); the variant actually sold here is 18x24,11x14 | Black | Picture Frame | Matted to 8.5x11 | Streamline | Set of 2 18x24 with 8x10 Mat / Silver / 1 Pack,18x24,Picture Frame,00810131998141,,26.99,yes,https://americanflat.com/products/streamline-matted-picture-frame,shopify_US_8432900997190_45207347527750
variant size vs title size,the title also names 11x14 (the parent listing's size); the variant actually sold here is 18x26,11x14 | Black | Picture Frame | Matted to 8.5x11 | Streamline | Set of 2 18x26 with 14x22 Mat / Black / 1 Pack,18x26,Picture Frame,00198301000468,,29.99,yes,https://americanflat.com/products/streamline-matted-picture-frame,shopify_US_8432900997190_45207346151494
variant size vs title size,the title also names 11x14 (the parent listing's size); the variant actually sold here is 20x20,11x14 | Black | Picture Frame | Matted to 8.5x11 | Streamline | Set of 2 20x20 with 10x10 Mat / Black / 1 Pack,20x20,Picture Frame,00198301386920,,27.99,no,https://americanflat.com/products/streamline-matted-picture-frame,shopify_US_8432900997190_45207348215878
variant size vs title size,the title also names 11x14 (the parent listing's size); the variant actually sold here is 20x20,11x14 | Black | Picture Frame | Matted to 8.5x11 | Streamline | Set of 2 20x20 with 10x10 Mat / White / 1 Pack,20x20,Picture Frame,00198301386999,,27.99,no,https://americanflat.com/products/streamline-matted-picture-frame,shopify_US_8432900997190_45207348150342
variant size vs title size,the title also names 11x14 (the parent listing's size); the variant actually sold here is 20x20,11x14 | Black | Picture Frame | Matted to 8.5x11 | Streamline | Set of 2 20x20 with 8x10 Black Mat / Black / 1 Pack,20x20,Picture Frame,00198301387859,,29.99,no,https://americanflat.com/products/streamline-matted-picture-frame,shopify_US_8432900997190_45207348904006
variant size vs title size,the title also names 11x14 (the parent listing's size); the variant actually sold here is 20x20,11x14 | Black | Picture Frame | Matted to 8.5x11 | Streamline | Set of 2 20x20 with 8x10 Mat / Black / 1 Pack,20x20,Picture Frame,00810131998165,,29.99,yes,https://americanflat.com/products/streamline-matted-picture-frame,shopify_US_8432900997190_45207347560518
variant size vs title size,the title also names 11x14 (the parent listing's size); the variant actually sold here is 20x20,11x14 | Black | Picture Frame | Matted to 8.5x11 | Streamline | Set of 2 20x20 with 8x10 Mat / Silver / 1 Pack,20x20,Picture Frame,00810131998196,,29.99,yes,https://americanflat.com/products/streamline-matted-picture-frame,shopify_US_8432900997190_45207347593286
variant size vs title size,the title also names 11x14 (the parent listing's size); the variant actually sold here is 20x20,11x14 | Black | Picture Frame | Matted to 8.5x11 | Streamline | Set of 2 20x20 with 8x10 Mat / White / 1 Pack,20x20,Picture Frame,00810131998202,,26.99,yes,https://americanflat.com/products/streamline-matted-picture-frame,shopify_US_8432900997190_45207347626054
variant size vs title size,the title also names 11x14 (the parent listing's size); the variant actually sold here is 20x24,11x14 | Black | Picture Frame | Matted to 8.5x11 | Streamline | Set of 2 20x24 with 16x20 Mat / Black / 1 Pack,20x24,Picture Frame,00810131995652,,28.99,yes,https://americanflat.com/products/streamline-matted-picture-frame,shopify_US_8432900997190_45207345299526
variant size vs title size,the title also names 11x14 (the parent listing's size); the variant actually sold here is 20x24,11x14 | Black | Picture Frame | Matted to 8.5x11 | Streamline | Set of 2 20x24 with 16x20 Mat / White / 1 Pack,20x24,Picture Frame,00198301000475,,28.99,yes,https://americanflat.com/products/streamline-matted-picture-frame,shopify_US_8432900997190_45207346118726
variant size vs title size,the title also names 11x14 (the parent listing's size); the variant actually sold here is 20x26,11x14 | Black | Picture Frame | Matted to 8.5x11 | Streamline | Set of 2 20x26 with 11x14 Black Mat / Black / 1 Pack,20x26,Picture Frame,00198301387873,,34.99,no,https://americanflat.com/products/streamline-matted-picture-frame,shopify_US_8432900997190_45207348838470
variant size vs title size,the title also names 11x14 (the parent listing's size); the variant actually sold here is 20x26,11x14 | Black | Picture Frame | Matted to 8.5x11 | Streamline | Set of 2 20x26 with 11x14 Mat / Black / 1 Pack,20x26,Picture Frame,00810131998219,,29.99,no,https://americanflat.com/products/streamline-matted-picture-frame,shopify_US_8432900997190_45207347953734
variant size vs title size,the title also names 11x14 (the parent listing's size); the variant actually sold here is 20x26,11x14 | Black | Picture Frame | Matted to 8.5x11 | Streamline | Set of 2 20x26 with 11x14 Mat / Gold / 1 Pack,20x26,Picture Frame,00810131998233,,32.99,no,https://americanflat.com/products/streamline-matted-picture-frame,shopify_US_8432900997190_45207347658822
variant size vs title size,the title also names 11x14 (the parent listing's size); the variant actually sold here is 20x26,11x14 | Black | Picture Frame | Matted to 8.5x11 | Streamline | Set of 2 20x26 with 11x14 Mat / Silver / 1 Pack,20x26,Picture Frame,00810131998240,,32.99,no,https://americanflat.com/products/streamline-matted-picture-frame,shopify_US_8432900997190_45207347691590
variant size vs title size,the title also names 11x14 (the parent listing's size); the variant actually sold here is 20x26,11x14 | Black | Picture Frame | Matted to 8.5x11 | Streamline | Set of 2 20x26 with 11x14 Mat / White / 1 Pack,20x26,Picture Frame,00810131998257,,29.99,no,https://americanflat.com/products/streamline-matted-picture-frame,shopify_US_8432900997190_45207347986502
variant size vs title size,the title also names 11x14 (the parent listing's size); the variant actually sold here is 22x28,11x14 | Black | Picture Frame | Matted to 8.5x11 | Streamline | Set of 2 22x28 with 11x17 Mat / Black / 1 Pack,22x28,Picture Frame,00198301386906,,37.99,no,https://americanflat.com/products/streamline-matted-picture-frame,shopify_US_8432900997190_45207348641862
variant size vs title size,the title also names 11x14 (the parent listing's size); the variant actually sold here is 22x28,11x14 | Black | Picture Frame | Matted to 8.5x11 | Streamline | Set of 2 22x28 with 11x17 Mat / White / 1 Pack,22x28,Picture Frame,00198301386975,,37.99,no,https://americanflat.com/products/streamline-matted-picture-frame,shopify_US_8432900997190_45207348740166
variant size vs title size,the title also names 11x14 (the parent listing's size); the variant actually sold here is 22x28,11x14 | Black | Picture Frame | Matted to 8.5x11 | Streamline | Set of 2 22x28 with 12x16 Mat / Black / 1 Pack,22x28,Picture Frame,00198301386913,,37.99,no,https://americanflat.com/products/streamline-matted-picture-frame,shopify_US_8432900997190_45207348674630
variant size vs title size,the title also names 11x14 (the parent listing's size); the variant actually sold here is 22x28,11x14 | Black | Picture Frame | Matted to 8.5x11 | Streamline | Set of 2 22x28 with 12x16 Mat / White / 1 Pack,22x28,Picture Frame,00198301386982,,37.99,no,https://americanflat.com/products/streamline-matted-picture-frame,shopify_US_8432900997190_45207348772934
variant size vs title size,the title also names 11x14 (the parent listing's size); the variant actually sold here is 22x28,11x14 | Black | Picture Frame | Matted to 8.5x11 | Streamline | Set of 2 22x28 with 18x24 Mat / Black / 1 Pack,22x28,Picture Frame,00810131995676,,29.99,yes,https://americanflat.com/products/streamline-matted-picture-frame,shopify_US_8432900997190_45207345266758
variant size vs title size,the title also names 11x14 (the parent listing's size); the variant actually sold here is 22x28,11x14 | Black | Picture Frame | Matted to 8.5x11 | Streamline | Set of 2 22x28 with 18x24 Mat / White / 1 Pack,22x28,Picture Frame,00198301000505,,29.99,yes,https://americanflat.com/products/streamline-matted-picture-frame,shopify_US_8432900997190_45207346085958
variant size vs title size,the title also names 11x14 (the parent listing's size); the variant actually sold here is 24x24,11x14 | Black | Picture Frame | Matted to 8.5x11 | Streamline | Set of 2 24x24 with 11x14 Black Mat / Black / 1 Pack,24x24,Picture Frame,00198301387880,,39.99,no,https://americanflat.com/products/streamline-matted-picture-frame,shopify_US_8432900997190_45207348805702
variant size vs title size,the title also names 11x14 (the parent listing's size); the variant actually sold here is 24x24,11x14 | Black | Picture Frame | Matted to 8.5x11 | Streamline | Set of 2 24x24 with 11x14 Mat / Black / 1 Pack,24x24,Picture Frame,00810131998264,,32.99,no,https://americanflat.com/products/streamline-matted-picture-frame,shopify_US_8432900997190_45207347724358
variant size vs title size,the title also names 11x14 (the parent listing's size); the variant actually sold here is 24x24,11x14 | Black | Picture Frame | Matted to 8.5x11 | Streamline | Set of 2 24x24 with 11x14 Mat / Gold / 1 Pack,24x24,Picture Frame,00810131998288,,34.99,no,https://americanflat.com/products/streamline-matted-picture-frame,shopify_US_8432900997190_45207347757126
variant size vs title size,the title also names 11x14 (the parent listing's size); the variant actually sold here is 24x24,11x14 | Black | Picture Frame | Matted to 8.5x11 | Streamline | Set of 2 24x24 with 11x14 Mat / Silver / 1 Pack,24x24,Picture Frame,00810131998295,,34.99,no,https://americanflat.com/products/streamline-matted-picture-frame,shopify_US_8432900997190_45207347789894
variant size vs title size,the title also names 11x14 (the parent listing's size); the variant actually sold here is 24x24,11x14 | Black | Picture Frame | Matted to 8.5x11 | Streamline | Set of 2 24x24 with 11x14 Mat / White / 1 Pack,24x24,Picture Frame,00810131998301,,32.99,no,https://americanflat.com/products/streamline-matted-picture-frame,shopify_US_8432900997190_45207348019270
variant size vs title size,the title also names 11x14 (the parent listing's size); the variant actually sold here is 24x24,11x14 | Black | Picture Frame | Matted to 8.5x11 | Streamline | Set of 2 24x24 with 12x12 Mat / Black / 1 Pack,24x24,Picture Frame,00198301202718,,32.99,no,https://americanflat.com/products/streamline-matted-picture-frame,shopify_US_8432900997190_45207348084806
variant size vs title size,the title also names 11x14 (the parent listing's size); the variant actually sold here is 24x24,11x14 | Black | Picture Frame | Matted to 8.5x11 | Streamline | Set of 2 24x24 with 12x12 Mat / White / 1 Pack,24x24,Picture Frame,00198301386845,,32.99,no,https://americanflat.com/products/streamline-matted-picture-frame,shopify_US_8432900997190_45207348510790
variant size vs title size,the title also names 11x14 (the parent listing's size); the variant actually sold here is 24x28,11x14 | Black | Picture Frame | Matted to 8.5x11 | Streamline | Set of 2 24x28 with 20x24 Mat / Black / 1 Pack,24x28,Picture Frame,00198301000529,,36.99,yes,https://americanflat.com/products/streamline-matted-picture-frame,shopify_US_8432900997190_45207346053190
variant size vs title size,the title also names 11x14 (the parent listing's size); the variant actually sold here is 24x30,11x14 | Black | Picture Frame | Matted to 8.5x11 | Streamline | Set of 2 24x30 with 13x19 Mat / Black / 1 Pack,24x30,Picture Frame,00198301386890,,44.99,no,https://americanflat.com/products/streamline-matted-picture-frame,shopify_US_8432900997190_45207348543558
variant size vs title size,the title also names 11x14 (the parent listing's size); the variant actually sold here is 24x30,11x14 | Black | Picture Frame | Matted to 8.5x11 | Streamline | Set of 2 24x30 with 13x19 Mat / White / 1 Pack,24x30,Picture Frame,00198301386968,,44.99,no,https://americanflat.com/products/streamline-matted-picture-frame,shopify_US_8432900997190_45207348576326
variant size vs title size,the title also names 11x14 (the parent listing's size); the variant actually sold here is 24x30,11x14 | Black | Picture Frame | Matted to 8.5x11 | Streamline | Set of 2 24x30 with 14x17 Mat / Black / 1 Pack,24x30,Picture Frame,00198301386869,,44.99,no,https://americanflat.com/products/streamline-matted-picture-frame,shopify_US_8432900997190_45207348609094
variant size vs title size,the title also names 11x14 (the parent listing's size); the variant actually sold here is 24x30,11x14 | Black | Picture Frame | Matted to 8.5x11 | Streamline | Set of 2 24x30 with 14x17 Mat / White / 1 Pack,24x30,Picture Frame,00198301386937,,44.99,no,https://americanflat.com/products/streamline-matted-picture-frame,shopify_US_8432900997190_45207348707398
variant size vs title size,the title also names 11x14 (the parent listing's size); the variant actually sold here is 24x30,11x14 | Black | Picture Frame | Matted to 8.5x11 | Streamline | Set of 2 24x30 with 9x12 Mat / Black / 1 Pack,24x30,Picture Frame,00198301202732,,33.99,no,https://americanflat.com/products/streamline-matted-picture-frame,shopify_US_8432900997190_45207348117574
variant size vs title size,the title also names 11x14 (the parent listing's size); the variant actually sold here is 24x32,11x14 | Black | Picture Frame | Matted to 8.5x11 | Streamline | Set of 2 24x32 with 20x28 Mat / Black / 1 Pack,24x32,Picture Frame,00198301000536,,39.99,yes,https://americanflat.com/products/streamline-matted-picture-frame,shopify_US_8432900997190_45207346020422
variant size vs title size,the title also names 11x14 (the parent listing's size); the variant actually sold here is 24x34,11x14 | Black | Picture Frame | Matted to 8.5x11 | Streamline | Set of 2 24x34 with 20x30 Mat / Black / 1 Pack,24x34,Picture Frame,00810131995935,,41.99,yes,https://americanflat.com/products/streamline-matted-picture-frame,shopify_US_8432900997190_45207345332294
variant size vs title size,the title also names 11x14 (the parent listing's size); the variant actually sold here is 24x34,11x14 | Black | Picture Frame | Matted to 8.5x11 | Streamline | Set of 2 24x34 with 20x30 Mat / White / 1 Pack,24x34,Picture Frame,00198301000543,,39.99,no,https://americanflat.com/products/streamline-matted-picture-frame,shopify_US_8432900997190_45207345987654
variant size vs title size,the title also names 11x14 (the parent listing's size); the variant actually sold here is 26x32,11x14 | Black | Picture Frame | Matted to 8.5x11 | Streamline | Set of 2 26x32 with 22x28 Mat / Black / 1 Pack,26x32,Picture Frame,00810131995683,,41.99,yes,https://americanflat.com/products/streamline-matted-picture-frame,shopify_US_8432900997190_45207345233990
variant size vs title size,the title also names 11x14 (the parent listing's size); the variant actually sold here is 26x32,11x14 | Black | Picture Frame | Matted to 8.5x11 | Streamline | Set of 2 26x32 with 22x28 Mat / White / 1 Pack,26x32,Picture Frame,00198301000567,,41.99,yes,https://americanflat.com/products/streamline-matted-picture-frame,shopify_US_8432900997190_45207345954886
variant size vs title size,the title also names 11x14 (the parent listing's size); the variant actually sold here is 28x28,11x14 | Black | Picture Frame | Matted to 8.5x11 | Streamline | Set of 2 28x28 with 24x24 Mat / Black / 1 Pack,28x28,Picture Frame,00198301000574,,44.99,yes,https://americanflat.com/products/streamline-matted-picture-frame,shopify_US_8432900997190_45207345922118
variant size vs title size,the title also names 11x14 (the parent listing's size); the variant actually sold here is 28x34,11x14 | Black | Picture Frame | Matted to 8.5x11 | Streamline | Set of 2 28x34 with 24x30 Mat / Black / 1 Pack,28x34,Picture Frame,00198301000581,,44.99,no,https://americanflat.com/products/streamline-matted-picture-frame,shopify_US_8432900997190_45207345889350
variant size vs title size,the title also names 11x14 (the parent listing's size); the variant actually sold here is 28x40,11x14 | Black | Picture Frame | Matted to 8.5x11 | Streamline | Set of 2 28x40 with 24x36 Mat / Black / 1 Pack,28x40,Picture Frame,00810131995690,,54.99,yes,https://americanflat.com/products/streamline-matted-picture-frame,shopify_US_8432900997190_45207345201222
variant size vs title size,the title also names 11x14 (the parent listing's size); the variant actually sold here is 28x40,11x14 | Black | Picture Frame | Matted to 8.5x11 | Streamline | Set of 2 28x40 with 24x36 Mat / Gold / 1 Pack,28x40,Picture Frame,00198301000598,,57.99,yes,https://americanflat.com/products/streamline-matted-picture-frame,shopify_US_8432900997190_45207345856582
variant size vs title size,the title also names 11x14 (the parent listing's size); the variant actually sold here is 28x40,11x14 | Black | Picture Frame | Matted to 8.5x11 | Streamline | Set of 2 28x40 with 24x36 Mat / White / 1 Pack,28x40,Picture Frame,00198301000611,,54.99,yes,https://americanflat.com/products/streamline-matted-picture-frame,shopify_US_8432900997190_45207345823814
variant size vs title size,the title also names 11x14 (the parent listing's size); the variant actually sold here is 5x7,11x14 | Black | Picture Frame | Matted to 8.5x11 | Streamline | Set of 2 5x7 with 4x6 Mat / Black / 1 Pack,5x7,Picture Frame,00850001296540,,7.99,yes,https://americanflat.com/products/streamline-matted-picture-frame,shopify_US_8432900997190_45207344906310
variant size vs title size,the title also names 11x14 (the parent listing's size); the variant actually sold here is 5x7,11x14 | Black | Picture Frame | Matted to 8.5x11 | Streamline | Set of 2 5x7 with 4x6 Mat / Black / 2 Pack,5x7,Picture Frame,00850038117719,,10.99,yes,https://americanflat.com/products/streamline-matted-picture-frame,shopify_US_8432900997190_45207345659974
variant size vs title size,the title also names 11x14 (the parent listing's size); the variant actually sold here is 5x7,11x14 | Black | Picture Frame | Matted to 8.5x11 | Streamline | Set of 2 5x7 with 4x6 Mat / Grey / 1 Pack,5x7,Picture Frame,00850001296847,,8.99,yes,https://americanflat.com/products/streamline-matted-picture-frame,shopify_US_8432900997190_45207347036230
variant size vs title size,the title also names 11x14 (the parent listing's size); the variant actually sold here is 5x7,11x14 | Black | Picture Frame | Matted to 8.5x11 | Streamline | Set of 2 5x7 with 4x6 Mat / Mahogany / 1 Pack,5x7,Picture Frame,00850001296748,,8.99,yes,https://americanflat.com/products/streamline-matted-picture-frame,shopify_US_8432900997190_45207345004614
variant size vs title size,the title also names 11x14 (the parent listing's size); the variant actually sold here is 5x7,11x14 | Black | Picture Frame | Matted to 8.5x11 | Streamline | Set of 2 5x7 with 4x6 Mat / Walnut / 1 Pack,5x7,Picture Frame,00850001296793,,8.99,yes,https://americanflat.com/products/streamline-matted-picture-frame,shopify_US_8432900997190_45207344939078
variant size vs title size,the title also names 11x14 (the parent listing's size); the variant actually sold here is 5x7,11x14 | Black | Picture Frame | Matted to 8.5x11 | Streamline | Set of 2 5x7 with 4x6 Mat / White / 1 Pack,5x7,Picture Frame,00850001296595,,7.99,yes,https://americanflat.com/products/streamline-matted-picture-frame,shopify_US_8432900997190_45207347003462
variant size vs title size,the title also names 11x14 (the parent listing's size); the variant actually sold here is 6x6,11x14 | Black | Picture Frame | Matted to 8.5x11 | Streamline | Set of 2 6x6 with 4x4 Mat / Black / 1 Pack,6x6,Picture Frame,00810029118514,,7.99,yes,https://americanflat.com/products/streamline-matted-picture-frame,shopify_US_8432900997190_45207344775238
variant size vs title size,the title also names 11x14 (the parent listing's size); the variant actually sold here is 6x6,11x14 | Black | Picture Frame | Matted to 8.5x11 | Streamline | Set of 2 6x6 with 4x4 Mat / Black / 2 Pack,6x6,Picture Frame,00810029117593,,11.99,yes,https://americanflat.com/products/streamline-matted-picture-frame,shopify_US_8432900997190_45207345725510
variant size vs title size,the title also names 11x14 (the parent listing's size); the variant actually sold here is 6x6,11x14 | Black | Picture Frame | Matted to 8.5x11 | Streamline | Set of 2 6x6 with 4x4 Mat / White / 1 Pack,6x6,Picture Frame,00198301000062,,4.99,yes,https://americanflat.com/products/streamline-matted-picture-frame,shopify_US_8432900997190_45207346774086
variant size vs title size,the title also names 11x14 (the parent listing's size); the variant actually sold here is 6x8,11x14 | Black | Picture Frame | Matted to 8.5x11 | Streamline | Set of 2 6x8 with 3x5 Mat / Black / 1 Pack,6x8,Picture Frame,00810131995881,,5.99,yes,https://americanflat.com/products/streamline-matted-picture-frame,shopify_US_8432900997190_45207345496134
variant size vs title size,the title also names 11x14 (the parent listing's size); the variant actually sold here is 6x8,11x14 | Black | Picture Frame | Matted to 8.5x11 | Streamline | Set of 2 6x8 with 3x5 Mat / White / 1 Pack,6x8,Picture Frame,00198301000109,,10.99,yes,https://americanflat.com/products/streamline-matted-picture-frame,shopify_US_8432900997190_45207346675782
variant size vs title size,the title also names 11x14 (the parent listing's size); the variant actually sold here is 6x8,11x14 | Black | Picture Frame | Matted to 8.5x11 | Streamline | Set of 2 6x8 with 4x6 Mat / Black / 1 Pack,6x8,Picture Frame,00810029118507,,8.99,yes,https://americanflat.com/products/streamline-matted-picture-frame,shopify_US_8432900997190_45207344808006
variant size vs title size,the title also names 11x14 (the parent listing's size); the variant actually sold here is 6x8,11x14 | Black | Picture Frame | Matted to 8.5x11 | Streamline | Set of 2 6x8 with 4x6 Mat / Black / 2 Pack,6x8,Picture Frame,00810029117586,,12.99,yes,https://americanflat.com/products/streamline-matted-picture-frame,shopify_US_8432900997190_45207345594438
variant size vs title size,the title also names 11x14 (the parent listing's size); the variant actually sold here is 6x8,11x14 | Black | Picture Frame | Matted to 8.5x11 | Streamline | Set of 2 6x8 with 4x6 Mat / Gold / 1 Pack,6x8,Picture Frame,00198301000086,,10.99,yes,https://americanflat.com/products/streamline-matted-picture-frame,shopify_US_8432900997190_45207346741318
variant size vs title size,the title also names 11x14 (the parent listing's size); the variant actually sold here is 6x8,11x14 | Black | Picture Frame | Matted to 8.5x11 | Streamline | Set of 2 6x8 with 4x6 Mat / Silver / 1 Pack,6x8,Picture Frame,00198301000093,,10.99,yes,https://americanflat.com/products/streamline-matted-picture-frame,shopify_US_8432900997190_45207346708550
variant size vs title size,the title also names 11x14 (the parent listing's size); the variant actually sold here is 6x8,11x14 | Black | Picture Frame | Matted to 8.5x11 | Streamline | Set of 2 6x8 with 4x6 Mat / White / 1 Pack,6x8,Picture Frame,00198301000116,,10.99,yes,https://americanflat.com/products/streamline-matted-picture-frame,shopify_US_8432900997190_45207346643014
variant size vs title size,the title also names 11x14 (the parent listing's size); the variant actually sold here is 8x10,11x14 | Black | Picture Frame | Matted to 8.5x11 | Streamline | Set of 2 8x10 with 5x7 Mat / Black / 1 Pack,8x10,Picture Frame,00850001296557,,8.99,yes,https://americanflat.com/products/streamline-matted-picture-frame,shopify_US_8432900997190_45207344840774
variant size vs title size,the title also names 11x14 (the parent listing's size); the variant actually sold here is 8x10,11x14 | Black | Picture Frame | Matted to 8.5x11 | Streamline | Set of 2 8x10 with 5x7 Mat / Grey / 1 Pack,8x10,Picture Frame,00850001296854,,9.99,yes,https://americanflat.com/products/streamline-matted-picture-frame,shopify_US_8432900997190_45207344971846
variant size vs title size,the title also names 11x14 (the parent listing's size); the variant actually sold here is 8x10,11x14 | Black | Picture Frame | Matted to 8.5x11 | Streamline | Set of 2 8x10 with 5x7 Mat / Mahogany / 1 Pack,8x10,Picture Frame,00850001296755,,6.99,yes,https://americanflat.com/products/streamline-matted-picture-frame,shopify_US_8432900997190_45207346970694
variant size vs title size,the title also names 11x14 (the parent listing's size); the variant actually sold here is 8x10,11x14 | Black | Picture Frame | Matted to 8.5x11 | Streamline | Set of 2 8x10 with 5x7 Mat / Silver / 1 Pack,8x10,Picture Frame,00850001296700,,,no,https://americanflat.com/products/streamline-matted-picture-frame,shopify_US_8432900997190_45207345135686
variant size vs title size,the title also names 11x14 (the parent listing's size); the variant actually sold here is 8x10,11x14 | Black | Picture Frame | Matted to 8.5x11 | Streamline | Set of 2 8x10 with 5x7 Mat / White / 1 Pack,8x10,Picture Frame,00850001296601,,8.99,yes,https://americanflat.com/products/streamline-matted-picture-frame,shopify_US_8432900997190_45207344676934
variant size vs title size,the title also names 11x14 (the parent listing's size); the variant actually sold here is 8x8,11x14 | Black | Picture Frame | Matted to 8.5x11 | Streamline | Set of 2 8x8 with 5x5 Mat / Black / 1 Pack,8x8,Picture Frame,00810131995898,,8.49,yes,https://americanflat.com/products/streamline-matted-picture-frame,shopify_US_8432900997190_45207345463366
variant size vs title size,the title also names 11x14 (the parent listing's size); the variant actually sold here is 8x8,11x14 | Black | Picture Frame | Matted to 8.5x11 | Streamline | Set of 2 8x8 with 5x5 Mat / White / 1 Pack,8x8,Picture Frame,00198301000130,,5.99,yes,https://americanflat.com/products/streamline-matted-picture-frame,shopify_US_8432900997190_45207346610246
variant size vs title size,the title also names 11x14 (the parent listing's size); the variant actually sold here is 8x8,11x14 | Black | Picture Frame | Matted to 8.5x11 | Streamline | Set of 2 8x8 with 6x6 Mat / Black / 1 Pack,8x8,Picture Frame,00810029118521,,8.49,yes,https://americanflat.com/products/streamline-matted-picture-frame,shopify_US_8432900997190_45207344611398
variant size vs title size,the title also names 11x14 (the parent listing's size); the variant actually sold here is 8x8,11x14 | Black | Picture Frame | Matted to 8.5x11 | Streamline | Set of 2 8x8 with 6x6 Mat / Black / 2 Pack,8x8,Picture Frame,00810029117548,,14.99,yes,https://americanflat.com/products/streamline-matted-picture-frame,shopify_US_8432900997190_45207345561670
variant size vs title size,the title also names 11x14 (the parent listing's size); the variant actually sold here is 8x8,11x14 | Black | Picture Frame | Matted to 8.5x11 | Streamline | Set of 2 8x8 with 6x6 Mat / White / 1 Pack,8x8,Picture Frame,00198301000147,,5.99,yes,https://americanflat.com/products/streamline-matted-picture-frame,shopify_US_8432900997190_45207346577478
variant size vs title size,the title also names 11x14 (the parent listing's size); the variant actually sold here is 9x12,11x14 | Black | Picture Frame | Matted to 8.5x11 | Streamline | Set of 2 9x12 with 6x6 Mat / Black / 2 Pack,9x12,Picture Frame,00810029117579,,12.99,yes,https://americanflat.com/products/streamline-matted-picture-frame,shopify_US_8432900997190_45207345692742
variant size vs title size,the title also names 11x14 (the parent listing's size); the variant actually sold here is 9x12,11x14 | Black | Picture Frame | Matted to 8.5x11 | Streamline | Set of 2 9x12 with 6x8 Mat / Black / 1 Pack,9x12,Picture Frame,00810029118477,,10.99,yes,https://americanflat.com/products/streamline-matted-picture-frame,shopify_US_8432900997190_45207344644166
variant size vs title size,the title also names 11x14 (the parent listing's size); the variant actually sold here is 9x12,11x14 | Black | Picture Frame | Matted to 8.5x11 | Streamline | Set of 2 9x12 with 6x8 Mat / White / 1 Pack,9x12,Picture Frame,00198301000192,,10.99,yes,https://americanflat.com/products/streamline-matted-picture-frame,shopify_US_8432900997190_45207346544710
variant size vs title size,the title also names 11x14 (the parent listing's size); the variant actually sold here is 12x16,11x14 | Black | Picture Frame | Matted to 8x10 | Galleria | Set of 2 12x16 / Gold / 9x12,12x16,Picture Frame,00198301008044,,36.99,yes,https://americanflat.com/products/picture-frame-2-pack-with-mat-protective-plexiglass-cover-wall-decor,shopify_US_8396923240518_45042767233094
variant size vs title size,the title also names 11x14 (the parent listing's size); the variant actually sold here is 12x18,11x14 | Black | Picture Frame | Matted to 8x10 | Galleria | Set of 2 12x18 / White / 11x17,12x18,Picture Frame,00198301005906,,37.99,yes,https://americanflat.com/products/picture-frame-2-pack-with-mat-protective-plexiglass-cover-wall-decor,shopify_US_8396923240518_45042767495238
variant size vs title size,the title also names 11x14 (the parent listing's size); the variant actually sold here is 13x16,11x14 | Black | Picture Frame | Matted to 8x10 | Galleria | Set of 2 13x16 with 10x13 mat / Black,13x16,Picture Frame,00198301001120,,21.99,yes,https://americanflat.com/products/americanflat-galleria-picture-frames-set-of-2-with-mat,shopify_US_8423987904582_45167844491334
variant size vs title size,the title also names 11x14 (the parent listing's size); the variant actually sold here is 18x28,11x14 | Black | Picture Frame | Matted to 8x10 | Galleria | Set of 2 18x28 with 1424 mat / Black,18x28,Picture Frame,00198301001403,,36.99,yes,https://americanflat.com/products/americanflat-galleria-picture-frames-set-of-2-with-mat,shopify_US_8423987904582_45167843377222
variant size vs title size,the title also names 11x14 (the parent listing's size); the variant actually sold here is 8x10,11x14 | Black | Picture Frame | Matted to 8x10 | Galleria | Set of 2 8x10 / White / 5x7,8x10,Picture Frame,00198301005654,,44.99,yes,https://americanflat.com/products/picture-frame-2-pack-with-mat-protective-plexiglass-cover-wall-decor,shopify_US_8396923240518_45042766479430
variant size vs title size,the title also names 11x14 (the parent listing's size); the variant actually sold here is 11x17,11x14 | Black | Picture Frame | Matted to 8x10 | Hudson 11x17 / Black / 8x12,11x17,Picture Frame,00198301006651,,35.99,yes,https://americanflat.com/products/picture-frame-wide-molding-included-mat-shatter-resistant-glass-wall-decor,shopify_US_8396931629126_45042780569670
variant size vs title size,the title also names 11x14 (the parent listing's size); the variant actually sold here is 12x18,11x14 | Black | Picture Frame | Matted to 8x10 | Hudson 12x18 / White / 11x17,12x18,Picture Frame,00198301006699,,49.99,yes,https://americanflat.com/products/picture-frame-wide-molding-included-mat-shatter-resistant-glass-wall-decor,shopify_US_8396931629126_45042780733510
variant size vs title size,the title also names 11x14 (the parent listing's size); the variant actually sold here is 8x10,11x14 | Black | Picture Frame | Matted to 8x10 | Hudson 8x10 / Natural Oak / 5x7,8x10,Picture Frame,00198301006606,,43.99,yes,https://americanflat.com/products/picture-frame-wide-molding-included-mat-shatter-resistant-glass-wall-decor,shopify_US_8396931629126_45042780405830
variant size vs title size,the title also names 11x14 (the parent listing's size); the variant actually sold here is 10x10,11x14 | Black | Picture Frame | Matted to 8x10 | Signature 10x10 / Black,10x10,Picture Frame,00850038118884,,11.99,yes,https://americanflat.com/products/americanflat-picture-frame-includes-mat-classic-molding-signature-collection,shopify_US_8423992066118_45167862906950
variant size vs title size,the title also names 11x14 (the parent listing's size); the variant actually sold here is 10x10,11x14 | Black | Picture Frame | Matted to 8x10 | Signature 10x10 / White,10x10,Picture Frame,00198301000710,,11.99,yes,https://americanflat.com/products/americanflat-picture-frame-includes-mat-classic-molding-signature-collection,shopify_US_8423992066118_45167863889990
variant size vs title size,the title also names 11x14 (the parent listing's size); the variant actually sold here is 10x10,11x14 | Black | Picture Frame | Matted to 8x10 | Signature 10x10 with 4x4 mat / Black / 1 Pack,10x10,Picture Frame,00791398912371,,6.99,yes,https://americanflat.com/products/americanflat-picture-frame-includes-mat-classic-molding-signature-collection,shopify_US_8423992066118_45211578925126
variant size vs title size,the title also names 11x14 (the parent listing's size); the variant actually sold here is 10x10,11x14 | Black | Picture Frame | Matted to 8x10 | Signature 10x10 with 4x4 mat / Driftwood / 1 Pack,10x10,Picture Frame,00850038117344,,12.99,no,https://americanflat.com/products/americanflat-picture-frame-includes-mat-classic-molding-signature-collection,shopify_US_8423992066118_45211582562374
variant size vs title size,the title also names 11x14 (the parent listing's size); the variant actually sold here is 10x10,11x14 | Black | Picture Frame | Matted to 8x10 | Signature 10x10 with 4x4 mat / Lightwood / 1 Pack,10x10,Picture Frame,00850038117351,,12.99,no,https://americanflat.com/products/americanflat-picture-frame-includes-mat-classic-molding-signature-collection,shopify_US_8423992066118_45211582595142
variant size vs title size,the title also names 11x14 (the parent listing's size); the variant actually sold here is 10x10,11x14 | Black | Picture Frame | Matted to 8x10 | Signature 10x10 with 4x4 mat / Walnut / 1 Pack,10x10,Picture Frame,00850038117368,,6.99,yes,https://americanflat.com/products/americanflat-picture-frame-includes-mat-classic-molding-signature-collection,shopify_US_8423992066118_45211578990662
variant size vs title size,the title also names 11x14 (the parent listing's size); the variant actually sold here is 10x10,11x14 | Black | Picture Frame | Matted to 8x10 | Signature 10x10 with 4x4 mat / White / 1 Pack,10x10,Picture Frame,00850038117375,,11.99,yes,https://americanflat.com/products/americanflat-picture-frame-includes-mat-classic-molding-signature-collection,shopify_US_8423992066118_45211578957894
variant size vs title size,the title also names 11x14 (the parent listing's size); the variant actually sold here is 10x20,11x14 | Black | Picture Frame | Matted to 8x10 | Signature 10x20 / Black / 2 Opening,10x20,Picture Frame,00810131999278,,24.99,no,https://americanflat.com/products/americanflat-picture-frame-includes-mat-classic-molding-signature-collection,shopify_US_8423992066118_45211583807558
variant size vs title size,the title also names 11x14 (the parent listing's size); the variant actually sold here is 12x12,11x14 | Black | Picture Frame | Matted to 8x10 | Signature 12x12 / Black / Circle,12x12,Picture Frame,,,10.99,no,https://americanflat.com/products/americanflat-picture-frame-includes-mat-classic-molding-signature-collection,shopify_US_8423992066118_45211579973702
variant size vs title size,the title also names 11x14 (the parent listing's size); the variant actually sold here is 12x12,11x14 | Black | Picture Frame | Matted to 8x10 | Signature 12x12 / Black / Heart,12x12,Picture Frame,00810131997267,,13.99,no,https://americanflat.com/products/americanflat-picture-frame-includes-mat-classic-molding-signature-collection,shopify_US_8423992066118_45211579383878
variant size vs title size,the title also names 11x14 (the parent listing's size); the variant actually sold here is 12x12,11x14 | Black | Picture Frame | Matted to 8x10 | Signature 12x12 / Driftwood / Circle,12x12,Picture Frame,,,10.99,no,https://americanflat.com/products/americanflat-picture-frame-includes-mat-classic-molding-signature-collection,shopify_US_8423992066118_45211580006470
variant size vs title size,the title also names 11x14 (the parent listing's size); the variant actually sold here is 12x12,11x14 | Black | Picture Frame | Matted to 8x10 | Signature 12x12 / Driftwood / Heart,12x12,Picture Frame,00810131997281,,13.99,no,https://americanflat.com/products/americanflat-picture-frame-includes-mat-classic-molding-signature-collection,shopify_US_8423992066118_45211579416646
variant size vs title size,the title also names 11x14 (the parent listing's size); the variant actually sold here is 12x12,11x14 | Black | Picture Frame | Matted to 8x10 | Signature 12x12 / Gold / Heart,12x12,Picture Frame,,,10.99,no,https://americanflat.com/products/americanflat-picture-frame-includes-mat-classic-molding-signature-collection,shopify_US_8423992066118_45211580235846
variant size vs title size,the title also names 11x14 (the parent listing's size); the variant actually sold here is 12x12,11x14 | Black | Picture Frame | Matted to 8x10 | Signature 12x12 / Natural Oak / Circle,12x12,Picture Frame,00810131997298,,13.99,no,https://americanflat.com/products/americanflat-picture-frame-includes-mat-classic-molding-signature-collection,shopify_US_8423992066118_45211579154502
variant size vs title size,the title also names 11x14 (the parent listing's size); the variant actually sold here is 12x12,11x14 | Black | Picture Frame | Matted to 8x10 | Signature 12x12 / Natural Oak / Heart,12x12,Picture Frame,,,10.99,no,https://americanflat.com/products/americanflat-picture-frame-includes-mat-classic-molding-signature-collection,shopify_US_8423992066118_45211580203078
variant size vs title size,the title also names 11x14 (the parent listing's size); the variant actually sold here is 12x12,11x14 | Black | Picture Frame | Matted to 8x10 | Signature 12x12 / Silver / Circle,12x12,Picture Frame,00810131997335,,6.99,yes,https://americanflat.com/products/americanflat-picture-frame-includes-mat-classic-molding-signature-collection,shopify_US_8423992066118_45211579187270
variant size vs title size,the title also names 11x14 (the parent listing's size); the variant actually sold here is 12x12,11x14 | Black | Picture Frame | Matted to 8x10 | Signature 12x12 / Walnut / Circle,12x12,Picture Frame,00810131997359,,13.99,no,https://americanflat.com/products/americanflat-picture-frame-includes-mat-classic-molding-signature-collection,shopify_US_8423992066118_45211579220038
variant size vs title size,the title also names 11x14 (the parent listing's size); the variant actually sold here is 12x12,11x14 | Black | Picture Frame | Matted to 8x10 | Signature 12x12 / Walnut / Heart,12x12,Picture Frame,,,10.99,no,https://americanflat.com/products/americanflat-picture-frame-includes-mat-classic-molding-signature-collection,shopify_US_8423992066118_45211580301382
variant size vs title size,the title also names 11x14 (the parent listing's size); the variant actually sold here is 12x12,11x14 | Black | Picture Frame | Matted to 8x10 | Signature 12x12 / White / Circle,12x12,Picture Frame,00810131997373,,13.99,no,https://americanflat.com/products/americanflat-picture-frame-includes-mat-classic-molding-signature-collection,shopify_US_8423992066118_45211579252806
variant size vs title size,the title also names 11x14 (the parent listing's size); the variant actually sold here is 12x16,11x14 | Black | Picture Frame | Matted to 8x10 | Signature 12x16 / Black,12x16,Picture Frame,,,24.99,yes,https://americanflat.com/products/picture-frame-with-mat-engineered-wood-shatter-resistant-glass-wall-art,shopify_US_8396449546310_45042150146118
variant size vs title size,the title also names 11x14 (the parent listing's size); the variant actually sold here is 12x16,11x14 | Black | Picture Frame | Matted to 8x10 | Signature 12x16 / White,12x16,Picture Frame,,,24.99,yes,https://americanflat.com/products/picture-frame-with-mat-engineered-wood-shatter-resistant-glass-wall-art,shopify_US_8396449546310_45042150178886
variant size vs title size,the title also names 11x14 (the parent listing's size); the variant actually sold here is 12x18,11x14 | Black | Picture Frame | Matted to 8x10 | Signature 12x18 / Black / 1 Pack,12x18,Picture Frame,00198301010245,,18.99,yes,https://americanflat.com/products/americanflat-picture-frame-includes-mat-classic-molding-signature-collection,shopify_US_8423992066118_45211578859590
variant size vs title size,the title also names 11x14 (the parent listing's size); the variant actually sold here is 12x18,11x14 | Black | Picture Frame | Matted to 8x10 | Signature 12x18 / Black / Arched,12x18,Picture Frame,,,10.99,no,https://americanflat.com/products/americanflat-picture-frame-includes-mat-classic-molding-signature-collection,shopify_US_8423992066118_45211581284422
variant size vs title size,the title also names 11x14 (the parent listing's size); the variant actually sold here is 12x18,11x14 | Black | Picture Frame | Matted to 8x10 | Signature 12x18 / Driftwood / Arched,12x18,Picture Frame,00810131997403,,18.99,no,https://americanflat.com/products/americanflat-picture-frame-includes-mat-classic-molding-signature-collection,shopify_US_8423992066118_45211579678790
variant size vs title size,the title also names 11x14 (the parent listing's size); the variant actually sold here is 12x18,11x14 | Black | Picture Frame | Matted to 8x10 | Signature 12x18 / Gold / Arched,12x18,Picture Frame,00810131997427,,18.99,no,https://americanflat.com/products/americanflat-picture-frame-includes-mat-classic-molding-signature-collection,shopify_US_8423992066118_45211579744326
variant size vs title size,the title also names 11x14 (the parent listing's size); the variant actually sold here is 12x18,11x14 | Black | Picture Frame | Matted to 8x10 | Signature 12x18 / Silver / Arched,12x18,Picture Frame,,,10.99,no,https://americanflat.com/products/americanflat-picture-frame-includes-mat-classic-molding-signature-collection,shopify_US_8423992066118_45211581317190
variant size vs title size,the title also names 11x14 (the parent listing's size); the variant actually sold here is 12x18,11x14 | Black | Picture Frame | Matted to 8x10 | Signature 12x18 / Walnut / Arched,12x18,Picture Frame,00810131997441,,18.99,no,https://americanflat.com/products/americanflat-picture-frame-includes-mat-classic-molding-signature-collection,shopify_US_8423992066118_45211579777094
variant size vs title size,the title also names 11x14 (the parent listing's size); the variant actually sold here is 12x18,11x14 | Black | Picture Frame | Matted to 8x10 | Signature 12x18 / White / 1 Pack,12x18,Picture Frame,00198301010382,,18.99,yes,https://americanflat.com/products/americanflat-picture-frame-includes-mat-classic-molding-signature-collection,shopify_US_8423992066118_45211578826822
variant size vs title size,the title also names 11x14 (the parent listing's size); the variant actually sold here is 12x18,11x14 | Black | Picture Frame | Matted to 8x10 | Signature 12x18 / White / Arched,12x18,Picture Frame,00810131997458,,6.99,no,https://americanflat.com/products/americanflat-picture-frame-includes-mat-classic-molding-signature-collection,shopify_US_8423992066118_45211579809862
variant size vs title size,the title also names 11x14 (the parent listing's size); the variant actually sold here is 12x28,11x14 | Black | Picture Frame | Matted to 8x10 | Signature 12x28 / Black / 5OP,12x28,Picture Frame,00198301010191,,27.99,no,https://americanflat.com/products/americanflat-picture-frame-includes-mat-classic-molding-signature-collection,shopify_US_8423992066118_45215319982150
variant size vs title size,the title also names 11x14 (the parent listing's size); the variant actually sold here is 12x30,11x14 | Black | Picture Frame | Matted to 8x10 | Signature 12x30 / White / 9OP,12x30,Picture Frame,00198301010344,,31.99,no,https://americanflat.com/products/americanflat-picture-frame-includes-mat-classic-molding-signature-collection,shopify_US_8423992066118_45215319883846
variant size vs title size,the title also names 11x14 (the parent listing's size); the variant actually sold here is 14x14,11x14 | Black | Picture Frame | Matted to 8x10 | Signature 14x14 with 4x6 mat / White / 6OP,14x14,Picture Frame,00198301010320,,6.99,no,https://americanflat.com/products/americanflat-picture-frame-includes-mat-classic-molding-signature-collection,shopify_US_8423992066118_45215319720006
variant size vs title size,the title also names 11x14 (the parent listing's size); the variant actually sold here is 20x20,11x14 | Black | Picture Frame | Matted to 8x10 | Signature 20x20 / White / 11OP,20x20,Picture Frame,00198301010412,,29.99,no,https://americanflat.com/products/americanflat-picture-frame-includes-mat-classic-molding-signature-collection,shopify_US_8423992066118_45215319851078
variant size vs title size,the title also names 11x14 (the parent listing's size); the variant actually sold here is 5x7,11x14 | Black | Picture Frame | Matted to 8x10 | Signature 5x7 / White,5x7,Picture Frame,,,24.99,yes,https://americanflat.com/products/picture-frame-with-mat-engineered-wood-shatter-resistant-glass-wall-art,shopify_US_8396449546310_45042149851206
variant size vs title size,the title also names 11x14 (the parent listing's size); the variant actually sold here is 6x6,11x14 | Black | Picture Frame | Matted to 8x10 | Signature 6x6 / Black / Circle,6x6,Picture Frame,00810131996437,,10.99,no,https://americanflat.com/products/americanflat-picture-frame-includes-mat-classic-molding-signature-collection,shopify_US_8423992066118_45211579023430
variant size vs title size,the title also names 11x14 (the parent listing's size); the variant actually sold here is 6x6,11x14 | Black | Picture Frame | Matted to 8x10 | Signature 6x6 / Gold / Circle,6x6,Picture Frame,00810131996499,,10.99,no,https://americanflat.com/products/americanflat-picture-frame-includes-mat-classic-molding-signature-collection,shopify_US_8423992066118_45211579088966
variant size vs title size,the title also names 11x14 (the parent listing's size); the variant actually sold here is 6x6,11x14 | Black | Picture Frame | Matted to 8x10 | Signature 6x6 / Gold / Heart,6x6,Picture Frame,,,10.99,no,https://americanflat.com/products/americanflat-picture-frame-includes-mat-classic-molding-signature-collection,shopify_US_8423992066118_45211580104774
variant size vs title size,the title also names 11x14 (the parent listing's size); the variant actually sold here is 6x6,11x14 | Black | Picture Frame | Matted to 8x10 | Signature 6x6 / Natural Oak / Circle,6x6,Picture Frame,,,10.99,no,https://americanflat.com/products/americanflat-picture-frame-includes-mat-classic-molding-signature-collection,shopify_US_8423992066118_45211579875398
variant size vs title size,the title also names 11x14 (the parent listing's size); the variant actually sold here is 6x6,11x14 | Black | Picture Frame | Matted to 8x10 | Signature 6x6 / Silver / Circle,6x6,Picture Frame,,,10.99,no,https://americanflat.com/products/americanflat-picture-frame-includes-mat-classic-molding-signature-collection,shopify_US_8423992066118_45211579908166
variant size vs title size,the title also names 11x14 (the parent listing's size); the variant actually sold here is 6x6,11x14 | Black | Picture Frame | Matted to 8x10 | Signature 6x6 / Silver / Heart,6x6,Picture Frame,,,10.99,no,https://americanflat.com/products/americanflat-picture-frame-includes-mat-classic-molding-signature-collection,shopify_US_8423992066118_45211580137542
variant size vs title size,the title also names 11x14 (the parent listing's size); the variant actually sold here is 6x6,11x14 | Black | Picture Frame | Matted to 8x10 | Signature 6x6 / Walnut / Heart,6x6,Picture Frame,00810131996543,,10.99,no,https://americanflat.com/products/americanflat-picture-frame-includes-mat-classic-molding-signature-collection,shopify_US_8423992066118_45211579351110
variant size vs title size,the title also names 11x14 (the parent listing's size); the variant actually sold here is 6x6,11x14 | Black | Picture Frame | Matted to 8x10 | Signature 6x6 / White / Circle,6x6,Picture Frame,00810131996550,,10.99,no,https://americanflat.com/products/americanflat-picture-frame-includes-mat-classic-molding-signature-collection,shopify_US_8423992066118_45211579121734
variant size vs title size,the title also names 11x14 (the parent listing's size); the variant actually sold here is 6x6,11x14 | Black | Picture Frame | Matted to 8x10 | Signature 6x6 / White / Heart,6x6,Picture Frame,,,10.99,no,https://americanflat.com/products/americanflat-picture-frame-includes-mat-classic-molding-signature-collection,shopify_US_8423992066118_45211580170310
variant size vs title size,the title also names 11x14 (the parent listing's size); the variant actually sold here is 6x8,11x14 | Black | Picture Frame | Matted to 8x10 | Signature 6x8 / Black / Oval,6x8,Picture Frame,,,10.99,no,https://americanflat.com/products/americanflat-picture-frame-includes-mat-classic-molding-signature-collection,shopify_US_8423992066118_45211581349958
variant size vs title size,the title also names 11x14 (the parent listing's size); the variant actually sold here is 6x8,11x14 | Black | Picture Frame | Matted to 8x10 | Signature 6x8 / Black / Waves,6x8,Picture Frame,,,10.99,no,https://americanflat.com/products/americanflat-picture-frame-includes-mat-classic-molding-signature-collection,shopify_US_8423992066118_45211582005318
variant size vs title size,the title also names 11x14 (the parent listing's size); the variant actually sold here is 6x8,11x14 | Black | Picture Frame | Matted to 8x10 | Signature 6x8 / Driftwood / Oval,6x8,Picture Frame,,,10.99,no,https://americanflat.com/products/americanflat-picture-frame-includes-mat-classic-molding-signature-collection,shopify_US_8423992066118_45211581382726
variant size vs title size,the title also names 11x14 (the parent listing's size); the variant actually sold here is 6x8,11x14 | Black | Picture Frame | Matted to 8x10 | Signature 6x8 / Gold / Arched,6x8,Picture Frame,00810131996659,,12.99,yes,https://americanflat.com/products/americanflat-picture-frame-includes-mat-classic-molding-signature-collection,shopify_US_8423992066118_45211579449414
variant size vs title size,the title also names 11x14 (the parent listing's size); the variant actually sold here is 6x8,11x14 | Black | Picture Frame | Matted to 8x10 | Signature 6x8 / Gold / Oval,6x8,Picture Frame,,,10.99,no,https://americanflat.com/products/americanflat-picture-frame-includes-mat-classic-molding-signature-collection,shopify_US_8423992066118_45211581448262
variant size vs title size,the title also names 11x14 (the parent listing's size); the variant actually sold here is 6x8,11x14 | Black | Picture Frame | Matted to 8x10 | Signature 6x8 / Natural Oak / Arched,6x8,Picture Frame,,,10.99,no,https://americanflat.com/products/americanflat-picture-frame-includes-mat-classic-molding-signature-collection,shopify_US_8423992066118_45211580432454
variant size vs title size,the title also names 11x14 (the parent listing's size); the variant actually sold here is 6x8,11x14 | Black | Picture Frame | Matted to 8x10 | Signature 6x8 / Natural Oak / Oval,6x8,Picture Frame,,,10.99,no,https://americanflat.com/products/americanflat-picture-frame-includes-mat-classic-molding-signature-collection,shopify_US_8423992066118_45211581415494
variant size vs title size,the title also names 11x14 (the parent listing's size); the variant actually sold here is 6x8,11x14 | Black | Picture Frame | Matted to 8x10 | Signature 6x8 / Silver / Arched,6x8,Picture Frame,,,10.99,no,https://americanflat.com/products/americanflat-picture-frame-includes-mat-classic-molding-signature-collection,shopify_US_8423992066118_45211580465222
variant size vs title size,the title also names 11x14 (the parent listing's size); the variant actually sold here is 6x8,11x14 | Black | Picture Frame | Matted to 8x10 | Signature 6x8 / Walnut / Arched,6x8,Picture Frame,,,10.99,no,https://americanflat.com/products/americanflat-picture-frame-includes-mat-classic-molding-signature-collection,shopify_US_8423992066118_45211580497990
variant size vs title size,the title also names 11x14 (the parent listing's size); the variant actually sold here is 6x8,11x14 | Black | Picture Frame | Matted to 8x10 | Signature 6x8 / Walnut / Oval,6x8,Picture Frame,,,10.99,no,https://americanflat.com/products/americanflat-picture-frame-includes-mat-classic-molding-signature-collection,shopify_US_8423992066118_45211581513798
variant size vs title size,the title also names 11x14 (the parent listing's size); the variant actually sold here is 6x8,11x14 | Black | Picture Frame | Matted to 8x10 | Signature 6x8 / White / Arched,6x8,Picture Frame,00810131996734,,12.99,no,https://americanflat.com/products/americanflat-picture-frame-includes-mat-classic-molding-signature-collection,shopify_US_8423992066118_45211579482182
variant size vs title size,the title also names 11x14 (the parent listing's size); the variant actually sold here is 6x8,11x14 | Black | Picture Frame | Matted to 8x10 | Signature 6x8 / White / Oval,6x8,Picture Frame,,,10.99,no,https://americanflat.com/products/americanflat-picture-frame-includes-mat-classic-molding-signature-collection,shopify_US_8423992066118_45211581546566
variant size vs title size,the title also names 11x14 (the parent listing's size); the variant actually sold here is 6x8,11x14 | Black | Picture Frame | Matted to 8x10 | Signature 6x8 / White / Waves,6x8,Picture Frame,,,10.99,no,https://americanflat.com/products/americanflat-picture-frame-includes-mat-classic-molding-signature-collection,shopify_US_8423992066118_45211582136390
variant size vs title size,the title also names 11x14 (the parent listing's size); the variant actually sold here is 7x16,11x14 | Black | Picture Frame | Matted to 8x10 | Signature 7x16 / Black / 2 Opening,7x16,Picture Frame,00198301010221,,13.99,no,https://americanflat.com/products/americanflat-picture-frame-includes-mat-classic-molding-signature-collection,shopify_US_8423992066118_45211583676486
variant size vs title size,the title also names 11x14 (the parent listing's size); the variant actually sold here is 7x16,11x14 | Black | Picture Frame | Matted to 8x10 | Signature 7x16 / White / 2 Opening,7x16,Picture Frame,00198301010368,,16.99,no,https://americanflat.com/products/americanflat-picture-frame-includes-mat-classic-molding-signature-collection,shopify_US_8423992066118_45211583709254
variant size vs title size,the title also names 11x14 (the parent listing's size); the variant actually sold here is 8x10,11x14 | Black | Picture Frame | Matted to 8x10 | Signature 8x10 / Black / Arched,8x10,Picture Frame,00810131996833,,10.99,no,https://americanflat.com/products/americanflat-picture-frame-includes-mat-classic-molding-signature-collection,shopify_US_8423992066118_45211579547718
variant size vs title size,the title also names 11x14 (the parent listing's size); the variant actually sold here is 8x10,11x14 | Black | Picture Frame | Matted to 8x10 | Signature 8x10 / Black / Oval,8x10,Picture Frame,,,10.99,no,https://americanflat.com/products/americanflat-picture-frame-includes-mat-classic-molding-signature-collection,shopify_US_8423992066118_45211581579334
variant size vs title size,the title also names 11x14 (the parent listing's size); the variant actually sold here is 8x10,11x14 | Black | Picture Frame | Matted to 8x10 | Signature 8x10 / Black / Waves,8x10,Picture Frame,,,10.99,no,https://americanflat.com/products/americanflat-picture-frame-includes-mat-classic-molding-signature-collection,shopify_US_8423992066118_45211582169158
variant size vs title size,the title also names 11x14 (the parent listing's size); the variant actually sold here is 8x10,11x14 | Black | Picture Frame | Matted to 8x10 | Signature 8x10 / Driftwood / Arched,8x10,Picture Frame,,,10.99,no,https://americanflat.com/products/americanflat-picture-frame-includes-mat-classic-molding-signature-collection,shopify_US_8423992066118_45211580727366
variant size vs title size,the title also names 11x14 (the parent listing's size); the variant actually sold here is 8x10,11x14 | Black | Picture Frame | Matted to 8x10 | Signature 8x10 / Driftwood / Oval,8x10,Picture Frame,,,10.99,no,https://americanflat.com/products/americanflat-picture-frame-includes-mat-classic-molding-signature-collection,shopify_US_8423992066118_45211581612102
variant size vs title size,the title also names 11x14 (the parent listing's size); the variant actually sold here is 8x10,11x14 | Black | Picture Frame | Matted to 8x10 | Signature 8x10 / Gold / Oval,8x10,Picture Frame,,,10.99,no,https://americanflat.com/products/americanflat-picture-frame-includes-mat-classic-molding-signature-collection,shopify_US_8423992066118_45211581677638
variant size vs title size,the title also names 11x14 (the parent listing's size); the variant actually sold here is 8x10,11x14 | Black | Picture Frame | Matted to 8x10 | Signature 8x10 / Natural Oak / Oval,8x10,Picture Frame,,,10.99,no,https://americanflat.com/products/americanflat-picture-frame-includes-mat-classic-molding-signature-collection,shopify_US_8423992066118_45211581644870
variant size vs title size,the title also names 11x14 (the parent listing's size); the variant actually sold here is 8x10,11x14 | Black | Picture Frame | Matted to 8x10 | Signature 8x10 / Pink / Waves,8x10,Picture Frame,,,10.99,no,https://americanflat.com/products/americanflat-picture-frame-includes-mat-classic-molding-signature-collection,shopify_US_8423992066118_45211582234694
variant size vs title size,the title also names 11x14 (the parent listing's size); the variant actually sold here is 8x10,11x14 | Black | Picture Frame | Matted to 8x10 | Signature 8x10 / Purple / Waves,8x10,Picture Frame,,,10.99,no,https://americanflat.com/products/americanflat-picture-frame-includes-mat-classic-molding-signature-collection,shopify_US_8423992066118_45211582201926
variant size vs title size,the title also names 11x14 (the parent listing's size); the variant actually sold here is 8x10,11x14 | Black | Picture Frame | Matted to 8x10 | Signature 8x10 / Silver / Arched,8x10,Picture Frame,,,10.99,no,https://americanflat.com/products/americanflat-picture-frame-includes-mat-classic-molding-signature-collection,shopify_US_8423992066118_45211580825670
variant size vs title size,the title also names 11x14 (the parent listing's size); the variant actually sold here is 8x10,11x14 | Black | Picture Frame | Matted to 8x10 | Signature 8x10 / Silver / Oval,8x10,Picture Frame,,,10.99,no,https://americanflat.com/products/americanflat-picture-frame-includes-mat-classic-molding-signature-collection,shopify_US_8423992066118_45211581710406
variant size vs title size,the title also names 11x14 (the parent listing's size); the variant actually sold here is 8x10,11x14 | Black | Picture Frame | Matted to 8x10 | Signature 8x10 / Walnut / Oval,8x10,Picture Frame,,,10.99,no,https://americanflat.com/products/americanflat-picture-frame-includes-mat-classic-molding-signature-collection,shopify_US_8423992066118_45211581743174
variant size vs title size,the title also names 11x14 (the parent listing's size); the variant actually sold here is 8x10,11x14 | Black | Picture Frame | Matted to 8x10 | Signature 8x10 / White,8x10,Picture Frame,,,24.99,yes,https://americanflat.com/products/picture-frame-with-mat-engineered-wood-shatter-resistant-glass-wall-art,shopify_US_8396449546310_45042149982278
variant size vs title size,the title also names 11x14 (the parent listing's size); the variant actually sold here is 8x10,11x14 | Black | Picture Frame | Matted to 8x10 | Signature 8x10 / White / Arched,8x10,Picture Frame,00810131996994,,10.99,no,https://americanflat.com/products/americanflat-picture-frame-includes-mat-classic-molding-signature-collection,shopify_US_8423992066118_45211579580486
variant size vs title size,the title also names 11x14 (the parent listing's size); the variant actually sold here is 8x10,11x14 | Black | Picture Frame | Matted to 8x10 | Signature 8x10 / White / Waves,8x10,Picture Frame,,,10.99,no,https://americanflat.com/products/americanflat-picture-frame-includes-mat-classic-molding-signature-collection,shopify_US_8423992066118_45211582300230
variant size vs title size,the title also names 11x14 (the parent listing's size); the variant actually sold here is 8x16,11x14 | Black | Picture Frame | Matted to 8x10 | Signature 8x16 / Driftwood / 1 Pack,8x16,Picture Frame,00850038117184,,12.99,no,https://americanflat.com/products/americanflat-picture-frame-includes-mat-classic-molding-signature-collection,shopify_US_8423992066118_45211582660678
variant size vs title size,the title also names 11x14 (the parent listing's size); the variant actually sold here is 8x16,11x14 | Black | Picture Frame | Matted to 8x10 | Signature 8x16 / Driftwood / 3 Opening,8x16,Picture Frame,00850038117221,,13.99,no,https://americanflat.com/products/americanflat-picture-frame-includes-mat-classic-molding-signature-collection,shopify_US_8423992066118_45211583414342
variant size vs title size,the title also names 11x14 (the parent listing's size); the variant actually sold here is 8x16,11x14 | Black | Picture Frame | Matted to 8x10 | Signature 8x16 / Lightwood / 1 Pack,8x16,Picture Frame,00850038117191,,8.99,no,https://americanflat.com/products/americanflat-picture-frame-includes-mat-classic-molding-signature-collection,shopify_US_8423992066118_45211582693446
variant size vs title size,the title also names 11x14 (the parent listing's size); the variant actually sold here is 8x16,11x14 | Black | Picture Frame | Matted to 8x10 | Signature 8x16 / Lightwood / 3 Opening,8x16,Picture Frame,00850038117238,,17.99,no,https://americanflat.com/products/americanflat-picture-frame-includes-mat-classic-molding-signature-collection,shopify_US_8423992066118_45211583479878
variant size vs title size,the title also names 11x14 (the parent listing's size); the variant actually sold here is 8x16,11x14 | Black | Picture Frame | Matted to 8x10 | Signature 8x16 / Walnut / 1 Pack,8x16,Picture Frame,00850038117207,,12.99,no,https://americanflat.com/products/americanflat-picture-frame-includes-mat-classic-molding-signature-collection,shopify_US_8423992066118_45211582627910
variant size vs title size,the title also names 11x14 (the parent listing's size); the variant actually sold here is 8x16,11x14 | Black | Picture Frame | Matted to 8x10 | Signature 8x16 / Walnut / 3 Opening,8x16,Picture Frame,00850038117245,,17.99,no,https://americanflat.com/products/americanflat-picture-frame-includes-mat-classic-molding-signature-collection,shopify_US_8423992066118_45211583447110
variant size vs title size,the title also names 11x14 (the parent listing's size); the variant actually sold here is 8x16,11x14 | Black | Picture Frame | Matted to 8x10 | Signature 8x16 / White / 1 Pack,8x16,Picture Frame,00850038117214,,12.99,no,https://americanflat.com/products/americanflat-picture-frame-includes-mat-classic-molding-signature-collection,shopify_US_8423992066118_45211582726214
variant size vs title size,the title also names 11x14 (the parent listing's size); the variant actually sold here is 8x16,11x14 | Black | Picture Frame | Matted to 8x10 | Signature 8x16 / White / 3 Opening,8x16,Picture Frame,00850038117252,,16.99,no,https://americanflat.com/products/americanflat-picture-frame-includes-mat-classic-molding-signature-collection,shopify_US_8423992066118_45211583512646
variant size vs title size,the title also names 11x14 (the parent listing's size); the variant actually sold here is 8x20,11x14 | Black | Picture Frame | Matted to 8x10 | Signature 8x20 / Driftwood / 1 Pack,8x20,Picture Frame,00850038117269,,18.99,no,https://americanflat.com/products/americanflat-picture-frame-includes-mat-classic-molding-signature-collection,shopify_US_8423992066118_45211582431302
variant size vs title size,the title also names 11x14 (the parent listing's size); the variant actually sold here is 8x20,11x14 | Black | Picture Frame | Matted to 8x10 | Signature 8x20 / Lightwood / 1 Pack,8x20,Picture Frame,00850038117276,,6.99,no,https://americanflat.com/products/americanflat-picture-frame-includes-mat-classic-molding-signature-collection,shopify_US_8423992066118_45211582529606
variant size vs title size,the title also names 11x14 (the parent listing's size); the variant actually sold here is 8x20,11x14 | Black | Picture Frame | Matted to 8x10 | Signature 8x20 / Walnut / 1 Pack,8x20,Picture Frame,00850038117283,,18.99,no,https://americanflat.com/products/americanflat-picture-frame-includes-mat-classic-molding-signature-collection,shopify_US_8423992066118_45211582496838
variant size vs title size,the title also names 11x14 (the parent listing's size); the variant actually sold here is 8x20,11x14 | Black | Picture Frame | Matted to 8x10 | Signature 8x20 with 4x6 mat / Black / 1 Pack,8x20,Picture Frame,00791398927054,,18.99,no,https://americanflat.com/products/americanflat-picture-frame-includes-mat-classic-molding-signature-collection,shopify_US_8423992066118_45211583152198
variant size vs title size,the title also names 11x14 (the parent listing's size); the variant actually sold here is 8x24,11x14 | Black | Picture Frame | Matted to 8x10 | Signature 8x24 / Driftwood / 1 Pack,8x24,Picture Frame,00850038117306,,19.99,no,https://americanflat.com/products/americanflat-picture-frame-includes-mat-classic-molding-signature-collection,shopify_US_8423992066118_45211582758982
variant size vs title size,the title also names 11x14 (the parent listing's size); the variant actually sold here is 8x24,11x14 | Black | Picture Frame | Matted to 8x10 | Signature 8x24 / Lightwood / 1 Pack,8x24,Picture Frame,00850038117313,,19.99,no,https://americanflat.com/products/americanflat-picture-frame-includes-mat-classic-molding-signature-collection,shopify_US_8423992066118_45211582791750
variant size vs title size,the title also names 11x14 (the parent listing's size); the variant actually sold here is 8x24,11x14 | Black | Picture Frame | Matted to 8x10 | Signature 8x24 / Walnut / 1 Pack,8x24,Picture Frame,00850038117320,,19.99,no,https://americanflat.com/products/americanflat-picture-frame-includes-mat-classic-molding-signature-collection,shopify_US_8423992066118_45211583119430
variant size vs title size,the title also names 11x14 (the parent listing's size); the variant actually sold here is 8x24,11x14 | Black | Picture Frame | Matted to 8x10 | Signature 8x24 / White / 1 Pack,8x24,Picture Frame,00850038117337,,19.99,no,https://americanflat.com/products/americanflat-picture-frame-includes-mat-classic-molding-signature-collection,shopify_US_8423992066118_45211583086662
variant size vs title size,the title also names 11x14 (the parent listing's size); the variant actually sold here is 8x8,11x14 | Black | Picture Frame | Matted to 8x10 | Signature 8x8 / Black,8x8,Picture Frame,,,24.99,yes,https://americanflat.com/products/picture-frame-with-mat-engineered-wood-shatter-resistant-glass-wall-art,shopify_US_8396449546310_45042149883974
variant size vs title size,the title also names 11x14 (the parent listing's size); the variant actually sold here is 8x8,11x14 | Black | Picture Frame | Matted to 8x10 | Signature 8x8 / Driftwood / Arched,8x8,Picture Frame,,,10.99,no,https://americanflat.com/products/americanflat-picture-frame-includes-mat-classic-molding-signature-collection,shopify_US_8423992066118_45211580563526
variant size vs title size,the title also names 11x14 (the parent listing's size); the variant actually sold here is 8x8,11x14 | Black | Picture Frame | Matted to 8x10 | Signature 8x8 / Gold / Arched,8x8,Picture Frame,00810131996796,,9.99,yes,https://americanflat.com/products/americanflat-picture-frame-includes-mat-classic-molding-signature-collection,shopify_US_8423992066118_45211579514950
variant size vs title size,the title also names 11x14 (the parent listing's size); the variant actually sold here is 8x8,11x14 | Black | Picture Frame | Matted to 8x10 | Signature 8x8 / Natural Oak / Arched,8x8,Picture Frame,,,10.99,no,https://americanflat.com/products/americanflat-picture-frame-includes-mat-classic-molding-signature-collection,shopify_US_8423992066118_45211580596294
variant size vs title size,the title also names 11x14 (the parent listing's size); the variant actually sold here is 8x8,11x14 | Black | Picture Frame | Matted to 8x10 | Signature 8x8 / Silver / Arched,8x8,Picture Frame,,,10.99,no,https://americanflat.com/products/americanflat-picture-frame-includes-mat-classic-molding-signature-collection,shopify_US_8423992066118_45211580629062
variant size vs title size,the title also names 11x14 (the parent listing's size); the variant actually sold here is 8x8,11x14 | Black | Picture Frame | Matted to 8x10 | Signature 8x8 / Walnut / Arched,8x8,Picture Frame,,,10.99,no,https://americanflat.com/products/americanflat-picture-frame-includes-mat-classic-molding-signature-collection,shopify_US_8423992066118_45211580661830
variant size vs title size,the title also names 11x14 (the parent listing's size); the variant actually sold here is 8x8,11x14 | Black | Picture Frame | Matted to 8x10 | Signature 8x8 / White,8x8,Picture Frame,,,24.99,yes,https://americanflat.com/products/picture-frame-with-mat-engineered-wood-shatter-resistant-glass-wall-art,shopify_US_8396449546310_45042149916742
variant size vs title size,the title also names 11x14 (the parent listing's size); the variant actually sold here is 9x10,11x14 | Black | Picture Frame | Matted to 8x10 | Signature 9x10 / Black / Arched,9x10,Picture Frame,,,10.99,no,https://americanflat.com/products/americanflat-picture-frame-includes-mat-classic-molding-signature-collection,shopify_US_8423992066118_45211580891206
variant size vs title size,the title also names 11x14 (the parent listing's size); the variant actually sold here is 9x10,11x14 | Black | Picture Frame | Matted to 8x10 | Signature 9x10 / Driftwood / Arched,9x10,Picture Frame,,,10.99,no,https://americanflat.com/products/americanflat-picture-frame-includes-mat-classic-molding-signature-collection,shopify_US_8423992066118_45211580923974
variant size vs title size,the title also names 11x14 (the parent listing's size); the variant actually sold here is 9x10,11x14 | Black | Picture Frame | Matted to 8x10 | Signature 9x10 / Gold / Arched,9x10,Picture Frame,,,10.99,no,https://americanflat.com/products/americanflat-picture-frame-includes-mat-classic-molding-signature-collection,shopify_US_8423992066118_45211580989510
variant size vs title size,the title also names 11x14 (the parent listing's size); the variant actually sold here is 9x10,11x14 | Black | Picture Frame | Matted to 8x10 | Signature 9x10 / Walnut / Arched,9x10,Picture Frame,,,10.99,no,https://americanflat.com/products/americanflat-picture-frame-includes-mat-classic-molding-signature-collection,shopify_US_8423992066118_45211581055046
variant size vs title size,the title also names 11x14 (the parent listing's size); the variant actually sold here is 9x10,11x14 | Black | Picture Frame | Matted to 8x10 | Signature 9x10 / White / Arched,9x10,Picture Frame,,,10.99,no,https://americanflat.com/products/americanflat-picture-frame-includes-mat-classic-molding-signature-collection,shopify_US_8423992066118_45211581087814
variant size vs title size,the title also names 11x14 (the parent listing's size); the variant actually sold here is 9x12,11x14 | Black | Picture Frame | Matted to 8x10 | Signature 9x12 / Black,9x12,Picture Frame,,,24.99,yes,https://americanflat.com/products/picture-frame-with-mat-engineered-wood-shatter-resistant-glass-wall-art,shopify_US_8396449546310_45042150015046
variant size vs title size,the title also names 11x14 (the parent listing's size); the variant actually sold here is 16x20,11x14 | Black | Picture Frame | Matted to 8x10 | Soho 16x20 / Black,16x20,Picture Frame,00198301003445,,14.99,yes,https://americanflat.com/products/picture-frame-gallery-style-with-mat-protective-glass-wall-art-display,shopify_US_8396554895430_45042291146822
variant size vs title size,the title also names 11x14 (the parent listing's size); the variant actually sold here is 16x20,11x14 | Black | Picture Frame | Matted to 8x10 | Soho 16x20 / White,16x20,Picture Frame,00198301003469,,14.99,yes,https://americanflat.com/products/picture-frame-gallery-style-with-mat-protective-glass-wall-art-display,shopify_US_8396554895430_45042291179590
variant size vs title size,the title also names 11x14 (the parent listing's size); the variant actually sold here is 20x28,11x14 | Black | Picture Frame | Matted to 8x10 | Soho 20x28 / Black,20x28,Picture Frame,00198301003544,,36.99,no,https://americanflat.com/products/picture-frame-gallery-style-with-mat-protective-glass-wall-art-display,shopify_US_8396554895430_45042291277894
variant size vs title size,the title also names 11x14 (the parent listing's size); the variant actually sold here is 22x28,11x14 | Black | Picture Frame | Matted to 8x10 | Soho 22x28 / Black,22x28,Picture Frame,00198301003575,,14.99,yes,https://americanflat.com/products/picture-frame-gallery-style-with-mat-protective-glass-wall-art-display,shopify_US_8396554895430_45042291343430
variant size vs title size,the title also names 11x14 (the parent listing's size); the variant actually sold here is 24x36,11x14 | Black | Picture Frame | Matted to 8x10 | Soho 24x36 / Black,24x36,Picture Frame,00198301003605,,14.99,yes,https://americanflat.com/products/picture-frame-gallery-style-with-mat-protective-glass-wall-art-display,shopify_US_8396554895430_45042291408966
variant size vs title size,the title also names 11x14 (the parent listing's size); the variant actually sold here is 28x40,11x14 | Black | Picture Frame | Matted to 8x10 | Soho 28x40 / Black,28x40,Picture Frame,00198301003629,,80.99,yes,https://americanflat.com/products/picture-frame-gallery-style-with-mat-protective-glass-wall-art-display,shopify_US_8396554895430_45042291474502
variant size vs title size,the title also names 11x14 (the parent listing's size); the variant actually sold here is 5x7,11x14 | Black | Picture Frame | Matted to 8x10 | Soho 5x7 / Black,5x7,Picture Frame,00198301003162,,10.99,yes,https://americanflat.com/products/picture-frame-gallery-style-with-mat-protective-glass-wall-art-display,shopify_US_8396554895430_45042290819142
variant size vs title size,the title also names 11x14 (the parent listing's size); the variant actually sold here is 6x8,11x14 | Black | Picture Frame | Matted to 8x10 | Soho 6x8 / Black,6x8,Picture Frame,00198301003193,,26.99,yes,https://americanflat.com/products/picture-frame-gallery-style-with-mat-protective-glass-wall-art-display,shopify_US_8396554895430_45042290851910
variant size vs title size,the title also names 11x14 (the parent listing's size); the variant actually sold here is 8x10,11x14 | Black | Picture Frame | Matted to 8x10 | Soho 8x10 / Black,8x10,Picture Frame,00198301003230,,14.99,yes,https://americanflat.com/products/picture-frame-gallery-style-with-mat-protective-glass-wall-art-display,shopify_US_8396554895430_45042290917446
variant size vs title size,the title also names 11x14 (the parent listing's size); the variant actually sold here is 8x10,11x14 | Black | Picture Frame | Matted to 8x10 | Soho 8x10 / White,8x10,Picture Frame,00198301003254,,12.99,no,https://americanflat.com/products/picture-frame-gallery-style-with-mat-protective-glass-wall-art-display,shopify_US_8396554895430_45042290950214
variant size vs title size,the title also names 11x14 (the parent listing's size); the variant actually sold here is 8x8,11x14 | Black | Picture Frame | Matted to 8x10 | Soho 8x8 / Black,8x8,Picture Frame,00198301003209,,14.99,yes,https://americanflat.com/products/picture-frame-gallery-style-with-mat-protective-glass-wall-art-display,shopify_US_8396554895430_45042290884678
variant size vs title size,the title also names 11x14 (the parent listing's size); the variant actually sold here is 11x17,11x14 | Black | Picture Frame | Soho 11x17 / Black,11x17,Picture Frame,00198301003339,,31.99,yes,https://americanflat.com/products/picture-frame-gallery-style-secure-artwork-and-photos-wall-art-decor,shopify_US_8396543852614_45042278105158
variant size vs title size,the title also names 11x14 (the parent listing's size); the variant actually sold here is 11x22,11x14 | Black | Picture Frame | Soho 11x22 / Black,11x22,Picture Frame,00198301003353,,39.99,yes,https://americanflat.com/products/picture-frame-gallery-style-secure-artwork-and-photos-wall-art-decor,shopify_US_8396543852614_45042278170694
variant size vs title size,the title also names 11x14 (the parent listing's size); the variant actually sold here is 12x18,11x14 | Black | Picture Frame | Soho 12x18 / Black,12x18,Picture Frame,00198301003384,,23.99,yes,https://americanflat.com/products/picture-frame-gallery-style-secure-artwork-and-photos-wall-art-decor,shopify_US_8396543852614_45042277580870
variant size vs title size,the title also names 11x14 (the parent listing's size); the variant actually sold here is 16x20,11x14 | Black | Picture Frame | Soho 16x20 / Black,16x20,Picture Frame,00198301003438,,42.99,yes,https://americanflat.com/products/picture-frame-gallery-style-secure-artwork-and-photos-wall-art-decor,shopify_US_8396543852614_45042277613638
variant size vs title size,the title also names 11x14 (the parent listing's size); the variant actually sold here is 16x24,11x14 | Black | Picture Frame | Soho 16x24 / Black,16x24,Picture Frame,00198301003476,,47.99,yes,https://americanflat.com/products/picture-frame-gallery-style-secure-artwork-and-photos-wall-art-decor,shopify_US_8396543852614_45042277679174
variant size vs title size,the title also names 11x14 (the parent listing's size); the variant actually sold here is 16x24,11x14 | Black | Picture Frame | Soho 16x24 / White,16x24,Picture Frame,00198301003483,,46.99,yes,https://americanflat.com/products/picture-frame-gallery-style-secure-artwork-and-photos-wall-art-decor,shopify_US_8396543852614_45042277711942
variant size vs title size,the title also names 11x14 (the parent listing's size); the variant actually sold here is 18x24,11x14 | Black | Picture Frame | Soho 18x24 / Black,18x24,Picture Frame,00198301003490,,42.99,yes,https://americanflat.com/products/picture-frame-gallery-style-secure-artwork-and-photos-wall-art-decor,shopify_US_8396543852614_45042277744710
variant size vs title size,the title also names 11x14 (the parent listing's size); the variant actually sold here is 20x28,11x14 | Black | Picture Frame | Soho 20x28 / Black,20x28,Picture Frame,00198301003537,,42.99,yes,https://americanflat.com/products/picture-frame-gallery-style-secure-artwork-and-photos-wall-art-decor,shopify_US_8396543852614_45042277810246
variant size vs title size,the title also names 11x14 (the parent listing's size); the variant actually sold here is 20x30,11x14 | Black | Picture Frame | Soho 20x30 / Black,20x30,Picture Frame,00198301003568,,42.99,yes,https://americanflat.com/products/picture-frame-gallery-style-secure-artwork-and-photos-wall-art-decor,shopify_US_8396543852614_45042277843014
variant size vs title size,the title also names 11x14 (the parent listing's size); the variant actually sold here is 24x36,11x14 | Black | Picture Frame | Soho 24x36 / Black,24x36,Picture Frame,00198301003599,,49.99,no,https://americanflat.com/products/picture-frame-gallery-style-secure-artwork-and-photos-wall-art-decor,shopify_US_8396543852614_45042277875782
variant size vs title size,the title also names 11x14 (the parent listing's size); the variant actually sold here is 5x7,11x14 | Black | Picture Frame | Soho 5x7 / Black,5x7,Picture Frame,00198301003155,,42.99,yes,https://americanflat.com/products/picture-frame-gallery-style-secure-artwork-and-photos-wall-art-decor,shopify_US_8396543852614_45042277449798
variant size vs title size,the title also names 11x14 (the parent listing's size); the variant actually sold here is 8.5x11,11x14 | Black | Picture Frame | Soho 8.5x11 / Black,8.5x11,Picture Frame,00198301003643,,32.99,yes,https://americanflat.com/products/picture-frame-gallery-style-secure-artwork-and-photos-wall-art-decor,shopify_US_8396543852614_45042277908550
variant size vs title size,the title also names 11x14 (the parent listing's size); the variant actually sold here is 8x10,11x14 | Black | Picture Frame | Soho 8x10 / Black,8x10,Picture Frame,00198301003223,,42.99,yes,https://americanflat.com/products/picture-frame-gallery-style-secure-artwork-and-photos-wall-art-decor,shopify_US_8396543852614_45042277482566
variant size vs title size,the title also names 11x14 (the parent listing's size); the variant actually sold here is 8x12,11x14 | Black | Picture Frame | Soho 8x12 / Black,8x12,Picture Frame,00198301003261,,29.99,yes,https://americanflat.com/products/picture-frame-gallery-style-secure-artwork-and-photos-wall-art-decor,shopify_US_8396543852614_45042277515334
variant size vs title size,the title also names 11x14 (the parent listing's size); the variant actually sold here is 16x20,11x14 | Black | Picture Frame | Streamline | Set of 2 16x20 / Black / 2 Pack,16x20,Picture Frame,00198301002356,,34.99,yes,https://americanflat.com/products/11x14-in-black-set-of-2-use-as-8x10-with-mat-or-11x14-frame-without-mat-thin-border-shatter-resistant-glass-vertical-and-horizontal-display-picture-frame_framed-print,shopify_US_7266109718598_44917036744774
variant size vs title size,the title also names 11x14 (the parent listing's size); the variant actually sold here is 18x24,11x14 | Black | Picture Frame | Streamline | Set of 2 18x24 / Black / 2 Pack,18x24,Picture Frame,00198301002363,,31.99,yes,https://americanflat.com/products/11x14-in-black-set-of-2-use-as-8x10-with-mat-or-11x14-frame-without-mat-thin-border-shatter-resistant-glass-vertical-and-horizontal-display-picture-frame_framed-print,shopify_US_7266109718598_44917036777542
variant size vs title size,the title also names 11x14 (the parent listing's size); the variant actually sold here is 5x7,11x14 | Multi colors | Picture Frame | Matted to 8x10 | Hampton | Set of 4 5x7 / Rustic Lodge,5x7,Picture Frame,00659699669885,,35.99,yes,https://americanflat.com/products/picture-frame-4-pack-with-mat-farmhouse-wall-decor-protective-glass,shopify_US_8396651200582_45042388271174
variant size vs title size,the title also names 11x14 (the parent listing's size); the variant actually sold here is 8x10,11x14 | Multi colors | Picture Frame | Matted to 8x10 | Hampton | Set of 4 8x10 / Rustic Lodge,8x10,Picture Frame,00659699899152,,45.99,yes,https://americanflat.com/products/picture-frame-4-pack-with-mat-farmhouse-wall-decor-protective-glass,shopify_US_8396651200582_45042388336710
variant size vs title size,the title also names 11x14 (the parent listing's size); the variant actually sold here is 12x18,11x14 | Navy | Picture Frame | Hampton 12x18 / Red,12x18,Picture Frame,00198301008266,,39.99,yes,https://americanflat.com/products/picture-frame-rustic-textured-wood-shatter-resistant-glass-easel-back,shopify_US_8398416347206_45047503224902
variant size vs title size,the title also names 11x14 (the parent listing's size); the variant actually sold here is 10x10,11x14 | White | Picture Frame | Matted to 2x3 | Streamline 10x10 / Black / 4x4,10x10,Picture Frame,00198301386814,,11.99,yes,https://americanflat.com/products/thin-border-picture-frame-shatter-resistant-plexiglass-wall-art-display,shopify_US_8423982760006_45167810576454
variant size vs title size,the title also names 11x14 (the parent listing's size); the variant actually sold here is 10x10,11x14 | White | Picture Frame | Matted to 2x3 | Streamline 10x10 / White / 4x4,10x10,Picture Frame,00198301386821,,11.99,yes,https://americanflat.com/products/thin-border-picture-frame-shatter-resistant-plexiglass-wall-art-display,shopify_US_8423982760006_45167810543686
variant size vs title size,the title also names 11x14 (the parent listing's size); the variant actually sold here is 12x16,11x14 | White | Picture Frame | Matted to 2x3 | Streamline 12x16 / Black / 4x6,12x16,Picture Frame,00810131997861,,15.99,yes,https://americanflat.com/products/thin-border-picture-frame-shatter-resistant-plexiglass-wall-art-display,shopify_US_8423982760006_45167808872518
variant size vs title size,the title also names 11x14 (the parent listing's size); the variant actually sold here is 12x16,11x14 | White | Picture Frame | Matted to 2x3 | Streamline 12x16 / Gold / 4x6,12x16,Picture Frame,00810131997885,,16.99,yes,https://americanflat.com/products/thin-border-picture-frame-shatter-resistant-plexiglass-wall-art-display,shopify_US_8423982760006_45167808905286
variant size vs title size,the title also names 11x14 (the parent listing's size); the variant actually sold here is 12x16,11x14 | White | Picture Frame | Matted to 2x3 | Streamline 12x16 / Silver / 4x6,12x16,Picture Frame,00810131997892,,16.99,yes,https://americanflat.com/products/thin-border-picture-frame-shatter-resistant-plexiglass-wall-art-display,shopify_US_8423982760006_45167808938054
variant size vs title size,the title also names 11x14 (the parent listing's size); the variant actually sold here is 12x16,11x14 | White | Picture Frame | Matted to 2x3 | Streamline 12x16 / White / 4x6,12x16,Picture Frame,00810131997908,,9.99,yes,https://americanflat.com/products/thin-border-picture-frame-shatter-resistant-plexiglass-wall-art-display,shopify_US_8423982760006_45167808970822
variant size vs title size,the title also names 11x14 (the parent listing's size); the variant actually sold here is 14x14,11x14 | White | Picture Frame | Matted to 2x3 | Streamline 14x14 / Black / 4x6,14x14,Picture Frame,00810131997915,,17.99,yes,https://americanflat.com/products/thin-border-picture-frame-shatter-resistant-plexiglass-wall-art-display,shopify_US_8423982760006_45167809003590
variant size vs title size,the title also names 11x14 (the parent listing's size); the variant actually sold here is 14x14,11x14 | White | Picture Frame | Matted to 2x3 | Streamline 14x14 / Black / 4x6 Black,14x14,Picture Frame,00198301387835,,19.99,yes,https://americanflat.com/products/thin-border-picture-frame-shatter-resistant-plexiglass-wall-art-display,shopify_US_8423982760006_45167811067974
variant size vs title size,the title also names 11x14 (the parent listing's size); the variant actually sold here is 14x14,11x14 | White | Picture Frame | Matted to 2x3 | Streamline 14x14 / Gold / 4x6,14x14,Picture Frame,00810131997939,,19.99,yes,https://americanflat.com/products/thin-border-picture-frame-shatter-resistant-plexiglass-wall-art-display,shopify_US_8423982760006_45167809036358
variant size vs title size,the title also names 11x14 (the parent listing's size); the variant actually sold here is 14x18,11x14 | White | Picture Frame | Matted to 2x3 | Streamline 14x18 / Black / 5x7,14x18,Picture Frame,00810131997960,,19.99,yes,https://americanflat.com/products/thin-border-picture-frame-shatter-resistant-plexiglass-wall-art-display,shopify_US_8423982760006_45167809790022
variant size vs title size,the title also names 11x14 (the parent listing's size); the variant actually sold here is 14x18,11x14 | White | Picture Frame | Matted to 2x3 | Streamline 14x18 / Gold / 5x7,14x18,Picture Frame,00810131997984,,21.99,yes,https://americanflat.com/products/thin-border-picture-frame-shatter-resistant-plexiglass-wall-art-display,shopify_US_8423982760006_45167809134662
variant size vs title size,the title also names 11x14 (the parent listing's size); the variant actually sold here is 14x18,11x14 | White | Picture Frame | Matted to 2x3 | Streamline 14x18 / Silver / 5x7,14x18,Picture Frame,00810131997991,,21.99,yes,https://americanflat.com/products/thin-border-picture-frame-shatter-resistant-plexiglass-wall-art-display,shopify_US_8423982760006_45167809167430
variant size vs title size,the title also names 11x14 (the parent listing's size); the variant actually sold here is 14x18,11x14 | White | Picture Frame | Matted to 2x3 | Streamline 14x18 / White / 5x7,14x18,Picture Frame,00810131998004,,20.99,yes,https://americanflat.com/products/thin-border-picture-frame-shatter-resistant-plexiglass-wall-art-display,shopify_US_8423982760006_45167809822790
variant size vs title size,the title also names 11x14 (the parent listing's size); the variant actually sold here is 16x16,11x14 | White | Picture Frame | Matted to 2x3 | Streamline 16x16 / Black / 5x7,16x16,Picture Frame,00810131998011,,19.99,yes,https://americanflat.com/products/thin-border-picture-frame-shatter-resistant-plexiglass-wall-art-display,shopify_US_8423982760006_45167810445382
variant size vs title size,the title also names 11x14 (the parent listing's size); the variant actually sold here is 16x16,11x14 | White | Picture Frame | Matted to 2x3 | Streamline 16x16 / Black / 5x7 Black,16x16,Picture Frame,00198301387842,,21.99,yes,https://americanflat.com/products/thin-border-picture-frame-shatter-resistant-plexiglass-wall-art-display,shopify_US_8423982760006_45167811035206
variant size vs title size,the title also names 11x14 (the parent listing's size); the variant actually sold here is 16x16,11x14 | White | Picture Frame | Matted to 2x3 | Streamline 16x16 / Gold / 5x7,16x16,Picture Frame,00810131998035,,19.99,yes,https://americanflat.com/products/thin-border-picture-frame-shatter-resistant-plexiglass-wall-art-display,shopify_US_8423982760006_45167809200198
variant size vs title size,the title also names 11x14 (the parent listing's size); the variant actually sold here is 16x16,11x14 | White | Picture Frame | Matted to 2x3 | Streamline 16x16 / Silver / 5x7,16x16,Picture Frame,00810131998042,,19.99,yes,https://americanflat.com/products/thin-border-picture-frame-shatter-resistant-plexiglass-wall-art-display,shopify_US_8423982760006_45167809232966
variant size vs title size,the title also names 11x14 (the parent listing's size); the variant actually sold here is 16x20,11x14 | White | Picture Frame | Matted to 2x3 | Streamline 16x20 / Black / 6x8,16x20,Picture Frame,00810131998066,,21.99,yes,https://americanflat.com/products/thin-border-picture-frame-shatter-resistant-plexiglass-wall-art-display,shopify_US_8423982760006_45167809298502
variant size vs title size,the title also names 11x14 (the parent listing's size); the variant actually sold here is 16x20,11x14 | White | Picture Frame | Matted to 2x3 | Streamline 16x20 / Gold / 6x8,16x20,Picture Frame,00810131998080,,24.99,yes,https://americanflat.com/products/thin-border-picture-frame-shatter-resistant-plexiglass-wall-art-display,shopify_US_8423982760006_45167809331270
variant size vs title size,the title also names 11x14 (the parent listing's size); the variant actually sold here is 16x20,11x14 | White | Picture Frame | Matted to 2x3 | Streamline 16x20 / Silver / 6x8,16x20,Picture Frame,00810131998097,,24.99,yes,https://americanflat.com/products/thin-border-picture-frame-shatter-resistant-plexiglass-wall-art-display,shopify_US_8423982760006_45167809364038
variant size vs title size,the title also names 11x14 (the parent listing's size); the variant actually sold here is 16x20,11x14 | White | Picture Frame | Matted to 2x3 | Streamline 16x20 / White / 6x8,16x20,Picture Frame,00810131998103,,16.99,yes,https://americanflat.com/products/thin-border-picture-frame-shatter-resistant-plexiglass-wall-art-display,shopify_US_8423982760006_45167809855558
variant size vs title size,the title also names 11x14 (the parent listing's size); the variant actually sold here is 16x24,11x14 | White | Picture Frame | Matted to 2x3 | Streamline 16x24 / White / 8x12,16x24,Picture Frame,00198301386838,,24.99,yes,https://americanflat.com/products/thin-border-picture-frame-shatter-resistant-plexiglass-wall-art-display,shopify_US_8423982760006_45167810412614
variant size vs title size,the title also names 11x14 (the parent listing's size); the variant actually sold here is 18x18,11x14 | White | Picture Frame | Matted to 2x3 | Streamline 18x18 / Black / 8.5x11,18x18,Picture Frame,00198301386883,,24.99,yes,https://americanflat.com/products/thin-border-picture-frame-shatter-resistant-plexiglass-wall-art-display,shopify_US_8423982760006_45167810347078
variant size vs title size,the title also names 11x14 (the parent listing's size); the variant actually sold here is 18x18,11x14 | White | Picture Frame | Matted to 2x3 | Streamline 18x18 / Black / 8x8,18x18,Picture Frame,00198301202725,,23.99,yes,https://americanflat.com/products/thin-border-picture-frame-shatter-resistant-plexiglass-wall-art-display,shopify_US_8423982760006_45167810084934
variant size vs title size,the title also names 11x14 (the parent listing's size); the variant actually sold here is 18x18,11x14 | White | Picture Frame | Matted to 2x3 | Streamline 18x18 / White / 8.5x11,18x18,Picture Frame,00198301386951,,24.99,yes,https://americanflat.com/products/thin-border-picture-frame-shatter-resistant-plexiglass-wall-art-display,shopify_US_8423982760006_45167810281542
variant size vs title size,the title also names 11x14 (the parent listing's size); the variant actually sold here is 18x18,11x14 | White | Picture Frame | Matted to 2x3 | Streamline 18x18 / White / 8x8,18x18,Picture Frame,00198301386852,,24.99,yes,https://americanflat.com/products/thin-border-picture-frame-shatter-resistant-plexiglass-wall-art-display,shopify_US_8423982760006_45167810379846
variant size vs title size,the title also names 11x14 (the parent listing's size); the variant actually sold here is 18x24,11x14 | White | Picture Frame | Matted to 2x3 | Streamline 18x24 / Black / 8x10,18x24,Picture Frame,00810131998110,,24.99,yes,https://americanflat.com/products/thin-border-picture-frame-shatter-resistant-plexiglass-wall-art-display,shopify_US_8423982760006_45167809888326
variant size vs title size,the title also names 11x14 (the parent listing's size); the variant actually sold here is 18x24,11x14 | White | Picture Frame | Matted to 2x3 | Streamline 18x24 / Black / 8x10 Black,18x24,Picture Frame,00198301387866,,31.99,yes,https://americanflat.com/products/thin-border-picture-frame-shatter-resistant-plexiglass-wall-art-display,shopify_US_8423982760006_45167810969670
variant size vs title size,the title also names 11x14 (the parent listing's size); the variant actually sold here is 18x24,11x14 | White | Picture Frame | Matted to 2x3 | Streamline 18x24 / Gold / 8x10,18x24,Picture Frame,00810131998134,,26.99,yes,https://americanflat.com/products/thin-border-picture-frame-shatter-resistant-plexiglass-wall-art-display,shopify_US_8423982760006_45167809396806
variant size vs title size,the title also names 11x14 (the parent listing's size); the variant actually sold here is 18x24,11x14 | White | Picture Frame | Matted to 2x3 | Streamline 18x24 / Silver / 8x10,18x24,Picture Frame,00810131998141,,26.99,yes,https://americanflat.com/products/thin-border-picture-frame-shatter-resistant-plexiglass-wall-art-display,shopify_US_8423982760006_45167809429574
variant size vs title size,the title also names 11x14 (the parent listing's size); the variant actually sold here is 20x20,11x14 | White | Picture Frame | Matted to 2x3 | Streamline 20x20 / Black / 10x10,20x20,Picture Frame,00198301386920,,27.99,yes,https://americanflat.com/products/thin-border-picture-frame-shatter-resistant-plexiglass-wall-art-display,shopify_US_8423982760006_45167810314310
variant size vs title size,the title also names 11x14 (the parent listing's size); the variant actually sold here is 20x20,11x14 | White | Picture Frame | Matted to 2x3 | Streamline 20x20 / Black / 8x10,20x20,Picture Frame,00810131998165,,29.99,yes,https://americanflat.com/products/thin-border-picture-frame-shatter-resistant-plexiglass-wall-art-display,shopify_US_8423982760006_45167809495110
variant size vs title size,the title also names 11x14 (the parent listing's size); the variant actually sold here is 20x20,11x14 | White | Picture Frame | Matted to 2x3 | Streamline 20x20 / Black / 8x10 Black,20x20,Picture Frame,00198301387859,,29.99,yes,https://americanflat.com/products/thin-border-picture-frame-shatter-resistant-plexiglass-wall-art-display,shopify_US_8423982760006_45167811002438
variant size vs title size,the title also names 11x14 (the parent listing's size); the variant actually sold here is 20x20,11x14 | White | Picture Frame | Matted to 2x3 | Streamline 20x20 / Silver / 8x10,20x20,Picture Frame,00810131998196,,29.99,yes,https://americanflat.com/products/thin-border-picture-frame-shatter-resistant-plexiglass-wall-art-display,shopify_US_8423982760006_45167809560646
variant size vs title size,the title also names 11x14 (the parent listing's size); the variant actually sold here is 20x20,11x14 | White | Picture Frame | Matted to 2x3 | Streamline 20x20 / White / 10x10,20x20,Picture Frame,00198301386999,,27.99,yes,https://americanflat.com/products/thin-border-picture-frame-shatter-resistant-plexiglass-wall-art-display,shopify_US_8423982760006_45167810248774
variant size vs title size,the title also names 11x14 (the parent listing's size); the variant actually sold here is 20x20,11x14 | White | Picture Frame | Matted to 2x3 | Streamline 20x20 / White / 8x10,20x20,Picture Frame,00810131998202,,26.99,yes,https://americanflat.com/products/thin-border-picture-frame-shatter-resistant-plexiglass-wall-art-display,shopify_US_8423982760006_45167809593414
variant size vs title size,the title also names 11x14 (the parent listing's size); the variant actually sold here is 20x26,11x14 | White | Picture Frame | Matted to 2x3 | Streamline 20x26 / Black / 11x14,20x26,Picture Frame,00810131998219,,29.99,yes,https://americanflat.com/products/thin-border-picture-frame-shatter-resistant-plexiglass-wall-art-display,shopify_US_8423982760006_45167809921094
variant size vs title size,the title also names 11x14 (the parent listing's size); the variant actually sold here is 20x26,11x14 | White | Picture Frame | Matted to 2x3 | Streamline 20x26 / Black / 11x14 Black,20x26,Picture Frame,00198301387873,,34.99,yes,https://americanflat.com/products/thin-border-picture-frame-shatter-resistant-plexiglass-wall-art-display,shopify_US_8423982760006_45167810936902
variant size vs title size,the title also names 11x14 (the parent listing's size); the variant actually sold here is 20x26,11x14 | White | Picture Frame | Matted to 2x3 | Streamline 20x26 / Gold / 11x14,20x26,Picture Frame,00810131998233,,32.99,yes,https://americanflat.com/products/thin-border-picture-frame-shatter-resistant-plexiglass-wall-art-display,shopify_US_8423982760006_45167809626182
variant size vs title size,the title also names 11x14 (the parent listing's size); the variant actually sold here is 20x26,11x14 | White | Picture Frame | Matted to 2x3 | Streamline 20x26 / Silver / 11x14,20x26,Picture Frame,00810131998240,,32.99,yes,https://americanflat.com/products/thin-border-picture-frame-shatter-resistant-plexiglass-wall-art-display,shopify_US_8423982760006_45167809658950
variant size vs title size,the title also names 11x14 (the parent listing's size); the variant actually sold here is 20x26,11x14 | White | Picture Frame | Matted to 2x3 | Streamline 20x26 / White / 11x14,20x26,Picture Frame,00810131998257,,29.99,yes,https://americanflat.com/products/thin-border-picture-frame-shatter-resistant-plexiglass-wall-art-display,shopify_US_8423982760006_45167809953862
variant size vs title size,the title also names 11x14 (the parent listing's size); the variant actually sold here is 22x28,11x14 | White | Picture Frame | Matted to 2x3 | Streamline 22x28 / Black / 11x17,22x28,Picture Frame,00198301386906,,37.99,yes,https://americanflat.com/products/thin-border-picture-frame-shatter-resistant-plexiglass-wall-art-display,shopify_US_8423982760006_45167810740294
variant size vs title size,the title also names 11x14 (the parent listing's size); the variant actually sold here is 22x28,11x14 | White | Picture Frame | Matted to 2x3 | Streamline 22x28 / Black / 12x16,22x28,Picture Frame,00198301386913,,37.99,yes,https://americanflat.com/products/thin-border-picture-frame-shatter-resistant-plexiglass-wall-art-display,shopify_US_8423982760006_45167810773062
variant size vs title size,the title also names 11x14 (the parent listing's size); the variant actually sold here is 22x28,11x14 | White | Picture Frame | Matted to 2x3 | Streamline 22x28 / White / 11x17,22x28,Picture Frame,00198301386975,,37.99,yes,https://americanflat.com/products/thin-border-picture-frame-shatter-resistant-plexiglass-wall-art-display,shopify_US_8423982760006_45167810838598
variant size vs title size,the title also names 11x14 (the parent listing's size); the variant actually sold here is 22x28,11x14 | White | Picture Frame | Matted to 2x3 | Streamline 22x28 / White / 12x16,22x28,Picture Frame,00198301386982,,37.99,yes,https://americanflat.com/products/thin-border-picture-frame-shatter-resistant-plexiglass-wall-art-display,shopify_US_8423982760006_45167810871366
variant size vs title size,the title also names 11x14 (the parent listing's size); the variant actually sold here is 24x24,11x14 | White | Picture Frame | Matted to 2x3 | Streamline 24x24 / Black / 11x14,24x24,Picture Frame,00810131998264,,32.99,yes,https://americanflat.com/products/thin-border-picture-frame-shatter-resistant-plexiglass-wall-art-display,shopify_US_8423982760006_45167809691718
variant size vs title size,the title also names 11x14 (the parent listing's size); the variant actually sold here is 24x24,11x14 | White | Picture Frame | Matted to 2x3 | Streamline 24x24 / Black / 11x14 Black,24x24,Picture Frame,00198301387880,,39.99,yes,https://americanflat.com/products/thin-border-picture-frame-shatter-resistant-plexiglass-wall-art-display,shopify_US_8423982760006_45167810904134
variant size vs title size,the title also names 11x14 (the parent listing's size); the variant actually sold here is 24x24,11x14 | White | Picture Frame | Matted to 2x3 | Streamline 24x24 / Black / 12x12,24x24,Picture Frame,00198301202718,,32.99,yes,https://americanflat.com/products/thin-border-picture-frame-shatter-resistant-plexiglass-wall-art-display,shopify_US_8423982760006_45167810183238
variant size vs title size,the title also names 11x14 (the parent listing's size); the variant actually sold here is 24x24,11x14 | White | Picture Frame | Matted to 2x3 | Streamline 24x24 / Gold / 11x14,24x24,Picture Frame,00810131998288,,34.99,yes,https://americanflat.com/products/thin-border-picture-frame-shatter-resistant-plexiglass-wall-art-display,shopify_US_8423982760006_45167809724486
variant size vs title size,the title also names 11x14 (the parent listing's size); the variant actually sold here is 24x24,11x14 | White | Picture Frame | Matted to 2x3 | Streamline 24x24 / Silver / 11x14,24x24,Picture Frame,00810131998295,,34.99,yes,https://americanflat.com/products/thin-border-picture-frame-shatter-resistant-plexiglass-wall-art-display,shopify_US_8423982760006_45167809757254
variant size vs title size,the title also names 11x14 (the parent listing's size); the variant actually sold here is 24x24,11x14 | White | Picture Frame | Matted to 2x3 | Streamline 24x24 / White / 11x14,24x24,Picture Frame,00810131998301,,32.99,yes,https://americanflat.com/products/thin-border-picture-frame-shatter-resistant-plexiglass-wall-art-display,shopify_US_8423982760006_45167809986630
variant size vs title size,the title also names 11x14 (the parent listing's size); the variant actually sold here is 24x24,11x14 | White | Picture Frame | Matted to 2x3 | Streamline 24x24 / White / 12x12,24x24,Picture Frame,00198301386845,,32.99,yes,https://americanflat.com/products/thin-border-picture-frame-shatter-resistant-plexiglass-wall-art-display,shopify_US_8423982760006_45167810609222
variant size vs title size,the title also names 11x14 (the parent listing's size); the variant actually sold here is 24x30,11x14 | White | Picture Frame | Matted to 2x3 | Streamline 24x30 / Black / 13x19,24x30,Picture Frame,00198301386890,,44.99,yes,https://americanflat.com/products/thin-border-picture-frame-shatter-resistant-plexiglass-wall-art-display,shopify_US_8423982760006_45167810641990
variant size vs title size,the title also names 11x14 (the parent listing's size); the variant actually sold here is 24x30,11x14 | White | Picture Frame | Matted to 2x3 | Streamline 24x30 / Black / 14x17,24x30,Picture Frame,00198301386869,,44.99,yes,https://americanflat.com/products/thin-border-picture-frame-shatter-resistant-plexiglass-wall-art-display,shopify_US_8423982760006_45167810707526
variant size vs title size,the title also names 11x14 (the parent listing's size); the variant actually sold here is 24x30,11x14 | White | Picture Frame | Matted to 2x3 | Streamline 24x30 / Black / 9x12,24x30,Picture Frame,00198301202732,,33.99,yes,https://americanflat.com/products/thin-border-picture-frame-shatter-resistant-plexiglass-wall-art-display,shopify_US_8423982760006_45167810216006
variant size vs title size,the title also names 11x14 (the parent listing's size); the variant actually sold here is 24x30,11x14 | White | Picture Frame | Matted to 2x3 | Streamline 24x30 / White / 13x19,24x30,Picture Frame,00198301386968,,44.99,yes,https://americanflat.com/products/thin-border-picture-frame-shatter-resistant-plexiglass-wall-art-display,shopify_US_8423982760006_45167810674758
variant size vs title size,the title also names 11x14 (the parent listing's size); the variant actually sold here is 24x30,11x14 | White | Picture Frame | Matted to 2x3 | Streamline 24x30 / White / 14x17,24x30,Picture Frame,00198301386937,,44.99,yes,https://americanflat.com/products/thin-border-picture-frame-shatter-resistant-plexiglass-wall-art-display,shopify_US_8423982760006_45167810805830
variant size vs title size,the title also names 11x14 (the parent listing's size); the variant actually sold here is 11x15,11x14 | White | Picture Frame | Matted to 8x10 | Galleria | Set of 5 11x15 / Black,11x15,Picture Frame,,,54.99,yes,https://americanflat.com/products/americanflat-multi-sizes-picture-frame-in-multi-colors-set-of-5-frames,shopify_US_6999812866118_45042013044806
variant size vs title size,the title also names 11x14 (the parent listing's size); the variant actually sold here is 11x17,11x14 | White | Picture Frame | Matted to 8x10 | Galleria | Set of 5 11x17 / Gold,11x17,Picture Frame,,,53.99,yes,https://americanflat.com/products/americanflat-multi-sizes-picture-frame-in-multi-colors-set-of-5-frames,shopify_US_6999812866118_45042012487750
variant size vs title size,the title also names 11x14 (the parent listing's size); the variant actually sold here is 11x17,11x14 | White | Picture Frame | Matted to 8x10 | Galleria | Set of 5 11x17 / Natural Oak,11x17,Picture Frame,,,56.99,yes,https://americanflat.com/products/americanflat-multi-sizes-picture-frame-in-multi-colors-set-of-5-frames,shopify_US_6999812866118_45042013241414
variant size vs title size,the title also names 11x14 (the parent listing's size); the variant actually sold here is 11x17,11x14 | White | Picture Frame | Matted to 8x10 | Galleria | Set of 5 11x17 / White,11x17,Picture Frame,00810131993016,,42.99,yes,https://americanflat.com/products/americanflat-multi-sizes-picture-frame-in-multi-colors-set-of-5-frames,shopify_US_6999812866118_45190215204934
variant size vs title size,the title also names 11x14 (the parent listing's size); the variant actually sold here is 12x16,11x14 | White | Picture Frame | Matted to 8x10 | Galleria | Set of 5 12x16 / Black,12x16,Picture Frame,,,55.99,yes,https://americanflat.com/products/americanflat-multi-sizes-picture-frame-in-multi-colors-set-of-5-frames,shopify_US_6999812866118_45190215499846
variant size vs title size,the title also names 11x14 (the parent listing's size); the variant actually sold here is 12x16,11x14 | White | Picture Frame | Matted to 8x10 | Galleria | Set of 5 12x16 / Gold,12x16,Picture Frame,,,61.99,yes,https://americanflat.com/products/americanflat-multi-sizes-picture-frame-in-multi-colors-set-of-5-frames,shopify_US_6999812866118_45042012848198
variant size vs title size,the title also names 11x14 (the parent listing's size); the variant actually sold here is 12x18,11x14 | White | Picture Frame | Matted to 8x10 | Galleria | Set of 5 12x18 / Black,12x18,Picture Frame,,,57.99,yes,https://americanflat.com/products/americanflat-multi-sizes-picture-frame-in-multi-colors-set-of-5-frames,shopify_US_6999812866118_45190215401542
variant size vs title size,the title also names 11x14 (the parent listing's size); the variant actually sold here is 12x18,11x14 | White | Picture Frame | Matted to 8x10 | Galleria | Set of 5 12x18 / Gold,12x18,Picture Frame,,,54.99,yes,https://americanflat.com/products/americanflat-multi-sizes-picture-frame-in-multi-colors-set-of-5-frames,shopify_US_6999812866118_45042013012038
variant size vs title size,the title also names 11x14 (the parent listing's size); the variant actually sold here is 12x18,11x14 | White | Picture Frame | Matted to 8x10 | Galleria | Set of 5 12x18 / Silver,12x18,Picture Frame,,,55.99,yes,https://americanflat.com/products/americanflat-multi-sizes-picture-frame-in-multi-colors-set-of-5-frames,shopify_US_6999812866118_45042012749894
variant size vs title size,the title also names 11x14 (the parent listing's size); the variant actually sold here is 13x19,11x14 | White | Picture Frame | Matted to 8x10 | Galleria | Set of 5 13x19 / Black,13x19,Picture Frame,00810131992385,,54.99,yes,https://americanflat.com/products/americanflat-multi-sizes-picture-frame-in-multi-colors-set-of-5-frames,shopify_US_6999812866118_45190215270470
variant size vs title size,the title also names 11x14 (the parent listing's size); the variant actually sold here is 13x19,11x14 | White | Picture Frame | Matted to 8x10 | Galleria | Set of 5 13x19 / Gold,13x19,Picture Frame,,,65.99,yes,https://americanflat.com/products/americanflat-multi-sizes-picture-frame-in-multi-colors-set-of-5-frames,shopify_US_6999812866118_45042013077574
variant size vs title size,the title also names 11x14 (the parent listing's size); the variant actually sold here is 13x19,11x14 | White | Picture Frame | Matted to 8x10 | Galleria | Set of 5 13x19 / Natural Oak,13x19,Picture Frame,,,68.99,yes,https://americanflat.com/products/americanflat-multi-sizes-picture-frame-in-multi-colors-set-of-5-frames,shopify_US_6999812866118_45042012913734
variant size vs title size,the title also names 11x14 (the parent listing's size); the variant actually sold here is 13x19,11x14 | White | Picture Frame | Matted to 8x10 | Galleria | Set of 5 13x19 / White,13x19,Picture Frame,,,62.99,yes,https://americanflat.com/products/americanflat-multi-sizes-picture-frame-in-multi-colors-set-of-5-frames,shopify_US_6999812866118_45190215532614
variant size vs title size,the title also names 11x14 (the parent listing's size); the variant actually sold here is 15x15,11x14 | White | Picture Frame | Matted to 8x10 | Galleria | Set of 5 15x15 / Black,15x15,Picture Frame,,,54.99,yes,https://americanflat.com/products/americanflat-multi-sizes-picture-frame-in-multi-colors-set-of-5-frames,shopify_US_6999812866118_45042012618822
variant size vs title size,the title also names 11x14 (the parent listing's size); the variant actually sold here is 16x20,11x14 | White | Picture Frame | Matted to 8x10 | Galleria | Set of 5 16x20 / Black,16x20,Picture Frame,,,86.99,yes,https://americanflat.com/products/americanflat-multi-sizes-picture-frame-in-multi-colors-set-of-5-frames,shopify_US_6999812866118_45042012946502
variant size vs title size,the title also names 11x14 (the parent listing's size); the variant actually sold here is 7x7,11x14 | White | Picture Frame | Matted to 8x10 | Galleria | Set of 5 7x7 / Black,7x7,Picture Frame,,,36.99,yes,https://americanflat.com/products/americanflat-multi-sizes-picture-frame-in-multi-colors-set-of-5-frames,shopify_US_6999812866118_45042012782662
variant size vs title size,the title also names 11x14 (the parent listing's size); the variant actually sold here is 8x10,11x14 | White | Picture Frame | Matted to 8x10 | Galleria | Set of 5 8x10 / Gold,8x10,Picture Frame,,,42.99,no,https://americanflat.com/products/americanflat-multi-sizes-picture-frame-in-multi-colors-set-of-5-frames,shopify_US_6999812866118_45042012586054
variant size vs title size,the title also names 11x14 (the parent listing's size); the variant actually sold here is 8x10,11x14 | White | Picture Frame | Matted to 8x10 | Galleria | Set of 5 8x10 / Silver,8x10,Picture Frame,,,42.99,yes,https://americanflat.com/products/americanflat-multi-sizes-picture-frame-in-multi-colors-set-of-5-frames,shopify_US_6999812866118_45042012880966
variant size vs title size,the title also names 11x14 (the parent listing's size); the variant actually sold here is 8x12,11x14 | White | Picture Frame | Matted to 8x10 | Galleria | Set of 5 8x12 / Black,8x12,Picture Frame,00810131992446,,35.99,yes,https://americanflat.com/products/americanflat-multi-sizes-picture-frame-in-multi-colors-set-of-5-frames,shopify_US_6999812866118_45190215368774
variant size vs title size,the title also names 11x14 (the parent listing's size); the variant actually sold here is 8x12,11x14 | White | Picture Frame | Matted to 8x10 | Galleria | Set of 5 8x12 / Gold,8x12,Picture Frame,,,43.99,no,https://americanflat.com/products/americanflat-multi-sizes-picture-frame-in-multi-colors-set-of-5-frames,shopify_US_6999812866118_45042013372486
variant size vs title size,the title also names 11x14 (the parent listing's size); the variant actually sold here is 8x12,11x14 | White | Picture Frame | Matted to 8x10 | Galleria | Set of 5 8x12 / Natural Oak,8x12,Picture Frame,,,43.99,yes,https://americanflat.com/products/americanflat-multi-sizes-picture-frame-in-multi-colors-set-of-5-frames,shopify_US_6999812866118_45042013274182
variant size vs title size,the title also names 11x14 (the parent listing's size); the variant actually sold here is 8x12,11x14 | White | Picture Frame | Matted to 8x10 | Galleria | Set of 5 8x12 / White,8x12,Picture Frame,00810131992453,,35.99,yes,https://americanflat.com/products/americanflat-multi-sizes-picture-frame-in-multi-colors-set-of-5-frames,shopify_US_6999812866118_45190215336006
variant size vs title size,the title also names 11x14 (the parent listing's size); the variant actually sold here is 9x12,11x14 | White | Picture Frame | Matted to 8x10 | Galleria | Set of 5 9x12 / Black,9x12,Picture Frame,,,44.99,yes,https://americanflat.com/products/americanflat-multi-sizes-picture-frame-in-multi-colors-set-of-5-frames,shopify_US_6999812866118_45190215434310
variant size vs title size,the title also names 11x14 (the parent listing's size); the variant actually sold here is 9x12,11x14 | White | Picture Frame | Matted to 8x10 | Galleria | Set of 5 9x12 / Gold,9x12,Picture Frame,,,46.99,yes,https://americanflat.com/products/americanflat-multi-sizes-picture-frame-in-multi-colors-set-of-5-frames,shopify_US_6999812866118_45042012717126
variant size vs title size,the title also names 11x14 (the parent listing's size); the variant actually sold here is 9x12,11x14 | White | Picture Frame | Matted to 8x10 | Galleria | Set of 5 9x12 / Natural Oak,9x12,Picture Frame,,,46.99,yes,https://americanflat.com/products/americanflat-multi-sizes-picture-frame-in-multi-colors-set-of-5-frames,shopify_US_6999812866118_45042012553286
variant size vs title size,the title also names 11x14 (the parent listing's size); the variant actually sold here is 4x6,11x14 | White | Picture Frame | Signature Black / 4x6 / 2 Pk,4x6,Picture Frame,,,11.99,no,https://americanflat.com/products/picture-frame-classic-molding-signature-collection-americanflat,shopify_US_8423985905734_45211542028358
variant size vs title size,the title also names 11x20 (the parent listing's size); the variant actually sold here is 30x30,11x20 | Picture Frame | Black | Modern - Premium Quality Black / 30x30,30x30,Picture Frame,00810131990879,,52.99,yes,https://americanflat.com/products/modern-wall-hanging-poster-frame-for-horizontal-or-vertical-photo-display-formats,shopify_US_7295437144134_43818592829510
variant size vs title size,the title also names 11x20 (the parent listing's size); the variant actually sold here is 30x40,11x20 | Picture Frame | Black | Modern - Premium Quality Black / 30x40,30x40,Picture Frame,00810131990862,,59.99,yes,https://americanflat.com/products/modern-wall-hanging-poster-frame-for-horizontal-or-vertical-photo-display-formats,shopify_US_7295437144134_43818592862278
variant size vs title size,the title also names 11x20 (the parent listing's size); the variant actually sold here is 22x28,11x20 | Picture Frame | Black | Modern - Premium Quality White / 22x28,22x28,Picture Frame,00198301000512,,29.99,yes,https://americanflat.com/products/modern-wall-hanging-poster-frame-for-horizontal-or-vertical-photo-display-formats,shopify_US_7295437144134_43818593124422
variant size vs title size,the title also names 12.5x15 (the parent listing's size); the variant actually sold here is 16.5x16.5,12.5x15 | Diploma Frame | Black | Modern - Premium Quality 16.5x16.5 / Black,16.5x16.5,Picture Frame,00198301001779,,29.99,yes,https://americanflat.com/products/floating-picture-frame-without-mat,shopify_US_7976732786758_43893434941510
variant size vs title size,the title also names 12x17 (the parent listing's size); the variant actually sold here is 12x24,12x17 | Picture Frame | Black | Modern - Premium Quality 12x24 / Black,12x24,Poster Frame,00810131996079,,26.99,yes,https://americanflat.com/products/poster-frame-photo-frame-with-engineered-wood-frame-and-polished-plexiglass-cover-horizontal-and-vertical-formats-for-wall,shopify_US_7304710160454_41112753242182
variant size vs title size,the title also names 12x17 (the parent listing's size); the variant actually sold here is 13x16,12x17 | Picture Frame | Black | Modern - Premium Quality 13x16 / Black,13x16,Poster Frame,00810131996130,,19.99,yes,https://americanflat.com/products/poster-frame-photo-frame-with-engineered-wood-frame-and-polished-plexiglass-cover-horizontal-and-vertical-formats-for-wall,shopify_US_7304710160454_41112753274950
variant size vs title size,the title also names 12x17 (the parent listing's size); the variant actually sold here is 13x18,12x17 | Picture Frame | Black | Modern - Premium Quality 13x18 / Black,13x18,Poster Frame,00810131996154,,19.99,yes,https://americanflat.com/products/poster-frame-photo-frame-with-engineered-wood-frame-and-polished-plexiglass-cover-horizontal-and-vertical-formats-for-wall,shopify_US_7304710160454_41112753340486
variant size vs title size,the title also names 12x17 (the parent listing's size); the variant actually sold here is 13x21,12x17 | Picture Frame | Black | Modern - Premium Quality 13x21 / Black,13x21,Poster Frame,00810131998592,,31.99,no,https://americanflat.com/products/poster-frame-photo-frame-with-engineered-wood-frame-and-polished-plexiglass-cover-horizontal-and-vertical-formats-for-wall,shopify_US_7304710160454_41112754585670
variant size vs title size,the title also names 12x17 (the parent listing's size); the variant actually sold here is 13x22,12x17 | Picture Frame | Black | Modern - Premium Quality 13x22 / Black,13x22,Poster Frame,00810131998608,,31.99,yes,https://americanflat.com/products/poster-frame-photo-frame-with-engineered-wood-frame-and-polished-plexiglass-cover-horizontal-and-vertical-formats-for-wall,shopify_US_7304710160454_41112754618438
variant size vs title size,the title also names 12x17 (the parent listing's size); the variant actually sold here is 13x30,12x17 | Picture Frame | Black | Modern - Premium Quality 13x30 / Black,13x30,Poster Frame,00810131998615,,34.99,yes,https://americanflat.com/products/poster-frame-photo-frame-with-engineered-wood-frame-and-polished-plexiglass-cover-horizontal-and-vertical-formats-for-wall,shopify_US_7304710160454_41112754651206
variant size vs title size,the title also names 12x17 (the parent listing's size); the variant actually sold here is 13x36,12x17 | Picture Frame | Black | Modern - Premium Quality 13x36 / Black,13x36,Poster Frame,00810131998622,,23.99,no,https://americanflat.com/products/poster-frame-photo-frame-with-engineered-wood-frame-and-polished-plexiglass-cover-horizontal-and-vertical-formats-for-wall,shopify_US_7304710160454_41112754683974
variant size vs title size,the title also names 12x17 (the parent listing's size); the variant actually sold here is 14x17,12x17 | Picture Frame | Black | Modern - Premium Quality 14x17 / Black,14x17,Poster Frame,00810131996178,,22.99,yes,https://americanflat.com/products/poster-frame-photo-frame-with-engineered-wood-frame-and-polished-plexiglass-cover-horizontal-and-vertical-formats-for-wall,shopify_US_7304710160454_41112753406022
variant size vs title size,the title also names 12x17 (the parent listing's size); the variant actually sold here is 14x19,12x17 | Picture Frame | Black | Modern - Premium Quality 14x19 / Black,14x19,Poster Frame,00810131998844,,24.99,yes,https://americanflat.com/products/poster-frame-photo-frame-with-engineered-wood-frame-and-polished-plexiglass-cover-horizontal-and-vertical-formats-for-wall,shopify_US_7304710160454_41112754749510
variant size vs title size,the title also names 12x17 (the parent listing's size); the variant actually sold here is 14x20,12x17 | Picture Frame | Black | Modern - Premium Quality 14x20 / Black,14x20,Poster Frame,00810131998851,,25.99,yes,https://americanflat.com/products/poster-frame-photo-frame-with-engineered-wood-frame-and-polished-plexiglass-cover-horizontal-and-vertical-formats-for-wall,shopify_US_7304710160454_41112754782278
variant size vs title size,the title also names 12x17 (the parent listing's size); the variant actually sold here is 14x24,12x17 | Picture Frame | Black | Modern - Premium Quality 14x24 / Black,14x24,Poster Frame,00810131998875,,29.99,yes,https://americanflat.com/products/poster-frame-photo-frame-with-engineered-wood-frame-and-polished-plexiglass-cover-horizontal-and-vertical-formats-for-wall,shopify_US_7304710160454_41112754847814
variant size vs title size,the title also names 12x17 (the parent listing's size); the variant actually sold here is 15x21,12x17 | Picture Frame | Black | Modern - Premium Quality 15x21 / Black,15x21,Poster Frame,00810131996185,,26.99,yes,https://americanflat.com/products/poster-frame-photo-frame-with-engineered-wood-frame-and-polished-plexiglass-cover-horizontal-and-vertical-formats-for-wall,shopify_US_7304710160454_41112753438790
variant size vs title size,the title also names 12x17 (the parent listing's size); the variant actually sold here is 16x16,12x17 | Picture Frame | Black | Modern - Premium Quality 16x16 / Black,16x16,Poster Frame,00810029116596,,21.99,yes,https://americanflat.com/products/poster-frame-photo-frame-with-engineered-wood-frame-and-polished-plexiglass-cover-horizontal-and-vertical-formats-for-wall,shopify_US_7304710160454_41112753471558
variant size vs title size,the title also names 12x17 (the parent listing's size); the variant actually sold here is 16x16,12x17 | Picture Frame | Black | Modern - Premium Quality 16x16 / White,16x16,Poster Frame,00810029116602,,21.99,no,https://americanflat.com/products/poster-frame-photo-frame-with-engineered-wood-frame-and-polished-plexiglass-cover-horizontal-and-vertical-formats-for-wall,shopify_US_7304710160454_41112753504326
variant size vs title size,the title also names 12x17 (the parent listing's size); the variant actually sold here is 16x22,12x17 | Picture Frame | Black | Modern - Premium Quality 16x22 / Black,16x22,Poster Frame,00810131996086,,23.99,yes,https://americanflat.com/products/poster-frame-photo-frame-with-engineered-wood-frame-and-polished-plexiglass-cover-horizontal-and-vertical-formats-for-wall,shopify_US_7304710160454_41112753537094
variant size vs title size,the title also names 12x17 (the parent listing's size); the variant actually sold here is 16x24,12x17 | Picture Frame | Black | Modern - Premium Quality 16x24 / Black,16x24,Poster Frame,00810131990282,,27.99,yes,https://americanflat.com/products/poster-frame-photo-frame-with-engineered-wood-frame-and-polished-plexiglass-cover-horizontal-and-vertical-formats-for-wall,shopify_US_7304710160454_41112753569862
variant size vs title size,the title also names 12x17 (the parent listing's size); the variant actually sold here is 16x25,12x17 | Picture Frame | Black | Modern - Premium Quality 16x25 / Black,16x25,Poster Frame,00810131998905,,34.99,no,https://americanflat.com/products/poster-frame-photo-frame-with-engineered-wood-frame-and-polished-plexiglass-cover-horizontal-and-vertical-formats-for-wall,shopify_US_7304710160454_41112754946118
variant size vs title size,the title also names 12x17 (the parent listing's size); the variant actually sold here is 16x26,12x17 | Picture Frame | Black | Modern - Premium Quality 16x26 / Black,16x26,Poster Frame,00810131998912,,37.99,yes,https://americanflat.com/products/poster-frame-photo-frame-with-engineered-wood-frame-and-polished-plexiglass-cover-horizontal-and-vertical-formats-for-wall,shopify_US_7304710160454_41112754978886
variant size vs title size,the title also names 12x17 (the parent listing's size); the variant actually sold here is 17x17,12x17 | Picture Frame | Black | Modern - Premium Quality 17x17 / Black,17x17,Poster Frame,00850039095061,,25.99,yes,https://americanflat.com/products/poster-frame-photo-frame-with-engineered-wood-frame-and-polished-plexiglass-cover-horizontal-and-vertical-formats-for-wall,shopify_US_7304710160454_41112755142726
variant size vs title size,the title also names 12x17 (the parent listing's size); the variant actually sold here is 17x19,12x17 | Picture Frame | Black | Modern - Premium Quality 17x19 / Black,17x19,Poster Frame,00810131998936,,34.99,yes,https://americanflat.com/products/poster-frame-photo-frame-with-engineered-wood-frame-and-polished-plexiglass-cover-horizontal-and-vertical-formats-for-wall,shopify_US_7304710160454_41112755175494
variant size vs title size,the title also names 12x17 (the parent listing's size); the variant actually sold here is 17x21,12x17 | Picture Frame | Black | Modern - Premium Quality 17x21 / Black,17x21,Poster Frame,00810131996192,,28.99,yes,https://americanflat.com/products/poster-frame-photo-frame-with-engineered-wood-frame-and-polished-plexiglass-cover-horizontal-and-vertical-formats-for-wall,shopify_US_7304710160454_41112755208262
variant size vs title size,the title also names 12x17 (the parent listing's size); the variant actually sold here is 17x23,12x17 | Picture Frame | Black | Modern - Premium Quality 17x23 / Black,17x23,Poster Frame,00810131998943,,28.99,no,https://americanflat.com/products/poster-frame-photo-frame-with-engineered-wood-frame-and-polished-plexiglass-cover-horizontal-and-vertical-formats-for-wall,shopify_US_7304710160454_41112755273798
variant size vs title size,the title also names 12x17 (the parent listing's size); the variant actually sold here is 17x24,12x17 | Picture Frame | Black | Modern - Premium Quality 17x24 / Black,17x24,Poster Frame,00810131996208,,28.99,yes,https://americanflat.com/products/poster-frame-photo-frame-with-engineered-wood-frame-and-polished-plexiglass-cover-horizontal-and-vertical-formats-for-wall,shopify_US_7304710160454_41112755306566
variant size vs title size,the title also names 12x17 (the parent listing's size); the variant actually sold here is 18x18,12x17 | Picture Frame | Black | Modern - Premium Quality 18x18 / Black,18x18,Poster Frame,00850039095085,,27.99,yes,https://americanflat.com/products/poster-frame-photo-frame-with-engineered-wood-frame-and-polished-plexiglass-cover-horizontal-and-vertical-formats-for-wall,shopify_US_7304710160454_41112755372102
variant size vs title size,the title also names 12x17 (the parent listing's size); the variant actually sold here is 18x23,12x17 | Picture Frame | Black | Modern - Premium Quality 18x23 / Black,18x23,Poster Frame,00810131998639,,32.99,no,https://americanflat.com/products/poster-frame-photo-frame-with-engineered-wood-frame-and-polished-plexiglass-cover-horizontal-and-vertical-formats-for-wall,shopify_US_7304710160454_41112755470406
variant size vs title size,the title also names 12x17 (the parent listing's size); the variant actually sold here is 18x32,12x17 | Picture Frame | Black | Modern - Premium Quality 18x32 / Black,18x32,Poster Frame,00810131998653,,39.99,yes,https://americanflat.com/products/poster-frame-photo-frame-with-engineered-wood-frame-and-polished-plexiglass-cover-horizontal-and-vertical-formats-for-wall,shopify_US_7304710160454_41112755568710
variant size vs title size,the title also names 12x17 (the parent listing's size); the variant actually sold here is 18x36,12x17 | Picture Frame | Black | Modern - Premium Quality 18x36 / Black,18x36,Poster Frame,00810131996239,,39.99,yes,https://americanflat.com/products/poster-frame-photo-frame-with-engineered-wood-frame-and-polished-plexiglass-cover-horizontal-and-vertical-formats-for-wall,shopify_US_7304710160454_41112755601478
variant size vs title size,the title also names 12x17 (the parent listing's size); the variant actually sold here is 19x25,12x17 | Picture Frame | Black | Modern - Premium Quality 19x25 / Black,19x25,Poster Frame,00810131996246,,30.99,yes,https://americanflat.com/products/poster-frame-photo-frame-with-engineered-wood-frame-and-polished-plexiglass-cover-horizontal-and-vertical-formats-for-wall,shopify_US_7304710160454_41112755634246
variant size vs title size,the title also names 12x17 (the parent listing's size); the variant actually sold here is 19x26,12x17 | Picture Frame | Black | Modern - Premium Quality 19x26 / Black,19x26,Poster Frame,00810131998660,,39.99,no,https://americanflat.com/products/poster-frame-photo-frame-with-engineered-wood-frame-and-polished-plexiglass-cover-horizontal-and-vertical-formats-for-wall,shopify_US_7304710160454_41112755667014
variant size vs title size,the title also names 12x17 (the parent listing's size); the variant actually sold here is 19x27,12x17 | Picture Frame | Black | Modern - Premium Quality 19x27 / Black,19x27,Poster Frame,00850039095092,,31.99,yes,https://americanflat.com/products/poster-frame-photo-frame-with-engineered-wood-frame-and-polished-plexiglass-cover-horizontal-and-vertical-formats-for-wall,shopify_US_7304710160454_41112755699782
variant size vs title size,the title also names 12x17 (the parent listing's size); the variant actually sold here is 19x28,12x17 | Picture Frame | Black | Modern - Premium Quality 19x28 / Black,19x28,Poster Frame,00810131998677,,44.99,no,https://americanflat.com/products/poster-frame-photo-frame-with-engineered-wood-frame-and-polished-plexiglass-cover-horizontal-and-vertical-formats-for-wall,shopify_US_7304710160454_41112755732550
variant size vs title size,the title also names 12x17 (the parent listing's size); the variant actually sold here is 20x20,12x17 | Picture Frame | Black | Modern - Premium Quality 20x20 / Black,20x20,Poster Frame,00850039095108,,29.99,yes,https://americanflat.com/products/poster-frame-photo-frame-with-engineered-wood-frame-and-polished-plexiglass-cover-horizontal-and-vertical-formats-for-wall,shopify_US_7304710160454_41112755798086
variant size vs title size,the title also names 12x17 (the parent listing's size); the variant actually sold here is 20x28,12x17 | Picture Frame | Black | Modern - Premium Quality 20x28 / Black,20x28,Poster Frame,00810131990275,,34.99,yes,https://americanflat.com/products/poster-frame-photo-frame-with-engineered-wood-frame-and-polished-plexiglass-cover-horizontal-and-vertical-formats-for-wall,shopify_US_7304710160454_41112753668166
variant size vs title size,the title also names 12x17 (the parent listing's size); the variant actually sold here is 20x32,12x17 | Picture Frame | Black | Modern - Premium Quality 20x32 / Black,20x32,Poster Frame,00810131998967,,44.99,no,https://americanflat.com/products/poster-frame-photo-frame-with-engineered-wood-frame-and-polished-plexiglass-cover-horizontal-and-vertical-formats-for-wall,shopify_US_7304710160454_41112755863622
variant size vs title size,the title also names 12x17 (the parent listing's size); the variant actually sold here is 20x36,12x17 | Picture Frame | Black | Modern - Premium Quality 20x36 / Black,20x36,Poster Frame,00810131998974,,44.99,yes,https://americanflat.com/products/poster-frame-photo-frame-with-engineered-wood-frame-and-polished-plexiglass-cover-horizontal-and-vertical-formats-for-wall,shopify_US_7304710160454_41112755896390
variant size vs title size,the title also names 12x17 (the parent listing's size); the variant actually sold here is 20x40,12x17 | Picture Frame | Black | Modern - Premium Quality 20x40 / Black,20x40,Poster Frame,00810131998981,,44.99,yes,https://americanflat.com/products/poster-frame-photo-frame-with-engineered-wood-frame-and-polished-plexiglass-cover-horizontal-and-vertical-formats-for-wall,shopify_US_7304710160454_41112755929158
variant size vs title size,the title also names 12x17 (the parent listing's size); the variant actually sold here is 21x26,12x17 | Picture Frame | Black | Modern - Premium Quality 21x26 / Black,21x26,Poster Frame,00810131998998,,39.99,yes,https://americanflat.com/products/poster-frame-photo-frame-with-engineered-wood-frame-and-polished-plexiglass-cover-horizontal-and-vertical-formats-for-wall,shopify_US_7304710160454_41112755961926
variant size vs title size,the title also names 12x17 (the parent listing's size); the variant actually sold here is 21x28,12x17 | Picture Frame | Black | Modern - Premium Quality 21x28 / Black,21x28,Poster Frame,00810131996109,,35.99,yes,https://americanflat.com/products/poster-frame-photo-frame-with-engineered-wood-frame-and-polished-plexiglass-cover-horizontal-and-vertical-formats-for-wall,shopify_US_7304710160454_41112753700934
variant size vs title size,the title also names 12x17 (the parent listing's size); the variant actually sold here is 21x34,12x17 | Picture Frame | Black | Modern - Premium Quality 21x34 / Black,21x34,Poster Frame,00810131999018,,49.99,yes,https://americanflat.com/products/poster-frame-photo-frame-with-engineered-wood-frame-and-polished-plexiglass-cover-horizontal-and-vertical-formats-for-wall,shopify_US_7304710160454_41112755077190
variant size vs title size,the title also names 12x17 (the parent listing's size); the variant actually sold here is 22x32,12x17 | Picture Frame | Black | Modern - Premium Quality 22x32 / Black,22x32,Poster Frame,00810131998714,,47.99,yes,https://americanflat.com/products/poster-frame-photo-frame-with-engineered-wood-frame-and-polished-plexiglass-cover-horizontal-and-vertical-formats-for-wall,shopify_US_7304710160454_41112753832006
variant size vs title size,the title also names 12x17 (the parent listing's size); the variant actually sold here is 22x35,12x17 | Picture Frame | Black | Modern - Premium Quality 22x35 / Black,22x35,Poster Frame,00810131998721,,30.99,yes,https://americanflat.com/products/poster-frame-photo-frame-with-engineered-wood-frame-and-polished-plexiglass-cover-horizontal-and-vertical-formats-for-wall,shopify_US_7304710160454_41112753897542
variant size vs title size,the title also names 12x17 (the parent listing's size); the variant actually sold here is 23x29,12x17 | Picture Frame | Black | Modern - Premium Quality 23x29 / Black,23x29,Poster Frame,00810131999025,,49.99,no,https://americanflat.com/products/poster-frame-photo-frame-with-engineered-wood-frame-and-polished-plexiglass-cover-horizontal-and-vertical-formats-for-wall,shopify_US_7304710160454_41112753930310
variant size vs title size,the title also names 12x17 (the parent listing's size); the variant actually sold here is 23x35,12x17 | Picture Frame | Black | Modern - Premium Quality 23x35 / Black,23x35,Poster Frame,00810131999032,,54.99,no,https://americanflat.com/products/poster-frame-photo-frame-with-engineered-wood-frame-and-polished-plexiglass-cover-horizontal-and-vertical-formats-for-wall,shopify_US_7304710160454_41112753963078
variant size vs title size,the title also names 12x17 (the parent listing's size); the variant actually sold here is 24x24,12x17 | Picture Frame | Black | Modern - Premium Quality 24x24 / Black,24x24,Poster Frame,00810029116572,,34.99,yes,https://americanflat.com/products/poster-frame-photo-frame-with-engineered-wood-frame-and-polished-plexiglass-cover-horizontal-and-vertical-formats-for-wall,shopify_US_7304710160454_41112753995846
variant size vs title size,the title also names 12x17 (the parent listing's size); the variant actually sold here is 24x24,12x17 | Picture Frame | Black | Modern - Premium Quality 24x24 / White,24x24,Poster Frame,00810029116589,,34.99,yes,https://americanflat.com/products/poster-frame-photo-frame-with-engineered-wood-frame-and-polished-plexiglass-cover-horizontal-and-vertical-formats-for-wall,shopify_US_7304710160454_41112754028614
variant size vs title size,the title also names 12x17 (the parent listing's size); the variant actually sold here is 24x32,12x17 | Picture Frame | Black | Modern - Premium Quality 24x32 / Black,24x32,Poster Frame,00850039095122,,44.99,yes,https://americanflat.com/products/poster-frame-photo-frame-with-engineered-wood-frame-and-polished-plexiglass-cover-horizontal-and-vertical-formats-for-wall,shopify_US_7304710160454_41112754094150
variant size vs title size,the title also names 12x17 (the parent listing's size); the variant actually sold here is 24x34,12x17 | Picture Frame | Black | Modern - Premium Quality 24x34 / Black,24x34,Poster Frame,00810131999049,,44.99,yes,https://americanflat.com/products/poster-frame-photo-frame-with-engineered-wood-frame-and-polished-plexiglass-cover-horizontal-and-vertical-formats-for-wall,shopify_US_7304710160454_41112754126918
variant size vs title size,the title also names 12x17 (the parent listing's size); the variant actually sold here is 25x30,12x17 | Picture Frame | Black | Modern - Premium Quality 25x30 / Black,25x30,Poster Frame,00810131999063,,49.99,no,https://americanflat.com/products/poster-frame-photo-frame-with-engineered-wood-frame-and-polished-plexiglass-cover-horizontal-and-vertical-formats-for-wall,shopify_US_7304710160454_41112754257990
variant size vs title size,the title also names 12x17 (the parent listing's size); the variant actually sold here is 26x39,12x17 | Picture Frame | Black | Modern - Premium Quality 26x39 / Black,26x39,Poster Frame,00810131998745,,62.99,yes,https://americanflat.com/products/poster-frame-photo-frame-with-engineered-wood-frame-and-polished-plexiglass-cover-horizontal-and-vertical-formats-for-wall,shopify_US_7304710160454_41112754356294
variant size vs title size,the title also names 12x17 (the parent listing's size); the variant actually sold here is 28x29,12x17 | Picture Frame | Black | Modern - Premium Quality 28x29 / Black,28x29,Poster Frame,00810131998318,,59.99,yes,https://americanflat.com/products/poster-frame-photo-frame-with-engineered-wood-frame-and-polished-plexiglass-cover-horizontal-and-vertical-formats-for-wall,shopify_US_7304710160454_41112754454598
variant size vs title size,the title also names 12x17 (the parent listing's size); the variant actually sold here is 28x40,12x17 | Picture Frame | Black | Modern - Premium Quality 28x40 / Black,28x40,Poster Frame,00810131998325,,74.99,yes,https://americanflat.com/products/poster-frame-photo-frame-with-engineered-wood-frame-and-polished-plexiglass-cover-horizontal-and-vertical-formats-for-wall,shopify_US_7304710160454_41112754487366
variant size vs title size,the title also names 12x17 (the parent listing's size); the variant actually sold here is 30x30,12x17 | Picture Frame | Black | Modern - Premium Quality 30x30 / Black,30x30,Poster Frame,00850039095139,,49.99,yes,https://americanflat.com/products/poster-frame-photo-frame-with-engineered-wood-frame-and-polished-plexiglass-cover-horizontal-and-vertical-formats-for-wall,shopify_US_7304710160454_41112754520134
variant size vs title size,the title also names 12x17 (the parent listing's size); the variant actually sold here is 36x36,12x17 | Picture Frame | Black | Modern - Premium Quality 36x36 / Black,36x36,Poster Frame,00810131998752,,94.99,yes,https://americanflat.com/products/poster-frame-photo-frame-with-engineered-wood-frame-and-polished-plexiglass-cover-horizontal-and-vertical-formats-for-wall,shopify_US_7304710160454_41112754552902
variant size vs title size,the title also names 12x18 (the parent listing's size); the variant actually sold here is 20x28,12x18 with 11x17 Mat | Picture Frame | Black | Modern - Premium Quality 20x28 / Gold,20x28,Picture Frame,00810131995096,,32.99,yes,https://americanflat.com/products/picture-frame-with-mat-wide-frame-shatter-resistant-glass-hanging-hardware-included,shopify_US_7302677725254_41103332933702
variant size vs title size,the title also names 12x18 (the parent listing's size); the variant actually sold here is 22x28,12x18 with 11x17 Mat | Picture Frame | Black | Modern - Premium Quality 22x28 / Grey,22x28,Picture Frame,00810131995003,,38.99,yes,https://americanflat.com/products/picture-frame-with-mat-wide-frame-shatter-resistant-glass-hanging-hardware-included,shopify_US_7302677725254_41103333359686
variant size vs title size,the title also names 14x14 (the parent listing's size); the variant actually sold here is 20x20,14x14 with 5x7 Mat | Wedding Signature Frame | Black | Modern - Premium Quality 1 Pack / 20x20 / Black,20x20,Picture Frame,00850046180958,,26.99,yes,https://americanflat.com/products/americanflat-14x14-wedding-signature-picture-frame-display-pictures-5x7-or-14x14-without-mat-made-with-glass,shopify_US_4774455574598_41071732654150
variant size vs title size,the title also names 14x20 (the parent listing's size); the variant actually sold here is 12x16,14x20 with 11x17 Mat | Picture Frame | Black | Modern - Premium Quality 12x16 / Oak / 8x12,12x16,Poster Frame,,,26.99,yes,https://americanflat.com/products/poster-frame-with-mat-in-black-engineered-wood-with-plexiglass-cover-and-included-hanging-hardware,shopify_US_7304803287110_44956305489990
variant size vs title size,the title also names 16x20 (the parent listing's size); the variant actually sold here is 18x24,16x20 | Black | Picture Frame | Matted to 6x8 | Streamline 18x24 / Black / 10x8,18x24,Picture Frame,,,41.99,yes,https://americanflat.com/products/picture-frame-decorative-thin-border-oversized-mat-shatter-resistant-glass,shopify_US_8396455903302_45042158469190
variant size vs title size,the title also names 16x20 (the parent listing's size); the variant actually sold here is 13x16,16x20 | Black | Poster Frame | Epic 13x16 / Black,13x16,Poster Frame,,,19.99,yes,https://americanflat.com/products/poster-frame-with-wood-art-print-display-shatter-resistant-plexiglass-decor,shopify_US_4712058716230_44893377265734
variant size vs title size,the title also names 16x20 (the parent listing's size); the variant actually sold here is 16x24,16x20 | Black | Poster Frame | Epic 16x24 / White,16x24,Poster Frame,,,26.87,yes,https://americanflat.com/products/poster-frame-with-wood-art-print-display-shatter-resistant-plexiglass-decor,shopify_US_4712058716230_44893376905286
variant size vs title size,the title also names 16x20 (the parent listing's size); the variant actually sold here is 17x21,16x20 | Black | Poster Frame | Epic 17x21 / Black,17x21,Poster Frame,,,24.24,yes,https://americanflat.com/products/poster-frame-with-wood-art-print-display-shatter-resistant-plexiglass-decor,shopify_US_4712058716230_44893377364038
variant size vs title size,the title also names 16x20 (the parent listing's size); the variant actually sold here is 20x30,16x20 | Black | Poster Frame | Epic 20x30 / White,20x30,Poster Frame,,,34.99,yes,https://americanflat.com/products/poster-frame-with-wood-art-print-display-shatter-resistant-plexiglass-decor,shopify_US_4712058716230_44893376806982
variant size vs title size,the title also names 16x20 (the parent listing's size); the variant actually sold here is 24x36,16x20 | Black | Poster Frame | Epic 24x36 / White,24x36,Poster Frame,,,44.99,yes,https://americanflat.com/products/poster-frame-with-wood-art-print-display-shatter-resistant-plexiglass-decor,shopify_US_4712058716230_44893376839750
variant size vs title size,the title also names 16x20 (the parent listing's size); the variant actually sold here is 16x24,16x20 | Black | Poster Frame | Matted to 11x14 | Epic 16 x 24 / Black,16x24,Poster Frame,00198301385763,,27.99,no,https://americanflat.com/products/black-picture-frame-wide-molding-black-mat-with-plexiglass-front-cover,shopify_US_7868502442054_43756202295366
variant size vs title size,the title also names 16x20 (the parent listing's size); the variant actually sold here is 12x17,16x20 | Driftwood | Poster Frame | Epic 12x17 / Black,12x17,Poster Frame,00810131996116,,21.99,yes,https://americanflat.com/products/gallery-poster-frame-with-wood-grain-finish-epic-collection,shopify_US_7304930033734_45154959654982
variant size vs title size,the title also names 16x20 (the parent listing's size); the variant actually sold here is 12x18,16x20 | Driftwood | Poster Frame | Epic 12x18 / Black,12x18,Poster Frame,00789075280424,,19.99,no,https://americanflat.com/products/gallery-poster-frame-with-wood-grain-finish-epic-collection,shopify_US_7304930033734_44860328902726
variant size vs title size,the title also names 16x20 (the parent listing's size); the variant actually sold here is 12x18,16x20 | Driftwood | Poster Frame | Epic 12x18 / Dark Oak,12x18,Poster Frame,00810029117272,,21.99,yes,https://americanflat.com/products/gallery-poster-frame-with-wood-grain-finish-epic-collection,shopify_US_7304930033734_44860322381894
variant size vs title size,the title also names 16x20 (the parent listing's size); the variant actually sold here is 12x18,16x20 | Driftwood | Poster Frame | Epic 12x18 / Driftwood,12x18,Poster Frame,00810029119658,,21.99,no,https://americanflat.com/products/gallery-poster-frame-with-wood-grain-finish-epic-collection,shopify_US_7304930033734_45062863159366
variant size vs title size,the title also names 16x20 (the parent listing's size); the variant actually sold here is 12x18,16x20 | Driftwood | Poster Frame | Epic 12x18 / Gold,12x18,Poster Frame,00810029119634,,21.99,yes,https://americanflat.com/products/gallery-poster-frame-with-wood-grain-finish-epic-collection,shopify_US_7304930033734_41113438421062
variant size vs title size,the title also names 16x20 (the parent listing's size); the variant actually sold here is 12x18,16x20 | Driftwood | Poster Frame | Epic 12x18 / Light Wood,12x18,Poster Frame,00810029119627,,21.99,yes,https://americanflat.com/products/gallery-poster-frame-with-wood-grain-finish-epic-collection,shopify_US_7304930033734_44860322349126
variant size vs title size,the title also names 16x20 (the parent listing's size); the variant actually sold here is 12x18,16x20 | Driftwood | Poster Frame | Epic 12x18 / Mahogany,12x18,Poster Frame,00810029114721,,21.99,yes,https://americanflat.com/products/gallery-poster-frame-with-wood-grain-finish-epic-collection,shopify_US_7304930033734_41113438322758
variant size vs title size,the title also names 16x20 (the parent listing's size); the variant actually sold here is 12x18,16x20 | Driftwood | Poster Frame | Epic 12x18 / Silver,12x18,Poster Frame,00198301199414,,21.99,no,https://americanflat.com/products/gallery-poster-frame-with-wood-grain-finish-epic-collection,shopify_US_7304930033734_45062863061062
variant size vs title size,the title also names 16x20 (the parent listing's size); the variant actually sold here is 12x18,16x20 | Driftwood | Poster Frame | Epic 12x18 / Walnut,12x18,Poster Frame,00810029119658,,21.99,no,https://americanflat.com/products/gallery-poster-frame-with-wood-grain-finish-epic-collection,shopify_US_7304930033734_45062863126598
variant size vs title size,the title also names 16x20 (the parent listing's size); the variant actually sold here is 12x18,16x20 | Driftwood | Poster Frame | Epic 12x18 / White,12x18,Poster Frame,00810029114639,,21.99,yes,https://americanflat.com/products/gallery-poster-frame-with-wood-grain-finish-epic-collection,shopify_US_7304930033734_41113438519366
variant size vs title size,the title also names 16x20 (the parent listing's size); the variant actually sold here is 12x24,16x20 | Driftwood | Poster Frame | Epic 12x24 / Black,12x24,Poster Frame,00810131996079,,21.99,yes,https://americanflat.com/products/gallery-poster-frame-with-wood-grain-finish-epic-collection,shopify_US_7304930033734_45154959720518
variant size vs title size,the title also names 16x20 (the parent listing's size); the variant actually sold here is 13x16,16x20 | Driftwood | Poster Frame | Epic 13x16 / Black,13x16,Poster Frame,00810131996130,,21.99,yes,https://americanflat.com/products/gallery-poster-frame-with-wood-grain-finish-epic-collection,shopify_US_7304930033734_45154959753286
variant size vs title size,the title also names 16x20 (the parent listing's size); the variant actually sold here is 13x17,16x20 | Driftwood | Poster Frame | Epic 13x17 / Black,13x17,Poster Frame,00810131996147,,21.99,yes,https://americanflat.com/products/gallery-poster-frame-with-wood-grain-finish-epic-collection,shopify_US_7304930033734_45154959786054
variant size vs title size,the title also names 16x20 (the parent listing's size); the variant actually sold here is 13x18,16x20 | Driftwood | Poster Frame | Epic 13x18 / Black,13x18,Poster Frame,00810131996154,,21.99,yes,https://americanflat.com/products/gallery-poster-frame-with-wood-grain-finish-epic-collection,shopify_US_7304930033734_45154959818822
variant size vs title size,the title also names 16x20 (the parent listing's size); the variant actually sold here is 13x21,16x20 | Driftwood | Poster Frame | Epic 13x21 / Black,13x21,Poster Frame,00810131998592,,21.99,yes,https://americanflat.com/products/gallery-poster-frame-with-wood-grain-finish-epic-collection,shopify_US_7304930033734_45154959851590
variant size vs title size,the title also names 16x20 (the parent listing's size); the variant actually sold here is 13x22,16x20 | Driftwood | Poster Frame | Epic 13x22 / Black,13x22,Poster Frame,00810131998608,,21.99,yes,https://americanflat.com/products/gallery-poster-frame-with-wood-grain-finish-epic-collection,shopify_US_7304930033734_45154959884358
variant size vs title size,the title also names 16x20 (the parent listing's size); the variant actually sold here is 13x30,16x20 | Driftwood | Poster Frame | Epic 13x30 / Black,13x30,Poster Frame,00810131998615,,21.99,yes,https://americanflat.com/products/gallery-poster-frame-with-wood-grain-finish-epic-collection,shopify_US_7304930033734_45154959917126
variant size vs title size,the title also names 16x20 (the parent listing's size); the variant actually sold here is 13x36,16x20 | Driftwood | Poster Frame | Epic 13x36 / Black,13x36,Poster Frame,00810131998622,,23.99,yes,https://americanflat.com/products/gallery-poster-frame-with-wood-grain-finish-epic-collection,shopify_US_7304930033734_45154959949894
variant size vs title size,the title also names 16x20 (the parent listing's size); the variant actually sold here is 14x16,16x20 | Driftwood | Poster Frame | Epic 14x16 / Black,14x16,Poster Frame,00810131996161,,25.99,yes,https://americanflat.com/products/gallery-poster-frame-with-wood-grain-finish-epic-collection,shopify_US_7304930033734_45154959982662
variant size vs title size,the title also names 16x20 (the parent listing's size); the variant actually sold here is 14x17,16x20 | Driftwood | Poster Frame | Epic 14x17 / Black,14x17,Poster Frame,00810131996178,,22.99,yes,https://americanflat.com/products/gallery-poster-frame-with-wood-grain-finish-epic-collection,shopify_US_7304930033734_45154960015430
variant size vs title size,the title also names 16x20 (the parent listing's size); the variant actually sold here is 14x18,16x20 | Driftwood | Poster Frame | Epic 14x18 / Black,14x18,Poster Frame,00810131998837,,21.99,yes,https://americanflat.com/products/gallery-poster-frame-with-wood-grain-finish-epic-collection,shopify_US_7304930033734_45154960048198
variant size vs title size,the title also names 16x20 (the parent listing's size); the variant actually sold here is 14x19,16x20 | Driftwood | Poster Frame | Epic 14x19 / Black,14x19,Poster Frame,00810131998844,,24.99,yes,https://americanflat.com/products/gallery-poster-frame-with-wood-grain-finish-epic-collection,shopify_US_7304930033734_45154960080966
variant size vs title size,the title also names 16x20 (the parent listing's size); the variant actually sold here is 14x20,16x20 | Driftwood | Poster Frame | Epic 14x20 / Black,14x20,Poster Frame,00810131998851,,21.99,yes,https://americanflat.com/products/gallery-poster-frame-with-wood-grain-finish-epic-collection,shopify_US_7304930033734_45154960113734
variant size vs title size,the title also names 16x20 (the parent listing's size); the variant actually sold here is 14x22,16x20 | Driftwood | Poster Frame | Epic 14x22 / Black,14x22,Poster Frame,00810131998868,,23.99,yes,https://americanflat.com/products/gallery-poster-frame-with-wood-grain-finish-epic-collection,shopify_US_7304930033734_45154960146502
variant size vs title size,the title also names 16x20 (the parent listing's size); the variant actually sold here is 14x24,16x20 | Driftwood | Poster Frame | Epic 14x24 / Black,14x24,Poster Frame,00810131998875,,29.99,yes,https://americanflat.com/products/gallery-poster-frame-with-wood-grain-finish-epic-collection,shopify_US_7304930033734_45154960179270
variant size vs title size,the title also names 16x20 (the parent listing's size); the variant actually sold here is 15x20,16x20 | Driftwood | Poster Frame | Epic 15x20 / Black,15x20,Poster Frame,00810131998882,,21.99,yes,https://americanflat.com/products/gallery-poster-frame-with-wood-grain-finish-epic-collection,shopify_US_7304930033734_45154960212038
variant size vs title size,the title also names 16x20 (the parent listing's size); the variant actually sold here is 15x21,16x20 | Driftwood | Poster Frame | Epic 15x21 / Black,15x21,Poster Frame,00810131996185,,21.99,yes,https://americanflat.com/products/gallery-poster-frame-with-wood-grain-finish-epic-collection,shopify_US_7304930033734_45154960244806
variant size vs title size,the title also names 16x20 (the parent listing's size); the variant actually sold here is 15x22,16x20 | Driftwood | Poster Frame | Epic 15x22 / Black,15x22,Poster Frame,00810131998899,,25.99,yes,https://americanflat.com/products/gallery-poster-frame-with-wood-grain-finish-epic-collection,shopify_US_7304930033734_45154960277574
variant size vs title size,the title also names 16x20 (the parent listing's size); the variant actually sold here is 16x16,16x20 | Driftwood | Poster Frame | Epic 16x16 / Black,16x16,Poster Frame,00810029116596,,21.99,yes,https://americanflat.com/products/gallery-poster-frame-with-wood-grain-finish-epic-collection,shopify_US_7304930033734_45154960310342
variant size vs title size,the title also names 16x20 (the parent listing's size); the variant actually sold here is 16x16,16x20 | Driftwood | Poster Frame | Epic 16x16 / White,16x16,Poster Frame,00810029116602,,21.99,yes,https://americanflat.com/products/gallery-poster-frame-with-wood-grain-finish-epic-collection,shopify_US_7304930033734_45154960343110
variant size vs title size,the title also names 16x20 (the parent listing's size); the variant actually sold here is 16x22,16x20 | Driftwood | Poster Frame | Epic 16x22 / Black,16x22,Poster Frame,00810131996086,,21.99,yes,https://americanflat.com/products/gallery-poster-frame-with-wood-grain-finish-epic-collection,shopify_US_7304930033734_45154960375878
variant size vs title size,the title also names 16x20 (the parent listing's size); the variant actually sold here is 16x24,16x20 | Driftwood | Poster Frame | Epic 16x24 / Black,16x24,Poster Frame,00810131990282,,21.99,yes,https://americanflat.com/products/gallery-poster-frame-with-wood-grain-finish-epic-collection,shopify_US_7304930033734_45154960408646
variant size vs title size,the title also names 16x20 (the parent listing's size); the variant actually sold here is 16x24,16x20 | Driftwood | Poster Frame | Epic 16x24 / White,16x24,Poster Frame,00198301383233,,27.99,no,https://americanflat.com/products/gallery-poster-frame-with-wood-grain-finish-epic-collection,shopify_US_7304930033734_45154962309190
variant size vs title size,the title also names 16x20 (the parent listing's size); the variant actually sold here is 16x25,16x20 | Driftwood | Poster Frame | Epic 16x25 / Black,16x25,Poster Frame,00810131998905,,34.99,no,https://americanflat.com/products/gallery-poster-frame-with-wood-grain-finish-epic-collection,shopify_US_7304930033734_45154960441414
variant size vs title size,the title also names 16x20 (the parent listing's size); the variant actually sold here is 16x26,16x20 | Driftwood | Poster Frame | Epic 16x26 / Black,16x26,Poster Frame,00810131998912,,21.99,yes,https://americanflat.com/products/gallery-poster-frame-with-wood-grain-finish-epic-collection,shopify_US_7304930033734_45154960474182
variant size vs title size,the title also names 16x20 (the parent listing's size); the variant actually sold here is 16x28,16x20 | Driftwood | Poster Frame | Epic 16x28 / Black,16x28,Poster Frame,00810131998929,,39.99,yes,https://americanflat.com/products/gallery-poster-frame-with-wood-grain-finish-epic-collection,shopify_US_7304930033734_45154960506950
variant size vs title size,the title also names 16x20 (the parent listing's size); the variant actually sold here is 16x40,16x20 | Driftwood | Poster Frame | Epic 16x40 / Black,16x40,Poster Frame,00198301386159,,49.99,no,https://americanflat.com/products/gallery-poster-frame-with-wood-grain-finish-epic-collection,shopify_US_7304930033734_45154962440262
variant size vs title size,the title also names 16x20 (the parent listing's size); the variant actually sold here is 17x17,16x20 | Driftwood | Poster Frame | Epic 17x17 / Black,17x17,Poster Frame,00850039095061,,21.99,yes,https://americanflat.com/products/gallery-poster-frame-with-wood-grain-finish-epic-collection,shopify_US_7304930033734_45154960539718
variant size vs title size,the title also names 16x20 (the parent listing's size); the variant actually sold here is 17x19,16x20 | Driftwood | Poster Frame | Epic 17x19 / Black,17x19,Poster Frame,00810131998936,,34.99,yes,https://americanflat.com/products/gallery-poster-frame-with-wood-grain-finish-epic-collection,shopify_US_7304930033734_45154960572486
variant size vs title size,the title also names 16x20 (the parent listing's size); the variant actually sold here is 17x21,16x20 | Driftwood | Poster Frame | Epic 17x21 / Black,17x21,Poster Frame,00810131996192,,21.99,yes,https://americanflat.com/products/gallery-poster-frame-with-wood-grain-finish-epic-collection,shopify_US_7304930033734_45154960605254
variant size vs title size,the title also names 16x20 (the parent listing's size); the variant actually sold here is 17x22,16x20 | Driftwood | Poster Frame | Epic 17x22 / Black,17x22,Poster Frame,00850039095078,,21.99,yes,https://americanflat.com/products/gallery-poster-frame-with-wood-grain-finish-epic-collection,shopify_US_7304930033734_45154960638022
variant size vs title size,the title also names 16x20 (the parent listing's size); the variant actually sold here is 17x23,16x20 | Driftwood | Poster Frame | Epic 17x23 / Black,17x23,Poster Frame,00810131998943,,28.99,no,https://americanflat.com/products/gallery-poster-frame-with-wood-grain-finish-epic-collection,shopify_US_7304930033734_45154960670790
variant size vs title size,the title also names 16x20 (the parent listing's size); the variant actually sold here is 17x24,16x20 | Driftwood | Poster Frame | Epic 17x24 / Black,17x24,Poster Frame,00810131996208,,28.99,yes,https://americanflat.com/products/gallery-poster-frame-with-wood-grain-finish-epic-collection,shopify_US_7304930033734_45154960703558
variant size vs title size,the title also names 16x20 (the parent listing's size); the variant actually sold here is 17x26,16x20 | Driftwood | Poster Frame | Epic 17x26 / Black,17x26,Poster Frame,00810131998950,,34.99,yes,https://americanflat.com/products/gallery-poster-frame-with-wood-grain-finish-epic-collection,shopify_US_7304930033734_45154960736326
variant size vs title size,the title also names 16x20 (the parent listing's size); the variant actually sold here is 18x18,16x20 | Driftwood | Poster Frame | Epic 18x18 / Black,18x18,Poster Frame,00850039095085,,27.99,yes,https://americanflat.com/products/gallery-poster-frame-with-wood-grain-finish-epic-collection,shopify_US_7304930033734_45154960769094
variant size vs title size,the title also names 16x20 (the parent listing's size); the variant actually sold here is 18x22,16x20 | Driftwood | Poster Frame | Epic 18x22 / Black,18x22,Poster Frame,00810131996215,,21.99,yes,https://americanflat.com/products/gallery-poster-frame-with-wood-grain-finish-epic-collection,shopify_US_7304930033734_45154960801862
variant size vs title size,the title also names 16x20 (the parent listing's size); the variant actually sold here is 18x24,16x20 | Driftwood | Poster Frame | Epic 18x24 / Black,18x24,Poster Frame,00789075280363,,27.99,no,https://americanflat.com/products/gallery-poster-frame-with-wood-grain-finish-epic-collection,shopify_US_7304930033734_44860328968262
variant size vs title size,the title also names 16x20 (the parent listing's size); the variant actually sold here is 18x24,16x20 | Driftwood | Poster Frame | Epic 18x24 / Dark Oak,18x24,Poster Frame,00810029116978,,21.99,yes,https://americanflat.com/products/gallery-poster-frame-with-wood-grain-finish-epic-collection,shopify_US_7304930033734_44860322611270
variant size vs title size,the title also names 16x20 (the parent listing's size); the variant actually sold here is 18x24,16x20 | Driftwood | Poster Frame | Epic 18x24 / Driftwood,18x24,Poster Frame,00810029116954,,21.99,yes,https://americanflat.com/products/gallery-poster-frame-with-wood-grain-finish-epic-collection,shopify_US_7304930033734_45154959458374
variant size vs title size,the title also names 16x20 (the parent listing's size); the variant actually sold here is 18x24,16x20 | Driftwood | Poster Frame | Epic 18x24 / Gold,18x24,Poster Frame,00810029116930,,21.99,yes,https://americanflat.com/products/gallery-poster-frame-with-wood-grain-finish-epic-collection,shopify_US_7304930033734_45154959523910
variant size vs title size,the title also names 16x20 (the parent listing's size); the variant actually sold here is 18x24,16x20 | Driftwood | Poster Frame | Epic 18x24 / Gray,18x24,Poster Frame,00810029113106,,21.99,yes,https://americanflat.com/products/gallery-poster-frame-with-wood-grain-finish-epic-collection,shopify_US_7304930033734_45154959425606
variant size vs title size,the title also names 16x20 (the parent listing's size); the variant actually sold here is 18x24,16x20 | Driftwood | Poster Frame | Epic 18x24 / Light Wood,18x24,Poster Frame,00810029116985,,21.99,yes,https://americanflat.com/products/gallery-poster-frame-with-wood-grain-finish-epic-collection,shopify_US_7304930033734_45154959491142
variant size vs title size,the title also names 16x20 (the parent listing's size); the variant actually sold here is 18x24,16x20 | Driftwood | Poster Frame | Epic 18x24 / Mahogany,18x24,Poster Frame,00810029113090,,21.99,yes,https://americanflat.com/products/gallery-poster-frame-with-wood-grain-finish-epic-collection,shopify_US_7304930033734_41113440387142
variant size vs title size,the title also names 16x20 (the parent listing's size); the variant actually sold here is 18x24,16x20 | Driftwood | Poster Frame | Epic 18x24 / Natural Oak,18x24,Poster Frame,00810131990299,,21.99,yes,https://americanflat.com/products/gallery-poster-frame-with-wood-grain-finish-epic-collection,shopify_US_7304930033734_45154959622214
variant size vs title size,the title also names 16x20 (the parent listing's size); the variant actually sold here is 18x24,16x20 | Driftwood | Poster Frame | Epic 18x24 / Pine,18x24,Poster Frame,00810029113083,,21.99,yes,https://americanflat.com/products/gallery-poster-frame-with-wood-grain-finish-epic-collection,shopify_US_7304930033734_41113490784326
variant size vs title size,the title also names 16x20 (the parent listing's size); the variant actually sold here is 18x24,16x20 | Driftwood | Poster Frame | Epic 18x24 / Silver,18x24,Poster Frame,00810029116947,,21.99,yes,https://americanflat.com/products/gallery-poster-frame-with-wood-grain-finish-epic-collection,shopify_US_7304930033734_45154959556678
variant size vs title size,the title also names 16x20 (the parent listing's size); the variant actually sold here is 18x24,16x20 | Driftwood | Poster Frame | Epic 18x24 / Walnut,18x24,Poster Frame,00810029116961,,21.99,yes,https://americanflat.com/products/gallery-poster-frame-with-wood-grain-finish-epic-collection,shopify_US_7304930033734_45154959589446
variant size vs title size,the title also names 16x20 (the parent listing's size); the variant actually sold here is 18x24,16x20 | Driftwood | Poster Frame | Epic 18x24 / White,18x24,Poster Frame,00789075280417,,27.99,no,https://americanflat.com/products/gallery-poster-frame-with-wood-grain-finish-epic-collection,shopify_US_7304930033734_44860329001030
variant size vs title size,the title also names 16x20 (the parent listing's size); the variant actually sold here is 18x26,16x20 | Driftwood | Poster Frame | Epic 18x26 / Black,18x26,Poster Frame,00810131996222,,21.99,yes,https://americanflat.com/products/gallery-poster-frame-with-wood-grain-finish-epic-collection,shopify_US_7304930033734_45154960867398
variant size vs title size,the title also names 16x20 (the parent listing's size); the variant actually sold here is 18x27,16x20 | Driftwood | Poster Frame | Epic 18x27 / Black,18x27,Poster Frame,00810131998646,,21.99,yes,https://americanflat.com/products/gallery-poster-frame-with-wood-grain-finish-epic-collection,shopify_US_7304930033734_45154960900166
variant size vs title size,the title also names 16x20 (the parent listing's size); the variant actually sold here is 18x32,16x20 | Driftwood | Poster Frame | Epic 18x32 / Black,18x32,Poster Frame,00810131998653,,39.99,yes,https://americanflat.com/products/gallery-poster-frame-with-wood-grain-finish-epic-collection,shopify_US_7304930033734_45154960932934
variant size vs title size,the title also names 16x20 (the parent listing's size); the variant actually sold here is 18x36,16x20 | Driftwood | Poster Frame | Epic 18x36 / Black,18x36,Poster Frame,00810131996239,,21.99,yes,https://americanflat.com/products/gallery-poster-frame-with-wood-grain-finish-epic-collection,shopify_US_7304930033734_45154960965702
variant size vs title size,the title also names 16x20 (the parent listing's size); the variant actually sold here is 19x25,16x20 | Driftwood | Poster Frame | Epic 19x25 / Black,19x25,Poster Frame,00810131996246,,30.99,yes,https://americanflat.com/products/gallery-poster-frame-with-wood-grain-finish-epic-collection,shopify_US_7304930033734_45154960998470
variant size vs title size,the title also names 16x20 (the parent listing's size); the variant actually sold here is 19x26,16x20 | Driftwood | Poster Frame | Epic 19x26 / Black,19x26,Poster Frame,00810131998660,,21.99,yes,https://americanflat.com/products/gallery-poster-frame-with-wood-grain-finish-epic-collection,shopify_US_7304930033734_45154961031238
variant size vs title size,the title also names 16x20 (the parent listing's size); the variant actually sold here is 19x27,16x20 | Driftwood | Poster Frame | Epic 19x27 / Black,19x27,Poster Frame,00850039095092,,21.99,yes,https://americanflat.com/products/gallery-poster-frame-with-wood-grain-finish-epic-collection,shopify_US_7304930033734_45154961064006
variant size vs title size,the title also names 16x20 (the parent listing's size); the variant actually sold here is 19x28,16x20 | Driftwood | Poster Frame | Epic 19x28 / Black,19x28,Poster Frame,00810131998677,,44.99,no,https://americanflat.com/products/gallery-poster-frame-with-wood-grain-finish-epic-collection,shopify_US_7304930033734_45154961096774
variant size vs title size,the title also names 16x20 (the parent listing's size); the variant actually sold here is 19x30,16x20 | Driftwood | Poster Frame | Epic 19x30 / Black,19x30,Poster Frame,00810131998684,,26.99,yes,https://americanflat.com/products/gallery-poster-frame-with-wood-grain-finish-epic-collection,shopify_US_7304930033734_45154961129542
variant size vs title size,the title also names 16x20 (the parent listing's size); the variant actually sold here is 20x20,16x20 | Driftwood | Poster Frame | Epic 20x20 / Black,20x20,Poster Frame,00850039095108,,21.99,yes,https://americanflat.com/products/gallery-poster-frame-with-wood-grain-finish-epic-collection,shopify_US_7304930033734_45154961162310
variant size vs title size,the title also names 16x20 (the parent listing's size); the variant actually sold here is 20x24,16x20 | Driftwood | Poster Frame | Epic 20x24 / Black,20x24,Poster Frame,00850001296359,,21.99,yes,https://americanflat.com/products/gallery-poster-frame-with-wood-grain-finish-epic-collection,shopify_US_7304930033734_41113438552134
variant size vs title size,the title also names 16x20 (the parent listing's size); the variant actually sold here is 20x24,16x20 | Driftwood | Poster Frame | Epic 20x24 / Driftwood,20x24,Poster Frame,00810029117357,,21.99,yes,https://americanflat.com/products/gallery-poster-frame-with-wood-grain-finish-epic-collection,shopify_US_7304930033734_41113438617670
variant size vs title size,the title also names 16x20 (the parent listing's size); the variant actually sold here is 20x24,16x20 | Driftwood | Poster Frame | Epic 20x24 / Gold,20x24,Poster Frame,00810029117333,,21.99,yes,https://americanflat.com/products/gallery-poster-frame-with-wood-grain-finish-epic-collection,shopify_US_7304930033734_41113438748742
variant size vs title size,the title also names 16x20 (the parent listing's size); the variant actually sold here is 20x24,16x20 | Driftwood | Poster Frame | Epic 20x24 / Grey,20x24,Poster Frame,00810029114790,,23.99,yes,https://americanflat.com/products/gallery-poster-frame-with-wood-grain-finish-epic-collection,shopify_US_7304930033734_41113438584902
variant size vs title size,the title also names 16x20 (the parent listing's size); the variant actually sold here is 20x24,16x20 | Driftwood | Poster Frame | Epic 20x24 / Silver,20x24,Poster Frame,00810029117340,,32.99,no,https://americanflat.com/products/gallery-poster-frame-with-wood-grain-finish-epic-collection,shopify_US_7304930033734_41113438781510
variant size vs title size,the title also names 16x20 (the parent listing's size); the variant actually sold here is 20x24,16x20 | Driftwood | Poster Frame | Epic 20x24 / Walnut,20x24,Poster Frame,00810029117364,,22.99,yes,https://americanflat.com/products/gallery-poster-frame-with-wood-grain-finish-epic-collection,shopify_US_7304930033734_41113438814278
variant size vs title size,the title also names 16x20 (the parent listing's size); the variant actually sold here is 20x24,16x20 | Driftwood | Poster Frame | Epic 20x24 / White,20x24,Poster Frame,00810029114646,,21.99,yes,https://americanflat.com/products/gallery-poster-frame-with-wood-grain-finish-epic-collection,shopify_US_7304930033734_41113438847046
variant size vs title size,the title also names 16x20 (the parent listing's size); the variant actually sold here is 20x26,16x20 | Driftwood | Poster Frame | Epic 20x26 / Black,20x26,Poster Frame,00810131996253,,21.99,yes,https://americanflat.com/products/gallery-poster-frame-with-wood-grain-finish-epic-collection,shopify_US_7304930033734_45154961195078
variant size vs title size,the title also names 16x20 (the parent listing's size); the variant actually sold here is 20x27,16x20 | Driftwood | Poster Frame | Epic 20x27 / Black,20x27,Poster Frame,00810131996093,,34.99,yes,https://americanflat.com/products/gallery-poster-frame-with-wood-grain-finish-epic-collection,shopify_US_7304930033734_45154961227846
variant size vs title size,the title also names 16x20 (the parent listing's size); the variant actually sold here is 20x28,16x20 | Driftwood | Poster Frame | Epic 20x28 / Black,20x28,Poster Frame,00810131990275,,21.99,yes,https://americanflat.com/products/gallery-poster-frame-with-wood-grain-finish-epic-collection,shopify_US_7304930033734_45154961293382
variant size vs title size,the title also names 16x20 (the parent listing's size); the variant actually sold here is 20x28,16x20 | Driftwood | Poster Frame | Epic 20x28 / White,20x28,Poster Frame,00198301383240,,21.99,no,https://americanflat.com/products/gallery-poster-frame-with-wood-grain-finish-epic-collection,shopify_US_7304930033734_45154962341958
variant size vs title size,the title also names 16x20 (the parent listing's size); the variant actually sold here is 20x30,16x20 | Driftwood | Poster Frame | Epic 20x30 / Black,20x30,Poster Frame,00850001296366,,34.99,no,https://americanflat.com/products/gallery-poster-frame-with-wood-grain-finish-epic-collection,shopify_US_7304930033734_44860329033798
variant size vs title size,the title also names 16x20 (the parent listing's size); the variant actually sold here is 20x30,16x20 | Driftwood | Poster Frame | Epic 20x30 / Driftwood,20x30,Poster Frame,00810029117074,,21.99,yes,https://americanflat.com/products/gallery-poster-frame-with-wood-grain-finish-epic-collection,shopify_US_7304930033734_41113438912582
variant size vs title size,the title also names 16x20 (the parent listing's size); the variant actually sold here is 20x30,16x20 | Driftwood | Poster Frame | Epic 20x30 / Gold,20x30,Poster Frame,00810029117050,,21.99,yes,https://americanflat.com/products/gallery-poster-frame-with-wood-grain-finish-epic-collection,shopify_US_7304930033734_41113439076422
variant size vs title size,the title also names 16x20 (the parent listing's size); the variant actually sold here is 20x30,16x20 | Driftwood | Poster Frame | Epic 20x30 / Grey,20x30,Poster Frame,00810029114806,,27.99,yes,https://americanflat.com/products/gallery-poster-frame-with-wood-grain-finish-epic-collection,shopify_US_7304930033734_41113438879814
variant size vs title size,the title also names 16x20 (the parent listing's size); the variant actually sold here is 20x30,16x20 | Driftwood | Poster Frame | Epic 20x30 / Light Wood,20x30,Poster Frame,00810029117098,,21.99,yes,https://americanflat.com/products/gallery-poster-frame-with-wood-grain-finish-epic-collection,shopify_US_7304930033734_44860322840646
variant size vs title size,the title also names 16x20 (the parent listing's size); the variant actually sold here is 20x30,16x20 | Driftwood | Poster Frame | Epic 20x30 / Mahogany,20x30,Poster Frame,00810029114752,,21.99,yes,https://americanflat.com/products/gallery-poster-frame-with-wood-grain-finish-epic-collection,shopify_US_7304930033734_41113439010886
variant size vs title size,the title also names 16x20 (the parent listing's size); the variant actually sold here is 20x30,16x20 | Driftwood | Poster Frame | Epic 20x30 / Pine,20x30,Poster Frame,00810029114707,,21.99,yes,https://americanflat.com/products/gallery-poster-frame-with-wood-grain-finish-epic-collection,shopify_US_7304930033734_44860322873414
variant size vs title size,the title also names 16x20 (the parent listing's size); the variant actually sold here is 20x30,16x20 | Driftwood | Poster Frame | Epic 20x30 / Silver,20x30,Poster Frame,00810029117067,,21.99,yes,https://americanflat.com/products/gallery-poster-frame-with-wood-grain-finish-epic-collection,shopify_US_7304930033734_41113439109190
variant size vs title size,the title also names 16x20 (the parent listing's size); the variant actually sold here is 20x30,16x20 | Driftwood | Poster Frame | Epic 20x30 / Walnut,20x30,Poster Frame,00810029117081,,21.99,yes,https://americanflat.com/products/gallery-poster-frame-with-wood-grain-finish-epic-collection,shopify_US_7304930033734_41113439141958
variant size vs title size,the title also names 16x20 (the parent listing's size); the variant actually sold here is 20x30,16x20 | Driftwood | Poster Frame | Epic 20x30 / White,20x30,Poster Frame,00810029114653,,34.99,no,https://americanflat.com/products/gallery-poster-frame-with-wood-grain-finish-epic-collection,shopify_US_7304930033734_44860329066566
variant size vs title size,the title also names 16x20 (the parent listing's size); the variant actually sold here is 20x32,16x20 | Driftwood | Poster Frame | Epic 20x32 / Black,20x32,Poster Frame,00810131998967,,44.99,no,https://americanflat.com/products/gallery-poster-frame-with-wood-grain-finish-epic-collection,shopify_US_7304930033734_45154961326150
variant size vs title size,the title also names 16x20 (the parent listing's size); the variant actually sold here is 20x36,16x20 | Driftwood | Poster Frame | Epic 20x36 / Black,20x36,Poster Frame,00810131998974,,21.99,yes,https://americanflat.com/products/gallery-poster-frame-with-wood-grain-finish-epic-collection,shopify_US_7304930033734_45154961358918
variant size vs title size,the title also names 16x20 (the parent listing's size); the variant actually sold here is 20x40,16x20 | Driftwood | Poster Frame | Epic 20x40 / Black,20x40,Poster Frame,00810131998981,,44.99,no,https://americanflat.com/products/gallery-poster-frame-with-wood-grain-finish-epic-collection,shopify_US_7304930033734_45154961391686
variant size vs title size,the title also names 16x20 (the parent listing's size); the variant actually sold here is 21x26,16x20 | Driftwood | Poster Frame | Epic 21x26 / Black,21x26,Poster Frame,00810131998998,,39.99,no,https://americanflat.com/products/gallery-poster-frame-with-wood-grain-finish-epic-collection,shopify_US_7304930033734_45154961424454
variant size vs title size,the title also names 16x20 (the parent listing's size); the variant actually sold here is 21x28,16x20 | Driftwood | Poster Frame | Epic 21x28 / Black,21x28,Poster Frame,00810131996109,,21.99,yes,https://americanflat.com/products/gallery-poster-frame-with-wood-grain-finish-epic-collection,shopify_US_7304930033734_45154961260614
variant size vs title size,the title also names 16x20 (the parent listing's size); the variant actually sold here is 21x29,16x20 | Driftwood | Poster Frame | Epic 21x29 / Black,21x29,Poster Frame,00810131999001,,47.99,no,https://americanflat.com/products/gallery-poster-frame-with-wood-grain-finish-epic-collection,shopify_US_7304930033734_45154961457222
variant size vs title size,the title also names 16x20 (the parent listing's size); the variant actually sold here is 21x34,16x20 | Driftwood | Poster Frame | Epic 21x34 / Black,21x34,Poster Frame,00810131999018,,49.99,no,https://americanflat.com/products/gallery-poster-frame-with-wood-grain-finish-epic-collection,shopify_US_7304930033734_45154961522758
variant size vs title size,the title also names 16x20 (the parent listing's size); the variant actually sold here is 22x22,16x20 | Driftwood | Poster Frame | Epic 22x22 / Black,22x22,Poster Frame,00810131996260,,26.99,no,https://americanflat.com/products/gallery-poster-frame-with-wood-grain-finish-epic-collection,shopify_US_7304930033734_45154961555526
variant size vs title size,the title also names 16x20 (the parent listing's size); the variant actually sold here is 22x24,16x20 | Driftwood | Poster Frame | Epic 22x24 / Black,22x24,Poster Frame,00810131998691,,44.99,no,https://americanflat.com/products/gallery-poster-frame-with-wood-grain-finish-epic-collection,shopify_US_7304930033734_45154961588294
variant size vs title size,the title also names 16x20 (the parent listing's size); the variant actually sold here is 22x28,16x20 | Driftwood | Poster Frame | Epic 22x28 / Black,22x28,Poster Frame,00850001296373,,34.99,yes,https://americanflat.com/products/gallery-poster-frame-with-wood-grain-finish-epic-collection,shopify_US_7304930033734_41113439207494
variant size vs title size,the title also names 16x20 (the parent listing's size); the variant actually sold here is 22x28,16x20 | Driftwood | Poster Frame | Epic 22x28 / Driftwood,22x28,Poster Frame,00810029117128,,21.99,yes,https://americanflat.com/products/gallery-poster-frame-with-wood-grain-finish-epic-collection,shopify_US_7304930033734_41113439273030
variant size vs title size,the title also names 16x20 (the parent listing's size); the variant actually sold here is 22x28,16x20 | Driftwood | Poster Frame | Epic 22x28 / Gold,22x28,Poster Frame,00810029117104,,21.99,yes,https://americanflat.com/products/gallery-poster-frame-with-wood-grain-finish-epic-collection,shopify_US_7304930033734_41113439404102
variant size vs title size,the title also names 16x20 (the parent listing's size); the variant actually sold here is 22x28,16x20 | Driftwood | Poster Frame | Epic 22x28 / Light Wood,22x28,Poster Frame,00810029117142,,21.99,yes,https://americanflat.com/products/gallery-poster-frame-with-wood-grain-finish-epic-collection,shopify_US_7304930033734_44860322906182
variant size vs title size,the title also names 16x20 (the parent listing's size); the variant actually sold here is 22x28,16x20 | Driftwood | Poster Frame | Epic 22x28 / Mahogany,22x28,Poster Frame,00810029114769,,38.99,no,https://americanflat.com/products/gallery-poster-frame-with-wood-grain-finish-epic-collection,shopify_US_7304930033734_41113439338566
variant size vs title size,the title also names 16x20 (the parent listing's size); the variant actually sold here is 22x28,16x20 | Driftwood | Poster Frame | Epic 22x28 / Silver,22x28,Poster Frame,00810029117111,,21.99,yes,https://americanflat.com/products/gallery-poster-frame-with-wood-grain-finish-epic-collection,shopify_US_7304930033734_41113439436870
variant size vs title size,the title also names 16x20 (the parent listing's size); the variant actually sold here is 22x28,16x20 | Driftwood | Poster Frame | Epic 22x28 / Walnut,22x28,Poster Frame,00810029117135,,21.99,yes,https://americanflat.com/products/gallery-poster-frame-with-wood-grain-finish-epic-collection,shopify_US_7304930033734_41113439469638
variant size vs title size,the title also names 16x20 (the parent listing's size); the variant actually sold here is 22x28,16x20 | Driftwood | Poster Frame | Epic 22x28 / White,22x28,Poster Frame,00810029114660,,21.99,yes,https://americanflat.com/products/gallery-poster-frame-with-wood-grain-finish-epic-collection,shopify_US_7304930033734_41113439502406
variant size vs title size,the title also names 16x20 (the parent listing's size); the variant actually sold here is 22x29,16x20 | Driftwood | Poster Frame | Epic 22x29 / Black,22x29,Poster Frame,00810131998707,,46.99,no,https://americanflat.com/products/gallery-poster-frame-with-wood-grain-finish-epic-collection,shopify_US_7304930033734_45154961621062
variant size vs title size,the title also names 16x20 (the parent listing's size); the variant actually sold here is 22x30,16x20 | Driftwood | Poster Frame | Epic 22x30 / Black,22x30,Poster Frame,00810131996277,,39.99,no,https://americanflat.com/products/gallery-poster-frame-with-wood-grain-finish-epic-collection,shopify_US_7304930033734_45154961489990
variant size vs title size,the title also names 16x20 (the parent listing's size); the variant actually sold here is 22x32,16x20 | Driftwood | Poster Frame | Epic 22x32 / Black,22x32,Poster Frame,00810131998714,,47.99,no,https://americanflat.com/products/gallery-poster-frame-with-wood-grain-finish-epic-collection,shopify_US_7304930033734_45154961653830
variant size vs title size,the title also names 16x20 (the parent listing's size); the variant actually sold here is 22x34,16x20 | Driftwood | Poster Frame | Epic 22x34 / Black,22x34,Poster Frame,00850039095115,,44.99,no,https://americanflat.com/products/gallery-poster-frame-with-wood-grain-finish-epic-collection,shopify_US_7304930033734_45154961686598
variant size vs title size,the title also names 16x20 (the parent listing's size); the variant actually sold here is 22x35,16x20 | Driftwood | Poster Frame | Epic 22x35 / Black,22x35,Poster Frame,00810131998721,,21.99,no,https://americanflat.com/products/gallery-poster-frame-with-wood-grain-finish-epic-collection,shopify_US_7304930033734_45154961719366
variant size vs title size,the title also names 16x20 (the parent listing's size); the variant actually sold here is 23x29,16x20 | Driftwood | Poster Frame | Epic 23x29 / Black,23x29,Poster Frame,00810131999025,,49.99,no,https://americanflat.com/products/gallery-poster-frame-with-wood-grain-finish-epic-collection,shopify_US_7304930033734_45154961752134
variant size vs title size,the title also names 16x20 (the parent listing's size); the variant actually sold here is 23x35,16x20 | Driftwood | Poster Frame | Epic 23x35 / Black,23x35,Poster Frame,00810131999032,,21.99,no,https://americanflat.com/products/gallery-poster-frame-with-wood-grain-finish-epic-collection,shopify_US_7304930033734_45154961784902
variant size vs title size,the title also names 16x20 (the parent listing's size); the variant actually sold here is 24x24,16x20 | Driftwood | Poster Frame | Epic 24x24 / Black,24x24,Poster Frame,00810029116572,,34.99,no,https://americanflat.com/products/gallery-poster-frame-with-wood-grain-finish-epic-collection,shopify_US_7304930033734_44860328116294
variant size vs title size,the title also names 16x20 (the parent listing's size); the variant actually sold here is 24x24,16x20 | Driftwood | Poster Frame | Epic 24x24 / White,24x24,Poster Frame,00810029116589,,34.99,no,https://americanflat.com/products/gallery-poster-frame-with-wood-grain-finish-epic-collection,shopify_US_7304930033734_44860328149062
variant size vs title size,the title also names 16x20 (the parent listing's size); the variant actually sold here is 24x30,16x20 | Driftwood | Poster Frame | Epic 24x30 / Black,24x30,Poster Frame,00810131990268,,37.99,no,https://americanflat.com/products/gallery-poster-frame-with-wood-grain-finish-epic-collection,shopify_US_7304930033734_45154961817670
variant size vs title size,the title also names 16x20 (the parent listing's size); the variant actually sold here is 24x30,16x20 | Driftwood | Poster Frame | Epic 24x30 / White,24x30,Poster Frame,00198301001465,,37.99,no,https://americanflat.com/products/gallery-poster-frame-with-wood-grain-finish-epic-collection,shopify_US_7304930033734_45154962374726
variant size vs title size,the title also names 16x20 (the parent listing's size); the variant actually sold here is 24x32,16x20 | Driftwood | Poster Frame | Epic 24x32 / Black,24x32,Poster Frame,00850039095122,,44.99,no,https://americanflat.com/products/gallery-poster-frame-with-wood-grain-finish-epic-collection,shopify_US_7304930033734_45154961850438
variant size vs title size,the title also names 16x20 (the parent listing's size); the variant actually sold here is 24x34,16x20 | Driftwood | Poster Frame | Epic 24x34 / Black,24x34,Poster Frame,00810131999049,,44.99,no,https://americanflat.com/products/gallery-poster-frame-with-wood-grain-finish-epic-collection,shopify_US_7304930033734_45154961883206
variant size vs title size,the title also names 16x20 (the parent listing's size); the variant actually sold here is 24x36,16x20 | Driftwood | Poster Frame | Epic 24x36 / Black,24x36,Poster Frame,00789075280370,,44.99,no,https://americanflat.com/products/gallery-poster-frame-with-wood-grain-finish-epic-collection,shopify_US_7304930033734_44860328640582
variant size vs title size,the title also names 16x20 (the parent listing's size); the variant actually sold here is 24x36,16x20 | Driftwood | Poster Frame | Epic 24x36 / Gold,24x36,Poster Frame,00810029116213,,21.99,yes,https://americanflat.com/products/gallery-poster-frame-with-wood-grain-finish-epic-collection,shopify_US_7304930033734_41113439764550
variant size vs title size,the title also names 16x20 (the parent listing's size); the variant actually sold here is 24x36,16x20 | Driftwood | Poster Frame | Epic 24x36 / Light Wood,24x36,Poster Frame,00810029116206,,21.99,yes,https://americanflat.com/products/gallery-poster-frame-with-wood-grain-finish-epic-collection,shopify_US_7304930033734_44860322971718
variant size vs title size,the title also names 16x20 (the parent listing's size); the variant actually sold here is 24x36,16x20 | Driftwood | Poster Frame | Epic 24x36 / Pine,24x36,Poster Frame,00810029113113,,21.99,yes,https://americanflat.com/products/gallery-poster-frame-with-wood-grain-finish-epic-collection,shopify_US_7304930033734_44860323037254
variant size vs title size,the title also names 16x20 (the parent listing's size); the variant actually sold here is 24x36,16x20 | Driftwood | Poster Frame | Epic 24x36 / Silver,24x36,Poster Frame,00810029116220,,21.99,yes,https://americanflat.com/products/gallery-poster-frame-with-wood-grain-finish-epic-collection,shopify_US_7304930033734_41113439797318
variant size vs title size,the title also names 16x20 (the parent listing's size); the variant actually sold here is 24x36,16x20 | Driftwood | Poster Frame | Epic 24x36 / Walnut,24x36,Poster Frame,00810029113120,,21.99,yes,https://americanflat.com/products/gallery-poster-frame-with-wood-grain-finish-epic-collection,shopify_US_7304930033734_44860323004486
variant size vs title size,the title also names 16x20 (the parent listing's size); the variant actually sold here is 24x36,16x20 | Driftwood | Poster Frame | Epic 24x36 / White,24x36,Poster Frame,00810029110983,,44.99,no,https://americanflat.com/products/gallery-poster-frame-with-wood-grain-finish-epic-collection,shopify_US_7304930033734_44860328869958
variant size vs title size,the title also names 16x20 (the parent listing's size); the variant actually sold here is 25x25,16x20 | Driftwood | Poster Frame | Epic 25x25 / Black,25x25,Poster Frame,00810131996284,,29.99,no,https://americanflat.com/products/gallery-poster-frame-with-wood-grain-finish-epic-collection,shopify_US_7304930033734_45154961915974
variant size vs title size,the title also names 16x20 (the parent listing's size); the variant actually sold here is 25x35,16x20 | Driftwood | Poster Frame | Epic 25x35 / Black,25x35,Poster Frame,00810131999070,,54.99,no,https://americanflat.com/products/gallery-poster-frame-with-wood-grain-finish-epic-collection,shopify_US_7304930033734_45154961981510
variant size vs title size,the title also names 16x20 (the parent listing's size); the variant actually sold here is 26x38,16x20 | Driftwood | Poster Frame | Epic 26x38 / Black,26x38,Poster Frame,00810131998738,,21.99,no,https://americanflat.com/products/gallery-poster-frame-with-wood-grain-finish-epic-collection,shopify_US_7304930033734_45154962014278
variant size vs title size,the title also names 16x20 (the parent listing's size); the variant actually sold here is 26x39,16x20 | Driftwood | Poster Frame | Epic 26x39 / Black,26x39,Poster Frame,00810131998745,,62.99,no,https://americanflat.com/products/gallery-poster-frame-with-wood-grain-finish-epic-collection,shopify_US_7304930033734_45154962047046
variant size vs title size,the title also names 16x20 (the parent listing's size); the variant actually sold here is 27x39,16x20 | Driftwood | Poster Frame | Epic 27x39 / Black,27x39,Poster Frame,00810131999087,,74.99,no,https://americanflat.com/products/gallery-poster-frame-with-wood-grain-finish-epic-collection,shopify_US_7304930033734_45154962079814
variant size vs title size,the title also names 16x20 (the parent listing's size); the variant actually sold here is 27x40,16x20 | Driftwood | Poster Frame | Epic 27x40 / Black,27x40,Poster Frame,00810131990251,,52.99,no,https://americanflat.com/products/gallery-poster-frame-with-wood-grain-finish-epic-collection,shopify_US_7304930033734_45154962112582
variant size vs title size,the title also names 16x20 (the parent listing's size); the variant actually sold here is 27x40,16x20 | Driftwood | Poster Frame | Epic 27x40 / White,27x40,Poster Frame,00198301383257,,52.99,no,https://americanflat.com/products/gallery-poster-frame-with-wood-grain-finish-epic-collection,shopify_US_7304930033734_45154962407494
variant size vs title size,the title also names 16x20 (the parent listing's size); the variant actually sold here is 28x29,16x20 | Driftwood | Poster Frame | Epic 28x29 / Black,28x29,Poster Frame,00810131998318,,59.99,no,https://americanflat.com/products/gallery-poster-frame-with-wood-grain-finish-epic-collection,shopify_US_7304930033734_45154962145350
variant size vs title size,the title also names 16x20 (the parent listing's size); the variant actually sold here is 28x40,16x20 | Driftwood | Poster Frame | Epic 28x40 / Black,28x40,Poster Frame,00810131998325,,74.99,no,https://americanflat.com/products/gallery-poster-frame-with-wood-grain-finish-epic-collection,shopify_US_7304930033734_45154962178118
variant size vs title size,the title also names 16x20 (the parent listing's size); the variant actually sold here is 30x30,16x20 | Driftwood | Poster Frame | Epic 30x30 / Black,30x30,Poster Frame,00850039095139,,49.99,no,https://americanflat.com/products/gallery-poster-frame-with-wood-grain-finish-epic-collection,shopify_US_7304930033734_45154962210886
variant size vs title size,the title also names 16x20 (the parent listing's size); the variant actually sold here is 30x40,16x20 | Driftwood | Poster Frame | Epic 30x40 / Black,30x40,Poster Frame,00850039095146,,69.99,no,https://americanflat.com/products/gallery-poster-frame-with-wood-grain-finish-epic-collection,shopify_US_7304930033734_45154962276422
variant size vs title size,the title also names 16x20 (the parent listing's size); the variant actually sold here is 36x36,16x20 | Driftwood | Poster Frame | Epic 36x36 / Black,36x36,Poster Frame,00810131998752,,94.99,no,https://americanflat.com/products/gallery-poster-frame-with-wood-grain-finish-epic-collection,shopify_US_7304930033734_45154962243654
variant size vs title size,the title also names 16x20 (the parent listing's size); the variant actually sold here is 11x14,16x20 | Picture Frame | Set of 11142 | Black | Modern - Premium Quality 11x14 / 3 Pack / Matted,11x14,Picture Frame,00850038118099,,26.99,no,https://americanflat.com/products/abs-plexiglass-picture-frames,shopify_US_7294297571398_41076583301190
variant size vs title size,the title also names 16x21 (the parent listing's size); the variant actually sold here is 16x22,16x21 with 12x17 Mat | Picture Frame | 2 Pack | Black | Modern - Premium Quality 16x22 / Black,16x22,Picture Frame,00198301001229,,29.99,yes,https://americanflat.com/products/americanflat-galleria-poster-frames-set-of-2-with-mat-acrylic,shopify_US_7973344444486_43872577192006
variant size vs title size,the title also names 16x21 (the parent listing's size); the variant actually sold here is 16x22,16x21 with 12x17 Mat | Picture Frame | 2 Pack | Black | Modern - Premium Quality 16x22 / White,16x22,Picture Frame,00198301001267,,22.99,yes,https://americanflat.com/products/americanflat-galleria-poster-frames-set-of-2-with-mat-acrylic,shopify_US_7973344444486_43872576995398
variant size vs title size,the title also names 16x21 (the parent listing's size); the variant actually sold here is 17x23,16x21 with 12x17 Mat | Picture Frame | 2 Pack | Black | Modern - Premium Quality 17x23 / Black,17x23,Picture Frame,00198301001304,,29.99,yes,https://americanflat.com/products/americanflat-galleria-poster-frames-set-of-2-with-mat-acrylic,shopify_US_7973344444486_43872577028166
variant size vs title size,the title also names 16x21 (the parent listing's size); the variant actually sold here is 17x23,16x21 with 12x17 Mat | Picture Frame | 2 Pack | Black | Modern - Premium Quality 17x23 / White,17x23,Picture Frame,00198301001342,,32.99,yes,https://americanflat.com/products/americanflat-galleria-poster-frames-set-of-2-with-mat-acrylic,shopify_US_7973344444486_43872577060934
variant size vs title size,the title also names 16x21 (the parent listing's size); the variant actually sold here is 18x26,16x21 with 12x17 Mat | Picture Frame | 2 Pack | Black | Modern - Premium Quality 18x26 / Black,18x26,Picture Frame,00198301001380,,36.99,no,https://americanflat.com/products/americanflat-galleria-poster-frames-set-of-2-with-mat-acrylic,shopify_US_7973344444486_43872577093702
variant size vs title size,the title also names 16x21 (the parent listing's size); the variant actually sold here is 18x28,16x21 with 12x17 Mat | Picture Frame | 2 Pack | Black | Modern - Premium Quality 18x28 / Black,18x28,Picture Frame,00198301001403,,36.99,yes,https://americanflat.com/products/americanflat-galleria-poster-frames-set-of-2-with-mat-acrylic,shopify_US_7973344444486_43872577126470
variant size vs title size,the title also names 16x21 (the parent listing's size); the variant actually sold here is 5.5x6.5,16x21 with 12x17 Mat | Picture Frame | 2 Pack | Black | Modern - Premium Quality 5.5x6.5 / Black,5.5x6.5,Picture Frame,00198301001427,,8.99,yes,https://americanflat.com/products/americanflat-galleria-poster-frames-set-of-2-with-mat-acrylic,shopify_US_7973344444486_43872577159238
variant size vs title size,the title also names 23x31 (the parent listing's size); the variant actually sold here is 13.5x13.5,23x31 | Jersey Frame Display Case | Black | Modern - Premium Quality 13.5x13.5 / Brown,13.5x13.5,Shadow Box,00198301385886,,59.99,no,https://americanflat.com/products/lockable-jersey-display-case-with-hanger-for-adults-and-kids-all-star-collection,shopify_US_7298087223366_44916913242182
variant size vs title size,the title also names 23x31 (the parent listing's size); the variant actually sold here is 13.5x20,23x31 | Jersey Frame Display Case | Black | Modern - Premium Quality 13.5x20 / White,13.5x20,Shadow Box,00198301385893,,59.99,no,https://americanflat.com/products/lockable-jersey-display-case-with-hanger-for-adults-and-kids-all-star-collection,shopify_US_7298087223366_44916913274950
variant size vs title size,the title also names 26x32 (the parent listing's size); the variant actually sold here is 28x34,26x32 with 22x28 Mat | Picture Frame | Black | Modern - Premium Quality 28x34 / Black,28x34,Picture Frame,,,49.99,yes,https://americanflat.com/products/americanflat-hudson-poster-frame-with-mat-acrylic-lightweight,shopify_US_7974088147014_43875171729478
variant size vs title size,the title also names 3x5 (the parent listing's size); the variant actually sold here is 11x17,3x5 | Picture Frame | Black | Modern - Premium Quality 11x17 / White,11x17,Picture Frame,00810131996024,,16.99,yes,https://americanflat.com/products/picture-frame-set-of-5-gallery-wall-frame-set-with-included-hanging-hardware-horizontal-or-vertical-display,shopify_US_7297953235014_45154931146822
variant size vs title size,the title also names 3x5 (the parent listing's size); the variant actually sold here is 6x6,3x5 | Picture Frame | Black | Modern - Premium Quality 6x6 / White,6x6,Picture Frame,00810131995966,,17.99,no,https://americanflat.com/products/picture-frame-set-of-5-gallery-wall-frame-set-with-included-hanging-hardware-horizontal-or-vertical-display,shopify_US_8423988068422_45167846260806
variant size vs title size,the title also names 4x4 (the parent listing's size); the variant actually sold here is 11x14,4x4 with 6x6 Mat | Picture Frame | Black | Modern - Premium Quality 11x14 / Driftwood / 1 Pack,11x14,Picture Frame,,,13.99,no,https://americanflat.com/products/picture-frame-with-round-mat-engineered-wood-photo-frame-with-shatter-resistant-glass-cover,shopify_US_7313287970886_44925416407110
variant size vs title size,the title also names 4x4 (the parent listing's size); the variant actually sold here is 11x14,4x4 with 6x6 Mat | Picture Frame | Black | Modern - Premium Quality 11x14 / Silver / 1 Pack,11x14,Picture Frame,,,13.99,no,https://americanflat.com/products/picture-frame-with-round-mat-engineered-wood-photo-frame-with-shatter-resistant-glass-cover,shopify_US_7313287970886_44925416439878
variant size vs title size,the title also names 4x4 (the parent listing's size); the variant actually sold here is 11x14,4x4 with 6x6 Mat | Picture Frame | Black | Modern - Premium Quality 11x14 / Silver / Arched,11x14,Picture Frame,00810131997182,,13.99,no,https://americanflat.com/products/picture-frame-with-round-mat-engineered-wood-photo-frame-with-shatter-resistant-glass-cover,shopify_US_7313287970886_44925414998086
variant size vs title size,the title also names 4x4 (the parent listing's size); the variant actually sold here is 12x12,4x4 with 6x6 Mat | Picture Frame | Black | Modern - Premium Quality 12x12 / Walnut / Heart,12x12,Picture Frame,00810131997366,,13.99,no,https://americanflat.com/products/picture-frame-with-round-mat-engineered-wood-photo-frame-with-shatter-resistant-glass-cover,shopify_US_7313287970886_44925413883974
variant size vs title size,the title also names 4x4 (the parent listing's size); the variant actually sold here is 12x18,4x4 with 6x6 Mat | Picture Frame | Black | Modern - Premium Quality 12x18 / Silver / Arched,12x18,Picture Frame,00810131997434,,18.94,no,https://americanflat.com/products/picture-frame-with-round-mat-engineered-wood-photo-frame-with-shatter-resistant-glass-cover,shopify_US_7313287970886_44925415227462
variant size vs title size,the title also names 4x4 (the parent listing's size); the variant actually sold here is 6x8,4x4 with 6x6 Mat | Picture Frame | Black | Modern - Premium Quality 6x8 / Natural Oak / Arched,6x8,Picture Frame,00810131996635,,12.99,no,https://americanflat.com/products/picture-frame-with-round-mat-engineered-wood-photo-frame-with-shatter-resistant-glass-cover,shopify_US_7313287970886_44925414015046
variant size vs title size,the title also names 4x4 (the parent listing's size); the variant actually sold here is 6x8,4x4 with 6x6 Mat | Picture Frame | Black | Modern - Premium Quality 6x8 / Natural Oak / Oval,6x8,Picture Frame,00810131996642,,12.99,no,https://americanflat.com/products/picture-frame-with-round-mat-engineered-wood-photo-frame-with-shatter-resistant-glass-cover,shopify_US_7313287970886_44925415391302
variant size vs title size,the title also names 4x4 (the parent listing's size); the variant actually sold here is 8x10,4x4 with 6x6 Mat | Picture Frame | Black | Modern - Premium Quality 8x10 / Purple / Waves,8x10,Picture Frame,00810131996888,,10.99,no,https://americanflat.com/products/picture-frame-with-round-mat-engineered-wood-photo-frame-with-shatter-resistant-glass-cover,shopify_US_7313287970886_44925416210502
variant size vs title size,the title also names 4x4 (the parent listing's size); the variant actually sold here is 8x10,4x4 with 6x6 Mat | Picture Frame | Black | Modern - Premium Quality 8x10 / Walnut / Arched,8x10,Picture Frame,00810131996970,,10.99,no,https://americanflat.com/products/picture-frame-with-round-mat-engineered-wood-photo-frame-with-shatter-resistant-glass-cover,shopify_US_7313287970886_44925414572102
variant size vs title size,the title also names 4x4 (the parent listing's size); the variant actually sold here is 8x8,4x4 with 6x6 Mat | Picture Frame | Black | Modern - Premium Quality 8x8 / White / Arched,8x8,Picture Frame,00810131996826,,9.99,no,https://americanflat.com/products/picture-frame-with-round-mat-engineered-wood-photo-frame-with-shatter-resistant-glass-cover,shopify_US_7313287970886_44925414375494
variant size vs title size,the title also names 4x4 (the parent listing's size); the variant actually sold here is 9x10,4x4 with 6x6 Mat | Picture Frame | Black | Modern - Premium Quality 9x10 / Black / Arched,9x10,Picture Frame,00810131997021,,11.99,no,https://americanflat.com/products/picture-frame-with-round-mat-engineered-wood-photo-frame-with-shatter-resistant-glass-cover,shopify_US_7313287970886_44925414637638
variant size vs title size,the title also names 4x4 (the parent listing's size); the variant actually sold here is 9x10,4x4 with 6x6 Mat | Picture Frame | Black | Modern - Premium Quality 9x10 / Walnut / Arched,9x10,Picture Frame,00810131997076,,11.99,no,https://americanflat.com/products/picture-frame-with-round-mat-engineered-wood-photo-frame-with-shatter-resistant-glass-cover,shopify_US_7313287970886_44925414801478
variant size vs title size,the title also names 4x4 (the parent listing's size); the variant actually sold here is 10x10,4x4 | Picture Frame | Black | Modern - Premium Quality 10 x 10 / Black,10x10,Picture Frame,00810131993788,,25.99,no,https://americanflat.com/products/picture-frame-set-of-5-gallery-wall-frame-set-horizontal-or-vertical-display-collage-wall-decor,shopify_US_7297968046150_43739385987142
variant size vs title size,the title also names 4x4 (the parent listing's size); the variant actually sold here is 10x10,4x4 | Picture Frame | Black | Modern - Premium Quality 10x10 / Black,10x10,Picture Frame,00810131992101,,11.99,yes,https://americanflat.com/products/black-picture-frame-without-mat-glass-front,shopify_US_7979003150406_43899977531462
variant size vs title size,the title also names 4x4 (the parent listing's size); the variant actually sold here is 10x13,4x4 | Picture Frame | Black | Modern - Premium Quality 10x13 / Black,10x13,Picture Frame,00850038118907,,12.99,yes,https://americanflat.com/products/black-picture-frame-without-mat-glass-front,shopify_US_7979003150406_43899977564230
variant size vs title size,the title also names 4x4 (the parent listing's size); the variant actually sold here is 10x14,4x4 | Picture Frame | Black | Modern - Premium Quality 10x14 / Black,10x14,Picture Frame,00810029118392,,14.99,yes,https://americanflat.com/products/black-picture-frame-without-mat-glass-front,shopify_US_7979003150406_43899977596998
variant size vs title size,the title also names 4x4 (the parent listing's size); the variant actually sold here is 10x15,4x4 | Picture Frame | Black | Modern - Premium Quality 10x15 / Black,10x15,Picture Frame,00810131995621,,16.99,yes,https://americanflat.com/products/black-picture-frame-without-mat-glass-front,shopify_US_7979003150406_43899977629766
variant size vs title size,the title also names 4x4 (the parent listing's size); the variant actually sold here is 11x14,4x4 | Picture Frame | Black | Modern - Premium Quality 11 x 14 / Black,11x14,Picture Frame,00850036466161,,10.99,yes,https://americanflat.com/products/picture-frame-set-of-5-gallery-wall-frame-set-horizontal-or-vertical-display-collage-wall-decor,shopify_US_7297968046150_43739385364550
variant size vs title size,the title also names 4x4 (the parent listing's size); the variant actually sold here is 11x14,4x4 | Picture Frame | Black | Modern - Premium Quality 11 x 14 / Brown,11x14,Picture Frame,00850036466345,,10.99,yes,https://americanflat.com/products/picture-frame-set-of-5-gallery-wall-frame-set-horizontal-or-vertical-display-collage-wall-decor,shopify_US_7297968046150_43739386019910
variant size vs title size,the title also names 4x4 (the parent listing's size); the variant actually sold here is 11x14,4x4 | Picture Frame | Black | Modern - Premium Quality 11 x 14 / Natural Oak,11x14,Picture Frame,00198301007009,,10.99,yes,https://americanflat.com/products/picture-frame-set-of-5-gallery-wall-frame-set-horizontal-or-vertical-display-collage-wall-decor,shopify_US_7297968046150_43739386118214
variant size vs title size,the title also names 4x4 (the parent listing's size); the variant actually sold here is 11x14,4x4 | Picture Frame | Black | Modern - Premium Quality 11 x 14 / White,11x14,Picture Frame,00850036466253,,10.99,yes,https://americanflat.com/products/picture-frame-set-of-5-gallery-wall-frame-set-horizontal-or-vertical-display-collage-wall-decor,shopify_US_7297968046150_43739386052678
variant size vs title size,the title also names 4x4 (the parent listing's size); the variant actually sold here is 11x17,4x4 | Picture Frame | Black | Modern - Premium Quality 11 x 17 / Black,11x17,Picture Frame,00850036466178,,10.99,yes,https://americanflat.com/products/picture-frame-set-of-5-gallery-wall-frame-set-horizontal-or-vertical-display-collage-wall-decor,shopify_US_7297968046150_43739386380358
variant size vs title size,the title also names 4x4 (the parent listing's size); the variant actually sold here is 11x17,4x4 | Picture Frame | Black | Modern - Premium Quality 11 x 17 / Brown,11x17,Picture Frame,00850036466352,,10.99,yes,https://americanflat.com/products/picture-frame-set-of-5-gallery-wall-frame-set-horizontal-or-vertical-display-collage-wall-decor,shopify_US_7297968046150_43739386413126
variant size vs title size,the title also names 4x4 (the parent listing's size); the variant actually sold here is 11x14,4x4 | Picture Frame | Black | Modern - Premium Quality 11x14 / Black,11x14,Picture Frame,00810029118408,,12.99,yes,https://americanflat.com/products/black-picture-frame-without-mat-glass-front,shopify_US_7979003150406_43899977662534
variant size vs title size,the title also names 4x4 (the parent listing's size); the variant actually sold here is 11x15,4x4 | Picture Frame | Black | Modern - Premium Quality 11x15 / Black,11x15,Picture Frame,00850038118921,,16.99,yes,https://americanflat.com/products/black-picture-frame-without-mat-glass-front,shopify_US_7979003150406_43899977695302
variant size vs title size,the title also names 4x4 (the parent listing's size); the variant actually sold here is 12x16,4x4 | Picture Frame | Black | Modern - Premium Quality 12 x 16 / Black,12x16,Picture Frame,00850036466185,,10.99,yes,https://americanflat.com/products/picture-frame-set-of-5-gallery-wall-frame-set-horizontal-or-vertical-display-collage-wall-decor,shopify_US_7297968046150_43739386609734
variant size vs title size,the title also names 4x4 (the parent listing's size); the variant actually sold here is 12x16,4x4 | Picture Frame | Black | Modern - Premium Quality 12 x 16 / Brown,12x16,Picture Frame,00850036466369,,10.99,yes,https://americanflat.com/products/picture-frame-set-of-5-gallery-wall-frame-set-horizontal-or-vertical-display-collage-wall-decor,shopify_US_7297968046150_43739386642502
variant size vs title size,the title also names 4x4 (the parent listing's size); the variant actually sold here is 12x16,4x4 | Picture Frame | Black | Modern - Premium Quality 12 x 16 / Gold,12x16,Picture Frame,00198301007344,,10.99,yes,https://americanflat.com/products/picture-frame-set-of-5-gallery-wall-frame-set-horizontal-or-vertical-display-collage-wall-decor,shopify_US_7297968046150_43739386708038
variant size vs title size,the title also names 4x4 (the parent listing's size); the variant actually sold here is 12x16,4x4 | Picture Frame | Black | Modern - Premium Quality 12 x 16 / Silver,12x16,Picture Frame,00198301007153,,10.99,yes,https://americanflat.com/products/picture-frame-set-of-5-gallery-wall-frame-set-horizontal-or-vertical-display-collage-wall-decor,shopify_US_7297968046150_43739386773574
variant size vs title size,the title also names 4x4 (the parent listing's size); the variant actually sold here is 12x18,4x4 | Picture Frame | Black | Modern - Premium Quality 12 x 18 / Black,12x18,Picture Frame,00850036466192,,10.99,yes,https://americanflat.com/products/picture-frame-set-of-5-gallery-wall-frame-set-horizontal-or-vertical-display-collage-wall-decor,shopify_US_7297968046150_43739386806342
variant size vs title size,the title also names 4x4 (the parent listing's size); the variant actually sold here is 12x18,4x4 | Picture Frame | Black | Modern - Premium Quality 12 x 18 / Gold,12x18,Picture Frame,00198301007375,,10.99,yes,https://americanflat.com/products/picture-frame-set-of-5-gallery-wall-frame-set-horizontal-or-vertical-display-collage-wall-decor,shopify_US_7297968046150_43739386904646
variant size vs title size,the title also names 4x4 (the parent listing's size); the variant actually sold here is 12x18,4x4 | Picture Frame | Black | Modern - Premium Quality 12 x 18 / Silver,12x18,Picture Frame,00198301007184,,10.99,yes,https://americanflat.com/products/picture-frame-set-of-5-gallery-wall-frame-set-horizontal-or-vertical-display-collage-wall-decor,shopify_US_7297968046150_43739386970182
variant size vs title size,the title also names 4x4 (the parent listing's size); the variant actually sold here is 12x18,4x4 | Picture Frame | Black | Modern - Premium Quality 12 x 18 / White,12x18,Picture Frame,00850036466284,,10.99,yes,https://americanflat.com/products/picture-frame-set-of-5-gallery-wall-frame-set-horizontal-or-vertical-display-collage-wall-decor,shopify_US_7297968046150_43739386871878
variant size vs title size,the title also names 4x4 (the parent listing's size); the variant actually sold here is 12x12,4x4 | Picture Frame | Black | Modern - Premium Quality 12x12 / Black,12x12,Picture Frame,00810131992118,,18.99,yes,https://americanflat.com/products/black-picture-frame-without-mat-glass-front,shopify_US_7979003150406_43899977465926
variant size vs title size,the title also names 4x4 (the parent listing's size); the variant actually sold here is 12x15,4x4 | Picture Frame | Black | Modern - Premium Quality 12x15 / Black,12x15,Picture Frame,00850038118938,,17.99,yes,https://americanflat.com/products/black-picture-frame-without-mat-glass-front,shopify_US_7979003150406_43899977498694
variant size vs title size,the title also names 4x4 (the parent listing's size); the variant actually sold here is 13x19,4x4 | Picture Frame | Black | Modern - Premium Quality 13 x 19 / Brown,13x19,Picture Frame,00850036466383,,37.99,no,https://americanflat.com/products/picture-frame-set-of-5-gallery-wall-frame-set-horizontal-or-vertical-display-collage-wall-decor,shopify_US_7297968046150_43739387035718
variant size vs title size,the title also names 4x4 (the parent listing's size); the variant actually sold here is 13x13,4x4 | Picture Frame | Black | Modern - Premium Quality 13x13 / Black,13x13,Picture Frame,00850038118952,,16.99,yes,https://americanflat.com/products/black-picture-frame-without-mat-glass-front,shopify_US_7979003150406_43899977728070
variant size vs title size,the title also names 4x4 (the parent listing's size); the variant actually sold here is 15x15,4x4 | Picture Frame | Black | Modern - Premium Quality 15 x 15 / Black,15x15,Picture Frame,00810131993825,,10.99,no,https://americanflat.com/products/picture-frame-set-of-5-gallery-wall-frame-set-horizontal-or-vertical-display-collage-wall-decor,shopify_US_7297968046150_43739387199558
variant size vs title size,the title also names 4x4 (the parent listing's size); the variant actually sold here is 16x20,4x4 | Picture Frame | Black | Modern - Premium Quality 16 x 20 / Black,16x20,Picture Frame,00850036466215,,10.99,yes,https://americanflat.com/products/picture-frame-set-of-5-gallery-wall-frame-set-horizontal-or-vertical-display-collage-wall-decor,shopify_US_7297968046150_43739387232326
variant size vs title size,the title also names 4x4 (the parent listing's size); the variant actually sold here is 16x20,4x4 | Picture Frame | Black | Modern - Premium Quality 16 x 20 / Brown,16x20,Picture Frame,00850036466390,,54.99,yes,https://americanflat.com/products/picture-frame-set-of-5-gallery-wall-frame-set-horizontal-or-vertical-display-collage-wall-decor,shopify_US_7297968046150_43739387265094
variant size vs title size,the title also names 4x4 (the parent listing's size); the variant actually sold here is 16x20,4x4 | Picture Frame | Black | Modern - Premium Quality 16 x 20 Matted to 12 x 16 / Black,16x20,Picture Frame,00810131993443,,10.99,yes,https://americanflat.com/products/picture-frame-set-of-5-gallery-wall-frame-set-horizontal-or-vertical-display-collage-wall-decor,shopify_US_7297968046150_43759186575430
variant size vs title size,the title also names 4x4 (the parent listing's size); the variant actually sold here is 16x24,4x4 | Picture Frame | Black | Modern - Premium Quality 16 x 24 / Black,16x24,Picture Frame,00810131993832,,52.99,yes,https://americanflat.com/products/picture-frame-set-of-5-gallery-wall-frame-set-horizontal-or-vertical-display-collage-wall-decor,shopify_US_7297968046150_43739387527238
variant size vs title size,the title also names 4x4 (the parent listing's size); the variant actually sold here is 17x11,4x4 | Picture Frame | Black | Modern - Premium Quality 17x11 / Black,17x11,Picture Frame,00810131992156,,19.99,yes,https://americanflat.com/products/black-picture-frame-without-mat-glass-front,shopify_US_7979003150406_43899977760838
variant size vs title size,the title also names 4x4 (the parent listing's size); the variant actually sold here is 18x12,4x4 | Picture Frame | Black | Modern - Premium Quality 18x12 / Black,18x12,Picture Frame,00810131992163,,20.99,yes,https://americanflat.com/products/black-picture-frame-without-mat-glass-front,shopify_US_7979003150406_43899977793606
variant size vs title size,the title also names 4x4 (the parent listing's size); the variant actually sold here is 4x8,4x4 | Picture Frame | Black | Modern - Premium Quality 4x8 / Black,4x8,Picture Frame,00810131995539,,8.99,yes,https://americanflat.com/products/black-picture-frame-without-mat-glass-front,shopify_US_7979003150406_43899976941638
variant size vs title size,the title also names 4x4 (the parent listing's size); the variant actually sold here is 5x7,4x4 | Picture Frame | Black | Modern - Premium Quality 5 x 7 / Black,5x7,Picture Frame,00810131993368,,12.99,yes,https://americanflat.com/products/picture-frame-set-of-5-gallery-wall-frame-set-horizontal-or-vertical-display-collage-wall-decor,shopify_US_7297968046150_43739384873030
variant size vs title size,the title also names 4x4 (the parent listing's size); the variant actually sold here is 5x7,4x4 | Picture Frame | Black | Modern - Premium Quality 5 x 7 / Mahogany,5x7,Picture Frame,00810131995720,,10.99,yes,https://americanflat.com/products/picture-frame-set-of-5-gallery-wall-frame-set-horizontal-or-vertical-display-collage-wall-decor,shopify_US_7297968046150_43739384905798
variant size vs title size,the title also names 4x4 (the parent listing's size); the variant actually sold here is 5x7,4x4 | Picture Frame | Black | Modern - Premium Quality 5x7 / Black,5x7,Picture Frame,00810131992057,,8.99,yes,https://americanflat.com/products/black-picture-frame-without-mat-glass-front,shopify_US_7979003150406_43899976974406
variant size vs title size,the title also names 4x4 (the parent listing's size); the variant actually sold here is 6x6,4x4 | Picture Frame | Black | Modern - Premium Quality 6x6 / Black,6x6,Picture Frame,00810131992064,,9.99,yes,https://americanflat.com/products/black-picture-frame-without-mat-glass-front,shopify_US_7979003150406_43899977007174
variant size vs title size,the title also names 4x4 (the parent listing's size); the variant actually sold here is 6x8,4x4 | Picture Frame | Black | Modern - Premium Quality 6x8 / Black,6x8,Picture Frame,00810131992071,,10.99,yes,https://americanflat.com/products/black-picture-frame-without-mat-glass-front,shopify_US_7979003150406_43899977039942
variant size vs title size,the title also names 4x4 (the parent listing's size); the variant actually sold here is 6x9,4x4 | Picture Frame | Black | Modern - Premium Quality 6x9 / Black,6x9,Picture Frame,00810131995560,,10.99,yes,https://americanflat.com/products/black-picture-frame-without-mat-glass-front,shopify_US_7979003150406_43899977072710
variant size vs title size,the title also names 4x4 (the parent listing's size); the variant actually sold here is 7x7,4x4 | Picture Frame | Black | Modern - Premium Quality 7 x 7 / Black,7x7,Picture Frame,00810131993757,,10.99,yes,https://americanflat.com/products/picture-frame-set-of-5-gallery-wall-frame-set-horizontal-or-vertical-display-collage-wall-decor,shopify_US_7297968046150_43739384971334
variant size vs title size,the title also names 4x4 (the parent listing's size); the variant actually sold here is 7x7,4x4 | Picture Frame | Black | Modern - Premium Quality 7 x 7 / Mahogany,7x7,Picture Frame,00810131995768,,10.99,yes,https://americanflat.com/products/picture-frame-set-of-5-gallery-wall-frame-set-horizontal-or-vertical-display-collage-wall-decor,shopify_US_7297968046150_43739385004102
variant size vs title size,the title also names 4x4 (the parent listing's size); the variant actually sold here is 7x7,4x4 | Picture Frame | Black | Modern - Premium Quality 7 x 7 / White,7x7,Picture Frame,00810131995782,,10.99,yes,https://americanflat.com/products/picture-frame-set-of-5-gallery-wall-frame-set-horizontal-or-vertical-display-collage-wall-decor,shopify_US_7297968046150_43739385036870
variant size vs title size,the title also names 4x4 (the parent listing's size); the variant actually sold here is 7x10,4x4 | Picture Frame | Black | Modern - Premium Quality 7x10 / Black,7x10,Picture Frame,00850038118990,,10.99,yes,https://americanflat.com/products/black-picture-frame-without-mat-glass-front,shopify_US_7979003150406_43899977171014
variant size vs title size,the title also names 4x4 (the parent listing's size); the variant actually sold here is 7x7,4x4 | Picture Frame | Black | Modern - Premium Quality 7x7 / Black,7x7,Picture Frame,00850039095009,,9.99,yes,https://americanflat.com/products/black-picture-frame-without-mat-glass-front,shopify_US_7979003150406_43899977138246
variant size vs title size,the title also names 4x4 (the parent listing's size); the variant actually sold here is 8x10,4x4 | Picture Frame | Black | Modern - Premium Quality 8 x 10 / Black,8x10,Picture Frame,00850036466130,,10.99,yes,https://americanflat.com/products/picture-frame-set-of-5-gallery-wall-frame-set-horizontal-or-vertical-display-collage-wall-decor,shopify_US_7297968046150_43739385102406
variant size vs title size,the title also names 4x4 (the parent listing's size); the variant actually sold here is 8x10,4x4 | Picture Frame | Black | Modern - Premium Quality 8 x 10 / Gold,8x10,Picture Frame,00198301007337,,10.99,yes,https://americanflat.com/products/picture-frame-set-of-5-gallery-wall-frame-set-horizontal-or-vertical-display-collage-wall-decor,shopify_US_7297968046150_43739385200710
variant size vs title size,the title also names 4x4 (the parent listing's size); the variant actually sold here is 8x10,4x4 | Picture Frame | Black | Modern - Premium Quality 8 x 10 / Natural Oak,8x10,Picture Frame,00198301006958,,10.99,yes,https://americanflat.com/products/picture-frame-set-of-5-gallery-wall-frame-set-horizontal-or-vertical-display-collage-wall-decor,shopify_US_7297968046150_43739385233478
variant size vs title size,the title also names 4x4 (the parent listing's size); the variant actually sold here is 8x10,4x4 | Picture Frame | Black | Modern - Premium Quality 8 x 10 / White,8x10,Picture Frame,00850036466222,,10.99,yes,https://americanflat.com/products/picture-frame-set-of-5-gallery-wall-frame-set-horizontal-or-vertical-display-collage-wall-decor,shopify_US_7297968046150_43739385167942
variant size vs title size,the title also names 4x4 (the parent listing's size); the variant actually sold here is 8x11,4x4 | Picture Frame | Black | Modern - Premium Quality 8 x 11 / Black,8x11,Picture Frame,00810131993382,,21.99,no,https://americanflat.com/products/picture-frame-set-of-5-gallery-wall-frame-set-horizontal-or-vertical-display-collage-wall-decor,shopify_US_7297968046150_43739385299014
variant size vs title size,the title also names 4x4 (the parent listing's size); the variant actually sold here is 8x12,4x4 | Picture Frame | Black | Modern - Premium Quality 8 x 12 / Black,8x12,Picture Frame,00850036466147,,10.99,yes,https://americanflat.com/products/picture-frame-set-of-5-gallery-wall-frame-set-horizontal-or-vertical-display-collage-wall-decor,shopify_US_7297968046150_43739385331782
variant size vs title size,the title also names 4x4 (the parent listing's size); the variant actually sold here is 8x12,4x4 | Picture Frame | Black | Modern - Premium Quality 8 x 12 / Gold,8x12,Picture Frame,00198301007399,,10.99,yes,https://americanflat.com/products/picture-frame-set-of-5-gallery-wall-frame-set-horizontal-or-vertical-display-collage-wall-decor,shopify_US_7297968046150_43739385430086
variant size vs title size,the title also names 4x4 (the parent listing's size); the variant actually sold here is 8x12,4x4 | Picture Frame | Black | Modern - Premium Quality 8 x 12 / White,8x12,Picture Frame,00850036466239,,24.99,yes,https://americanflat.com/products/picture-frame-set-of-5-gallery-wall-frame-set-horizontal-or-vertical-display-collage-wall-decor,shopify_US_7297968046150_43739385397318
variant size vs title size,the title also names 4x4 (the parent listing's size); the variant actually sold here is 8x8,4x4 | Picture Frame | Black | Modern - Premium Quality 8 x 8 / Black,8x8,Picture Frame,00810131998820,,10.99,yes,https://americanflat.com/products/picture-frame-set-of-5-gallery-wall-frame-set-horizontal-or-vertical-display-collage-wall-decor,shopify_US_7297968046150_43739385069638
variant size vs title size,the title also names 4x4 (the parent listing's size); the variant actually sold here is 8.5x11,4x4 | Picture Frame | Black | Modern - Premium Quality 8.5 x 11 / Black,8.5x11,Picture Frame,00850039096426,,10.99,yes,https://americanflat.com/products/picture-frame-set-of-5-gallery-wall-frame-set-horizontal-or-vertical-display-collage-wall-decor,shopify_US_7297968046150_43739385528390
variant size vs title size,the title also names 4x4 (the parent listing's size); the variant actually sold here is 8.5x11,4x4 | Picture Frame | Black | Modern - Premium Quality 8.5 x 11 / White,8.5x11,Picture Frame,00850039096525,,10.99,yes,https://americanflat.com/products/picture-frame-set-of-5-gallery-wall-frame-set-horizontal-or-vertical-display-collage-wall-decor,shopify_US_7297968046150_43739385561158
variant size vs title size,the title also names 4x4 (the parent listing's size); the variant actually sold here is 8x10,4x4 | Picture Frame | Black | Modern - Premium Quality 8x10 / Black,8x10,Picture Frame,00810029118422,,9.99,yes,https://americanflat.com/products/black-picture-frame-without-mat-glass-front,shopify_US_7979003150406_43899977236550
variant size vs title size,the title also names 4x4 (the parent listing's size); the variant actually sold here is 8x11,4x4 | Picture Frame | Black | Modern - Premium Quality 8x11 / Black,8x11,Picture Frame,00810131992088,,9.99,yes,https://americanflat.com/products/black-picture-frame-without-mat-glass-front,shopify_US_7979003150406_43899977269318
variant size vs title size,the title also names 4x4 (the parent listing's size); the variant actually sold here is 8x16,4x4 | Picture Frame | Black | Modern - Premium Quality 8x16 / Black,8x16,Picture Frame,00850039095016,,15.99,yes,https://americanflat.com/products/black-picture-frame-without-mat-glass-front,shopify_US_7979003150406_43899977367622
variant size vs title size,the title also names 4x4 (the parent listing's size); the variant actually sold here is 8x20,4x4 | Picture Frame | Black | Modern - Premium Quality 8x20 / Black,8x20,Picture Frame,00850039095023,,16.99,yes,https://americanflat.com/products/black-picture-frame-without-mat-glass-front,shopify_US_7979003150406_43899977400390
variant size vs title size,the title also names 4x4 (the parent listing's size); the variant actually sold here is 8x24,4x4 | Picture Frame | Black | Modern - Premium Quality 8x24 / Black,8x24,Picture Frame,00850039095030,,19.99,yes,https://americanflat.com/products/black-picture-frame-without-mat-glass-front,shopify_US_7979003150406_43899977433158
variant size vs title size,the title also names 4x4 (the parent listing's size); the variant actually sold here is 8x8,4x4 | Picture Frame | Black | Modern - Premium Quality 8x8 / Black,8x8,Picture Frame,00810029118439,,9.99,no,https://americanflat.com/products/black-picture-frame-without-mat-glass-front,shopify_US_7979003150406_43899977203782
variant size vs title size,the title also names 4x4 (the parent listing's size); the variant actually sold here is 9x12,4x4 | Picture Frame | Black | Modern - Premium Quality 9 x 12 / Black,9x12,Picture Frame,00850036466154,,10.99,yes,https://americanflat.com/products/picture-frame-set-of-5-gallery-wall-frame-set-horizontal-or-vertical-display-collage-wall-decor,shopify_US_7297968046150_43739385790534
variant size vs title size,the title also names 4x4 (the parent listing's size); the variant actually sold here is 9x12,4x4 | Picture Frame | Black | Modern - Premium Quality 9 x 12 / Brown,9x12,Picture Frame,00850036466338,,26.99,yes,https://americanflat.com/products/picture-frame-set-of-5-gallery-wall-frame-set-horizontal-or-vertical-display-collage-wall-decor,shopify_US_7297968046150_43739385823302
variant size vs title size,the title also names 4x4 (the parent listing's size); the variant actually sold here is 9x12,4x4 | Picture Frame | Black | Modern - Premium Quality 9 x 12 / White,9x12,Picture Frame,00850036466246,,10.99,yes,https://americanflat.com/products/picture-frame-set-of-5-gallery-wall-frame-set-horizontal-or-vertical-display-collage-wall-decor,shopify_US_7297968046150_43739385856070
variant size vs title size,the title also names 4x4 (the parent listing's size); the variant actually sold here is 9x9,4x4 | Picture Frame | Black | Modern - Premium Quality 9 x 9 / Mahogany,9x9,Picture Frame,00810131995829,,25.99,yes,https://americanflat.com/products/picture-frame-set-of-5-gallery-wall-frame-set-horizontal-or-vertical-display-collage-wall-decor,shopify_US_7297968046150_43739385724998
variant size vs title size,the title also names 4x4 (the parent listing's size); the variant actually sold here is 9x9,4x4 | Picture Frame | Black | Modern - Premium Quality 9 x 9 / White,9x9,Picture Frame,00810131995843,,10.99,yes,https://americanflat.com/products/picture-frame-set-of-5-gallery-wall-frame-set-horizontal-or-vertical-display-collage-wall-decor,shopify_US_7297968046150_43739385757766
variant size vs title size,the title also names 4x4 (the parent listing's size); the variant actually sold here is 9x11,4x4 | Picture Frame | Black | Modern - Premium Quality 9x11 / Black,9x11,Picture Frame,00810131995614,,10.99,yes,https://americanflat.com/products/black-picture-frame-without-mat-glass-front,shopify_US_7979003150406_43899977302086
variant size vs title size,the title also names 4x4 (the parent listing's size); the variant actually sold here is 9x12,4x4 | Picture Frame | Black | Modern - Premium Quality 9x12 / Black,9x12,Picture Frame,00810029118446,,11.99,yes,https://americanflat.com/products/black-picture-frame-without-mat-glass-front,shopify_US_7979003150406_43899977334854
variant size vs title size,the title also names 4x4 (the parent listing's size); the variant actually sold here is 9x9,4x4 | Picture Frame | Black | Modern - Premium Quality 9x9 / Black,9x9,Picture Frame,00850039095047,,10.99,yes,https://americanflat.com/products/black-picture-frame-without-mat-glass-front,shopify_US_7979003150406_43899977105478
variant size vs title size,the title also names 4x4 (the parent listing's size); the variant actually sold here is 6x8,4x4 | Picture Frame | Set of 2 | Black | Modern - Premium Quality 6x8 / 2 Pack,6x8,Picture Frame,00810029117586,,12.99,yes,https://americanflat.com/products/11x14-in-black-set-of-2-use-as-8x10-with-mat-or-11x14-frame-without-mat-thin-border-shatter-resistant-glass-vertical-and-horizontal-display-picture-frame_framed-print,shopify_US_7266109718598_41077557526598
variant size vs title size,the title also names 4x4 (the parent listing's size); the variant actually sold here is 8x8,4x4 | Picture Frame | Set of 2 | Black | Modern - Premium Quality 8x8 / 2 Pack,8x8,Picture Frame,00810029117548,,14.99,yes,https://americanflat.com/products/11x14-in-black-set-of-2-use-as-8x10-with-mat-or-11x14-frame-without-mat-thin-border-shatter-resistant-glass-vertical-and-horizontal-display-picture-frame_framed-print,shopify_US_7266109718598_41077557493830
variant size vs title size,the title also names 4x4 (the parent listing's size); the variant actually sold here is 9x12,4x4 | Picture Frame | Set of 2 | Black | Modern - Premium Quality 9x12 / 2 Pack,9x12,Picture Frame,00810029117579,,18.99,yes,https://americanflat.com/products/11x14-in-black-set-of-2-use-as-8x10-with-mat-or-11x14-frame-without-mat-thin-border-shatter-resistant-glass-vertical-and-horizontal-display-picture-frame_framed-print,shopify_US_7266109718598_41077557461062
variant size vs title size,the title also names 4x6 (the parent listing's size); the variant actually sold here is 8x10,4x6 | Double Picture Frame | Holds Two 4x6 Photos | Black | Modern 8x10 / Black,8x10,Picture Frame,00791398936735,,10.99,yes,https://americanflat.com/products/americanflat-double-picture-frame-two-4x6-8x10-shatter-resistant-mdf,shopify_US_7974088441926_43875172778054
variant size vs title size,the title also names 4x6 (the parent listing's size); the variant actually sold here is 8x10,4x6 | Double Picture Frame | Holds Two 4x6 Photos | Black | Modern 8x10 / Driftwood,8x10,Picture Frame,00198301200264,,12.99,yes,https://americanflat.com/products/americanflat-double-picture-frame-two-4x6-8x10-shatter-resistant-mdf,shopify_US_7974088441926_45062587973702
variant size vs title size,the title also names 4x6 (the parent listing's size); the variant actually sold here is 8x10,4x6 | Double Picture Frame | Holds Two 4x6 Photos | Black | Modern 8x10 / White,8x10,Picture Frame,00850038117511,,11.99,yes,https://americanflat.com/products/americanflat-double-picture-frame-two-4x6-8x10-shatter-resistant-mdf,shopify_US_7974088441926_43875172810822
variant size vs title size,the title also names 4x6 (the parent listing's size); the variant actually sold here is 5x7,4x6 | Double Picture Frame | Walnut | Modern - Premium Quality 5x7 / Driftwood / Triple fold,5x7,Picture Frame,00850037537860,,14.99,no,https://americanflat.com/products/hinged-picture-frame-with-two-displays-composite-wood-with-polished-glass-for-tabletop,shopify_US_7314067849286_44916883062854
variant size vs title size,the title also names 4x6 (the parent listing's size); the variant actually sold here is 5x7,4x6 | Double Picture Frame | Walnut | Modern - Premium Quality 5x7 / Walnut / Doube fold,5x7,Picture Frame,00850038117603,,12.99,no,https://americanflat.com/products/hinged-picture-frame-with-two-displays-composite-wood-with-polished-glass-for-tabletop,shopify_US_7314067849286_41134064107590
variant size vs title size,the title also names 4x6 (the parent listing's size); the variant actually sold here is 5x7,4x6 | Double Picture Frame | Walnut | Modern - Premium Quality 5x7 / Walnut / Triple fold,5x7,Picture Frame,00850037537891,,14.99,no,https://americanflat.com/products/hinged-picture-frame-with-two-displays-composite-wood-with-polished-glass-for-tabletop,shopify_US_7314067849286_44916883095622
variant size vs title size,the title also names 4x6 (the parent listing's size); the variant actually sold here is 8x10,4x6 | Double Picture Frame | Walnut | Modern - Premium Quality 8x10 / Lightwood / Doube fold,8x10,Picture Frame,00850038117634,,19.99,no,https://americanflat.com/products/hinged-picture-frame-with-two-displays-composite-wood-with-polished-glass-for-tabletop,shopify_US_7314067849286_41134064304198
variant size vs title size,the title also names 4x6 (the parent listing's size); the variant actually sold here is 9x11,4x6 | Picture Frame with Storage | Holds 35 Photos | Black | Modern 9x11 / Black,9x11,Picture Frame,,,11.99,no,https://americanflat.com/products/black-storage-photo-frame-quick-change-front-loading,shopify_US_7974100566086_44106734469190
variant size vs title size,the title also names 4x6 (the parent listing's size); the variant actually sold here is 11x14,4x6 | Picture Frame | 2 Pack | Black | Modern - Premium Quality 11x14 / Black,11x14,Picture Frame,00810131998493,,22.99,yes,https://americanflat.com/products/picture-frame-set-of-2-engineered-wood-with-shatter-resistant-glass-horizontal-and-vertical-formats,shopify_US_7297521320006_41089371996230
variant size vs title size,the title also names 4x6 (the parent listing's size); the variant actually sold here is 13x19,4x6 | Picture Frame | 2 Pack | Black | Modern - Premium Quality 13x19 / Black,13x19,Picture Frame,00810029112369,,29.99,yes,https://americanflat.com/products/picture-frame-set-of-2-engineered-wood-with-shatter-resistant-glass-horizontal-and-vertical-formats,shopify_US_7297521320006_43738645758022
variant size vs title size,the title also names 4x6 (the parent listing's size); the variant actually sold here is 5x7,4x6 | Picture Frame | 2 Pack | Black | Modern - Premium Quality 5x7 / Black,5x7,Picture Frame,00791398908268,,12.99,yes,https://americanflat.com/products/picture-frame-set-of-2-engineered-wood-with-shatter-resistant-glass-horizontal-and-vertical-formats,shopify_US_7297521320006_43738645725254
variant size vs title size,the title also names 4x6 (the parent listing's size); the variant actually sold here is 8x8,4x6 | Picture Frame | Set of 6 | Black | Modern - Premium Quality 8x8 / Black / 9 Pack,8x8,Picture Frame,00198301001984,,39.99,no,https://americanflat.com/products/gallery-wall-picture-frames-sets,shopify_US_8358559940678_44916367884358
variant size vs title size,the title also names 5.5x14 (the parent listing's size); the variant actually sold here is 6x20,5.5x14 | Collage Picture Frame | White | Modern - Premium Quality 6x20 / Black / White,6x20,Picture Frame,00198301010238,,15.99,yes,https://americanflat.com/products/americanflat-signature-collage-frame-3-opening-shatter-resistant,shopify_US_7973639225414_43873796063302
variant size vs title size,the title also names 5.5x14 (the parent listing's size); the variant actually sold here is 6x20,5.5x14 | Collage Picture Frame | White | Modern - Premium Quality 6x20 / White / White,6x20,Picture Frame,00198301010375,,16.9,yes,https://americanflat.com/products/americanflat-signature-collage-frame-3-opening-shatter-resistant,shopify_US_7973639225414_43873796096070
variant size vs title size,the title also names 5.8x8.3 (the parent listing's size); the variant actually sold here is 16.5x23.4,5.8x8.3 | Picture Frame | Black | Modern - Premium Quality A2 (16.5x23.4) / Black / 1 Pack,16.5x23.4,Picture Frame,00810029116527,,11.99,yes,https://americanflat.com/products/a-sized-picture-frame-composite-wood-with-polished-plexiglass-horizontal-and-vertical-formats-for-wall-a2-a3-a4-a5-sizes,shopify_US_7298642935878_44855008493638
variant size vs title size,the title also names 5.8x8.3 (the parent listing's size); the variant actually sold here is 11.7x16.5,5.8x8.3 | Picture Frame | Black | Modern - Premium Quality A3 (11.7x16.5) / Silver / 1 Pack,11.7x16.5,Picture Frame,00850036047223,,11.99,yes,https://americanflat.com/products/a-sized-picture-frame-composite-wood-with-polished-plexiglass-horizontal-and-vertical-formats-for-wall-a2-a3-a4-a5-sizes,shopify_US_7298642935878_44855008460870
variant size vs title size,the title also names 5.8x8.3 (the parent listing's size); the variant actually sold here is 11.7x16.5,5.8x8.3 | Picture Frame | Black | Modern - Premium Quality A3 (11.7x16.5) / White / 1 Pack,11.7x16.5,Picture Frame,00810029116558,,11.99,yes,https://americanflat.com/products/a-sized-picture-frame-composite-wood-with-polished-plexiglass-horizontal-and-vertical-formats-for-wall-a2-a3-a4-a5-sizes,shopify_US_7298642935878_44855008264262
variant size vs title size,the title also names 5.8x8.3 (the parent listing's size); the variant actually sold here is 8.3x11.7,5.8x8.3 | Picture Frame | Black | Modern - Premium Quality A4 (8.3x11.7) / Black / 1 Pack,8.3x11.7,Picture Frame,00810029110419,,9.99,yes,https://americanflat.com/products/a-sized-picture-frame-composite-wood-with-polished-plexiglass-horizontal-and-vertical-formats-for-wall-a2-a3-a4-a5-sizes,shopify_US_7298642935878_44855007969350
variant size vs title size,the title also names 5.8x8.3 (the parent listing's size); the variant actually sold here is 8.3x11.7,5.8x8.3 | Picture Frame | Black | Modern - Premium Quality A4 (8.3x11.7) / Black / 2 Pack,8.3x11.7,Picture Frame,00810029117517,,14.99,yes,https://americanflat.com/products/a-sized-picture-frame-composite-wood-with-polished-plexiglass-horizontal-and-vertical-formats-for-wall-a2-a3-a4-a5-sizes,shopify_US_7298642935878_44855008591942
variant size vs title size,the title also names 5.8x8.3 (the parent listing's size); the variant actually sold here is 8.3x11.7,5.8x8.3 | Picture Frame | Black | Modern - Premium Quality A4 (8.3x11.7) / Driftwood / 1 Pack,8.3x11.7,Picture Frame,00850036047292,,12.99,yes,https://americanflat.com/products/a-sized-picture-frame-composite-wood-with-polished-plexiglass-horizontal-and-vertical-formats-for-wall-a2-a3-a4-a5-sizes,shopify_US_7298642935878_44855008165958
variant size vs title size,the title also names 5.8x8.3 (the parent listing's size); the variant actually sold here is 8.3x11.7,5.8x8.3 | Picture Frame | Black | Modern - Premium Quality A4 (8.3x11.7) / Gold / 1 Pack,8.3x11.7,Picture Frame,00850036047278,,11.99,yes,https://americanflat.com/products/a-sized-picture-frame-composite-wood-with-polished-plexiglass-horizontal-and-vertical-formats-for-wall-a2-a3-a4-a5-sizes,shopify_US_7298642935878_44855008100422
variant size vs title size,the title also names 5.8x8.3 (the parent listing's size); the variant actually sold here is 8.3x11.7,5.8x8.3 | Picture Frame | Black | Modern - Premium Quality A4 (8.3x11.7) / Lightwood / 1 Pack,8.3x11.7,Picture Frame,00850036047322,,11.99,yes,https://americanflat.com/products/a-sized-picture-frame-composite-wood-with-polished-plexiglass-horizontal-and-vertical-formats-for-wall-a2-a3-a4-a5-sizes,shopify_US_7298642935878_44855008133190
variant size vs title size,the title also names 5.8x8.3 (the parent listing's size); the variant actually sold here is 8.3x11.7,5.8x8.3 | Picture Frame | Black | Modern - Premium Quality A4 (8.3x11.7) / Oak / 1 Pack,8.3x11.7,Picture Frame,00850036047315,,11.99,yes,https://americanflat.com/products/a-sized-picture-frame-composite-wood-with-polished-plexiglass-horizontal-and-vertical-formats-for-wall-a2-a3-a4-a5-sizes,shopify_US_7298642935878_44855008034886
variant size vs title size,the title also names 5.8x8.3 (the parent listing's size); the variant actually sold here is 8.3x11.7,5.8x8.3 | Picture Frame | Black | Modern - Premium Quality A4 (8.3x11.7) / White / 1 Pack,8.3x11.7,Picture Frame,00810029116565,,8.99,no,https://americanflat.com/products/a-sized-picture-frame-composite-wood-with-polished-plexiglass-horizontal-and-vertical-formats-for-wall-a2-a3-a4-a5-sizes,shopify_US_7298642935878_44855008002118
variant size vs title size,the title also names 5x7 (the parent listing's size); the variant actually sold here is 8x8,5x7 with 4x6 Mat | Picture Frame - Soho Collection | Black | Modern 8x8 / White / 4x4,8x8,Picture Frame,00791398926064,,13.71,yes,https://americanflat.com/products/picture-frame-with-mat-deep-molding-frame-with-shatter-resistant-glass-and-hanging-hardware-included,shopify_US_7298598469702_44916328890438
variant size vs title size,the title also names 5x7 (the parent listing's size); the variant actually sold here is 12x16,5x7 with 4x6 Mat | Picture Frame | 2 Pack | Black | Modern - Premium Quality 12x16 with 9x12 mat / Silver,12x16,Picture Frame,00198301007092,,21.99,no,https://americanflat.com/products/americanflat-galleria-picture-frames-set-of-2-with-mat,shopify_US_8423987904582_45167844327494
variant size vs title size,the title also names 5x7 (the parent listing's size); the variant actually sold here is 10x10,5x7 with 4x6 Mat | Picture Frame | Grey | Modern - Premium Quality 10x10 / Brown,10x10,Picture Frame,00810131994174,,13.99,no,https://americanflat.com/products/picture-frame-with-mat-wide-frame-shatter-resistant-glass-hanging-hardware-and-easle-included,shopify_US_7302682935366_41103364161606
variant size vs title size,the title also names 5x7 (the parent listing's size); the variant actually sold here is 10x10,5x7 with 4x6 Mat | Picture Frame | Grey | Modern - Premium Quality 10x10 / Distressed Black,10x10,Picture Frame,00850046180859,,11.99,yes,https://americanflat.com/products/picture-frame-with-mat-wide-frame-shatter-resistant-glass-hanging-hardware-and-easle-included,shopify_US_7302682935366_41103364096070
variant size vs title size,the title also names 5x7 (the parent listing's size); the variant actually sold here is 10x10,5x7 with 4x6 Mat | Picture Frame | Grey | Modern - Premium Quality 10x10 / Distressed White,10x10,Picture Frame,00810131994211,,11.99,yes,https://americanflat.com/products/picture-frame-with-mat-wide-frame-shatter-resistant-glass-hanging-hardware-and-easle-included,shopify_US_7302682935366_41103364292678
variant size vs title size,the title also names 5x7 (the parent listing's size); the variant actually sold here is 10x10,5x7 with 4x6 Mat | Picture Frame | Grey | Modern - Premium Quality 10x10 / Gold,10x10,Picture Frame,00810131994198,,13.99,yes,https://americanflat.com/products/picture-frame-with-mat-wide-frame-shatter-resistant-glass-hanging-hardware-and-easle-included,shopify_US_7302682935366_41103364227142
variant size vs title size,the title also names 5x7 (the parent listing's size); the variant actually sold here is 10x10,5x7 with 4x6 Mat | Picture Frame | Grey | Modern - Premium Quality 10x10 / Grey,10x10,Picture Frame,00810131994167,,13.99,yes,https://americanflat.com/products/picture-frame-with-mat-wide-frame-shatter-resistant-glass-hanging-hardware-and-easle-included,shopify_US_7302682935366_41103364128838
variant size vs title size,the title also names 5x7 (the parent listing's size); the variant actually sold here is 10x10,5x7 with 4x6 Mat | Picture Frame | Grey | Modern - Premium Quality 10x10 / Natural Oak,10x10,Picture Frame,00810131994181,,13.99,yes,https://americanflat.com/products/picture-frame-with-mat-wide-frame-shatter-resistant-glass-hanging-hardware-and-easle-included,shopify_US_7302682935366_41103364194374
variant size vs title size,the title also names 5x7 (the parent listing's size); the variant actually sold here is 10x10,5x7 with 4x6 Mat | Picture Frame | Grey | Modern - Premium Quality 10x10 / Silver,10x10,Picture Frame,00810131994204,,12.99,no,https://americanflat.com/products/picture-frame-with-mat-wide-frame-shatter-resistant-glass-hanging-hardware-and-easle-included,shopify_US_7302682935366_41103364259910
variant size vs title size,the title also names 5x7 (the parent listing's size); the variant actually sold here is 11x14,5x7 with 4x6 Mat | Picture Frame | Grey | Modern - Premium Quality 11x14 Matted to 8x10 / Brown,11x14,Picture Frame,00810131994242,,16.99,yes,https://americanflat.com/products/picture-frame-with-mat-wide-frame-shatter-resistant-glass-hanging-hardware-and-easle-included,shopify_US_7302682935366_43759183462470
variant size vs title size,the title also names 5x7 (the parent listing's size); the variant actually sold here is 11x14,5x7 with 4x6 Mat | Picture Frame | Grey | Modern - Premium Quality 11x14 Matted to 8x10 / Distressed Black,11x14,Picture Frame,00850046180873,,15.99,yes,https://americanflat.com/products/picture-frame-with-mat-wide-frame-shatter-resistant-glass-hanging-hardware-and-easle-included,shopify_US_7302682935366_43759183364166
variant size vs title size,the title also names 5x7 (the parent listing's size); the variant actually sold here is 11x14,5x7 with 4x6 Mat | Picture Frame | Grey | Modern - Premium Quality 11x14 Matted to 8x10 / Distressed White,11x14,Picture Frame,00810131994327,,15.99,yes,https://americanflat.com/products/picture-frame-with-mat-wide-frame-shatter-resistant-glass-hanging-hardware-and-easle-included,shopify_US_7302682935366_43759183593542
variant size vs title size,the title also names 5x7 (the parent listing's size); the variant actually sold here is 11x14,5x7 with 4x6 Mat | Picture Frame | Grey | Modern - Premium Quality 11x14 Matted to 8x10 / Gold,11x14,Picture Frame,00810131994280,,16.99,yes,https://americanflat.com/products/picture-frame-with-mat-wide-frame-shatter-resistant-glass-hanging-hardware-and-easle-included,shopify_US_7302682935366_43759183528006
variant size vs title size,the title also names 5x7 (the parent listing's size); the variant actually sold here is 11x14,5x7 with 4x6 Mat | Picture Frame | Grey | Modern - Premium Quality 11x14 Matted to 8x10 / Grey,11x14,Picture Frame,00810131994228,,16.99,yes,https://americanflat.com/products/picture-frame-with-mat-wide-frame-shatter-resistant-glass-hanging-hardware-and-easle-included,shopify_US_7302682935366_43759183396934
variant size vs title size,the title also names 5x7 (the parent listing's size); the variant actually sold here is 11x14,5x7 with 4x6 Mat | Picture Frame | Grey | Modern - Premium Quality 11x14 Matted to 8x10 / Natural Oak,11x14,Picture Frame,00810131994266,,16.99,yes,https://americanflat.com/products/picture-frame-with-mat-wide-frame-shatter-resistant-glass-hanging-hardware-and-easle-included,shopify_US_7302682935366_43759183495238
variant size vs title size,the title also names 5x7 (the parent listing's size); the variant actually sold here is 11x14,5x7 with 4x6 Mat | Picture Frame | Grey | Modern - Premium Quality 11x14 Matted to 8x10 / Silver,11x14,Picture Frame,00810131994303,,16.99,no,https://americanflat.com/products/picture-frame-with-mat-wide-frame-shatter-resistant-glass-hanging-hardware-and-easle-included,shopify_US_7302682935366_43759183560774
variant size vs title size,the title also names 5x7 (the parent listing's size); the variant actually sold here is 11x14,5x7 with 4x6 Mat | Picture Frame | Grey | Modern - Premium Quality 11x14 Matted to 8x11 / Brown,11x14,Picture Frame,00810131994259,,14.99,no,https://americanflat.com/products/picture-frame-with-mat-wide-frame-shatter-resistant-glass-hanging-hardware-and-easle-included,shopify_US_7302682935366_43759183691846
variant size vs title size,the title also names 5x7 (the parent listing's size); the variant actually sold here is 11x14,5x7 with 4x6 Mat | Picture Frame | Grey | Modern - Premium Quality 11x14 Matted to 8x11 / Distressed Black,11x14,Picture Frame,00810131992200,,15.99,no,https://americanflat.com/products/picture-frame-with-mat-wide-frame-shatter-resistant-glass-hanging-hardware-and-easle-included,shopify_US_7302682935366_43759183626310
variant size vs title size,the title also names 5x7 (the parent listing's size); the variant actually sold here is 11x14,5x7 with 4x6 Mat | Picture Frame | Grey | Modern - Premium Quality 11x14 Matted to 8x11 / Distressed White,11x14,Picture Frame,00810131994334,,12.99,yes,https://americanflat.com/products/picture-frame-with-mat-wide-frame-shatter-resistant-glass-hanging-hardware-and-easle-included,shopify_US_7302682935366_43759183822918
variant size vs title size,the title also names 5x7 (the parent listing's size); the variant actually sold here is 11x14,5x7 with 4x6 Mat | Picture Frame | Grey | Modern - Premium Quality 11x14 Matted to 8x11 / Gold,11x14,Picture Frame,00810131994297,,14.99,no,https://americanflat.com/products/picture-frame-with-mat-wide-frame-shatter-resistant-glass-hanging-hardware-and-easle-included,shopify_US_7302682935366_43759183757382
variant size vs title size,the title also names 5x7 (the parent listing's size); the variant actually sold here is 11x14,5x7 with 4x6 Mat | Picture Frame | Grey | Modern - Premium Quality 11x14 Matted to 8x11 / Grey,11x14,Picture Frame,00810131994235,,13.99,yes,https://americanflat.com/products/picture-frame-with-mat-wide-frame-shatter-resistant-glass-hanging-hardware-and-easle-included,shopify_US_7302682935366_43759183659078
variant size vs title size,the title also names 5x7 (the parent listing's size); the variant actually sold here is 11x14,5x7 with 4x6 Mat | Picture Frame | Grey | Modern - Premium Quality 11x14 Matted to 8x11 / Natural Oak,11x14,Picture Frame,00810131994273,,16.99,yes,https://americanflat.com/products/picture-frame-with-mat-wide-frame-shatter-resistant-glass-hanging-hardware-and-easle-included,shopify_US_7302682935366_43759183724614
variant size vs title size,the title also names 5x7 (the parent listing's size); the variant actually sold here is 11x14,5x7 with 4x6 Mat | Picture Frame | Grey | Modern - Premium Quality 11x14 Matted to 8x11 / Silver,11x14,Picture Frame,00810131994310,,13.99,yes,https://americanflat.com/products/picture-frame-with-mat-wide-frame-shatter-resistant-glass-hanging-hardware-and-easle-included,shopify_US_7302682935366_43759183790150
variant size vs title size,the title also names 5x7 (the parent listing's size); the variant actually sold here is 11x17,5x7 with 4x6 Mat | Picture Frame | Grey | Modern - Premium Quality 11x17 / Brown,11x17,Picture Frame,00810131994358,,17.99,yes,https://americanflat.com/products/picture-frame-with-mat-wide-frame-shatter-resistant-glass-hanging-hardware-and-easle-included,shopify_US_7302682935366_41103364882502
variant size vs title size,the title also names 5x7 (the parent listing's size); the variant actually sold here is 11x17,5x7 with 4x6 Mat | Picture Frame | Grey | Modern - Premium Quality 11x17 / Distressed Black,11x17,Picture Frame,00850046180880,,16.99,yes,https://americanflat.com/products/picture-frame-with-mat-wide-frame-shatter-resistant-glass-hanging-hardware-and-easle-included,shopify_US_7302682935366_41103364784198
variant size vs title size,the title also names 5x7 (the parent listing's size); the variant actually sold here is 11x17,5x7 with 4x6 Mat | Picture Frame | Grey | Modern - Premium Quality 11x17 / Distressed White,11x17,Picture Frame,00810131994396,,16.99,yes,https://americanflat.com/products/picture-frame-with-mat-wide-frame-shatter-resistant-glass-hanging-hardware-and-easle-included,shopify_US_7302682935366_41103364948038
variant size vs title size,the title also names 5x7 (the parent listing's size); the variant actually sold here is 11x17,5x7 with 4x6 Mat | Picture Frame | Grey | Modern - Premium Quality 11x17 / Gold,11x17,Picture Frame,00810131994372,,19.99,yes,https://americanflat.com/products/picture-frame-with-mat-wide-frame-shatter-resistant-glass-hanging-hardware-and-easle-included,shopify_US_7302682935366_41103364816966
variant size vs title size,the title also names 5x7 (the parent listing's size); the variant actually sold here is 11x17,5x7 with 4x6 Mat | Picture Frame | Grey | Modern - Premium Quality 11x17 / Grey,11x17,Picture Frame,00810131994341,,13.99,no,https://americanflat.com/products/picture-frame-with-mat-wide-frame-shatter-resistant-glass-hanging-hardware-and-easle-included,shopify_US_7302682935366_41103364980806
variant size vs title size,the title also names 5x7 (the parent listing's size); the variant actually sold here is 11x17,5x7 with 4x6 Mat | Picture Frame | Grey | Modern - Premium Quality 11x17 / Natural Oak,11x17,Picture Frame,00810131994365,,17.99,yes,https://americanflat.com/products/picture-frame-with-mat-wide-frame-shatter-resistant-glass-hanging-hardware-and-easle-included,shopify_US_7302682935366_41103364915270
variant size vs title size,the title also names 5x7 (the parent listing's size); the variant actually sold here is 11x17,5x7 with 4x6 Mat | Picture Frame | Grey | Modern - Premium Quality 11x17 / Silver,11x17,Picture Frame,00810131994389,,13.99,yes,https://americanflat.com/products/picture-frame-with-mat-wide-frame-shatter-resistant-glass-hanging-hardware-and-easle-included,shopify_US_7302682935366_41103364849734
variant size vs title size,the title also names 5x7 (the parent listing's size); the variant actually sold here is 12x12,5x7 with 4x6 Mat | Picture Frame | Grey | Modern - Premium Quality 12x12 / Brown,12x12,Picture Frame,00810131994419,,19.99,yes,https://americanflat.com/products/picture-frame-with-mat-wide-frame-shatter-resistant-glass-hanging-hardware-and-easle-included,shopify_US_7302682935366_41103365079110
variant size vs title size,the title also names 5x7 (the parent listing's size); the variant actually sold here is 12x12,5x7 with 4x6 Mat | Picture Frame | Grey | Modern - Premium Quality 12x12 / Distressed Black,12x12,Picture Frame,00850046180866,,17.99,no,https://americanflat.com/products/picture-frame-with-mat-wide-frame-shatter-resistant-glass-hanging-hardware-and-easle-included,shopify_US_7302682935366_41103365013574
variant size vs title size,the title also names 5x7 (the parent listing's size); the variant actually sold here is 12x12,5x7 with 4x6 Mat | Picture Frame | Grey | Modern - Premium Quality 12x12 / Distressed White,12x12,Picture Frame,00810131994457,,19.99,yes,https://americanflat.com/products/picture-frame-with-mat-wide-frame-shatter-resistant-glass-hanging-hardware-and-easle-included,shopify_US_7302682935366_41103365210182
variant size vs title size,the title also names 5x7 (the parent listing's size); the variant actually sold here is 12x12,5x7 with 4x6 Mat | Picture Frame | Grey | Modern - Premium Quality 12x12 / Gold,12x12,Picture Frame,00810131994433,,19.99,yes,https://americanflat.com/products/picture-frame-with-mat-wide-frame-shatter-resistant-glass-hanging-hardware-and-easle-included,shopify_US_7302682935366_41103365144646
variant size vs title size,the title also names 5x7 (the parent listing's size); the variant actually sold here is 12x12,5x7 with 4x6 Mat | Picture Frame | Grey | Modern - Premium Quality 12x12 / Grey,12x12,Picture Frame,00810131994402,,19.99,yes,https://americanflat.com/products/picture-frame-with-mat-wide-frame-shatter-resistant-glass-hanging-hardware-and-easle-included,shopify_US_7302682935366_41103365046342
variant size vs title size,the title also names 5x7 (the parent listing's size); the variant actually sold here is 12x12,5x7 with 4x6 Mat | Picture Frame | Grey | Modern - Premium Quality 12x12 / Natural Oak,12x12,Picture Frame,00810131994426,,19.99,yes,https://americanflat.com/products/picture-frame-with-mat-wide-frame-shatter-resistant-glass-hanging-hardware-and-easle-included,shopify_US_7302682935366_41103365111878
variant size vs title size,the title also names 5x7 (the parent listing's size); the variant actually sold here is 12x12,5x7 with 4x6 Mat | Picture Frame | Grey | Modern - Premium Quality 12x12 / Silver,12x12,Picture Frame,00810131994440,,14.99,yes,https://americanflat.com/products/picture-frame-with-mat-wide-frame-shatter-resistant-glass-hanging-hardware-and-easle-included,shopify_US_7302682935366_41103365177414
variant size vs title size,the title also names 5x7 (the parent listing's size); the variant actually sold here is 12x15,5x7 with 4x6 Mat | Picture Frame | Grey | Modern - Premium Quality 12x15 / Brown,12x15,Picture Frame,00810131994471,,19.99,yes,https://americanflat.com/products/picture-frame-with-mat-wide-frame-shatter-resistant-glass-hanging-hardware-and-easle-included,shopify_US_7302682935366_41103365308486
variant size vs title size,the title also names 5x7 (the parent listing's size); the variant actually sold here is 12x15,5x7 with 4x6 Mat | Picture Frame | Grey | Modern - Premium Quality 12x15 / Distressed Black,12x15,Picture Frame,00810131992217,,19.99,yes,https://americanflat.com/products/picture-frame-with-mat-wide-frame-shatter-resistant-glass-hanging-hardware-and-easle-included,shopify_US_7302682935366_41103365242950
variant size vs title size,the title also names 5x7 (the parent listing's size); the variant actually sold here is 12x15,5x7 with 4x6 Mat | Picture Frame | Grey | Modern - Premium Quality 12x15 / Distressed White,12x15,Picture Frame,00810131994518,,19.99,no,https://americanflat.com/products/picture-frame-with-mat-wide-frame-shatter-resistant-glass-hanging-hardware-and-easle-included,shopify_US_7302682935366_41103365439558
variant size vs title size,the title also names 5x7 (the parent listing's size); the variant actually sold here is 12x15,5x7 with 4x6 Mat | Picture Frame | Grey | Modern - Premium Quality 12x15 / Gold,12x15,Picture Frame,00810131994495,,19.99,yes,https://americanflat.com/products/picture-frame-with-mat-wide-frame-shatter-resistant-glass-hanging-hardware-and-easle-included,shopify_US_7302682935366_41103365341254
variant size vs title size,the title also names 5x7 (the parent listing's size); the variant actually sold here is 12x15,5x7 with 4x6 Mat | Picture Frame | Grey | Modern - Premium Quality 12x15 / Grey,12x15,Picture Frame,00810131994464,,19.99,yes,https://americanflat.com/products/picture-frame-with-mat-wide-frame-shatter-resistant-glass-hanging-hardware-and-easle-included,shopify_US_7302682935366_41103365275718
variant size vs title size,the title also names 5x7 (the parent listing's size); the variant actually sold here is 12x15,5x7 with 4x6 Mat | Picture Frame | Grey | Modern - Premium Quality 12x15 / Natural Oak,12x15,Picture Frame,00810131994488,,19.99,no,https://americanflat.com/products/picture-frame-with-mat-wide-frame-shatter-resistant-glass-hanging-hardware-and-easle-included,shopify_US_7302682935366_41103365406790
variant size vs title size,the title also names 5x7 (the parent listing's size); the variant actually sold here is 12x15,5x7 with 4x6 Mat | Picture Frame | Grey | Modern - Premium Quality 12x15 / Silver,12x15,Picture Frame,00810131994501,,14.99,yes,https://americanflat.com/products/picture-frame-with-mat-wide-frame-shatter-resistant-glass-hanging-hardware-and-easle-included,shopify_US_7302682935366_41103365374022
variant size vs title size,the title also names 5x7 (the parent listing's size); the variant actually sold here is 8x10,5x7 with 4x6 Mat | Picture Frame | Grey | Modern - Premium Quality 8x10 / Brown,8x10,Picture Frame,00810131993993,,12.99,yes,https://americanflat.com/products/picture-frame-with-mat-wide-frame-shatter-resistant-glass-hanging-hardware-and-easle-included,shopify_US_7302682935366_41103365701702
variant size vs title size,the title also names 5x7 (the parent listing's size); the variant actually sold here is 8x10,5x7 with 4x6 Mat | Picture Frame | Grey | Modern - Premium Quality 8x10 / Distressed Black,8x10,Picture Frame,00850046180842,,11.99,yes,https://americanflat.com/products/picture-frame-with-mat-wide-frame-shatter-resistant-glass-hanging-hardware-and-easle-included,shopify_US_7302682935366_41103365668934
variant size vs title size,the title also names 5x7 (the parent listing's size); the variant actually sold here is 8x10,5x7 with 4x6 Mat | Picture Frame | Grey | Modern - Premium Quality 8x10 / Distressed White,8x10,Picture Frame,00810131994037,,11.99,yes,https://americanflat.com/products/picture-frame-with-mat-wide-frame-shatter-resistant-glass-hanging-hardware-and-easle-included,shopify_US_7302682935366_41103365832774
variant size vs title size,the title also names 5x7 (the parent listing's size); the variant actually sold here is 8x10,5x7 with 4x6 Mat | Picture Frame | Grey | Modern - Premium Quality 8x10 / Gold,8x10,Picture Frame,00810131994013,,12.99,yes,https://americanflat.com/products/picture-frame-with-mat-wide-frame-shatter-resistant-glass-hanging-hardware-and-easle-included,shopify_US_7302682935366_41103365767238
variant size vs title size,the title also names 5x7 (the parent listing's size); the variant actually sold here is 8x10,5x7 with 4x6 Mat | Picture Frame | Grey | Modern - Premium Quality 8x10 / Grey,8x10,Picture Frame,00810131993986,,12.99,no,https://americanflat.com/products/picture-frame-with-mat-wide-frame-shatter-resistant-glass-hanging-hardware-and-easle-included,shopify_US_7302682935366_41103365865542
variant size vs title size,the title also names 5x7 (the parent listing's size); the variant actually sold here is 8x10,5x7 with 4x6 Mat | Picture Frame | Grey | Modern - Premium Quality 8x10 / Natural Oak,8x10,Picture Frame,00810131994006,,12.99,yes,https://americanflat.com/products/picture-frame-with-mat-wide-frame-shatter-resistant-glass-hanging-hardware-and-easle-included,shopify_US_7302682935366_41103365734470
variant size vs title size,the title also names 5x7 (the parent listing's size); the variant actually sold here is 8x10,5x7 with 4x6 Mat | Picture Frame | Grey | Modern - Premium Quality 8x10 / Silver,8x10,Picture Frame,00810131994020,,12.99,yes,https://americanflat.com/products/picture-frame-with-mat-wide-frame-shatter-resistant-glass-hanging-hardware-and-easle-included,shopify_US_7302682935366_41103365800006
variant size vs title size,the title also names 5x7 (the parent listing's size); the variant actually sold here is 8x8,5x7 with 4x6 Mat | Picture Frame | Grey | Modern - Premium Quality 8x8 / Brown,8x8,Picture Frame,00810131993931,,10.99,yes,https://americanflat.com/products/picture-frame-with-mat-wide-frame-shatter-resistant-glass-hanging-hardware-and-easle-included,shopify_US_7302682935366_41103365931078
variant size vs title size,the title also names 5x7 (the parent listing's size); the variant actually sold here is 8x8,5x7 with 4x6 Mat | Picture Frame | Grey | Modern - Premium Quality 8x8 / Distressed Black,8x8,Picture Frame,00850046180835,,9.99,yes,https://americanflat.com/products/picture-frame-with-mat-wide-frame-shatter-resistant-glass-hanging-hardware-and-easle-included,shopify_US_7302682935366_41103365898310
variant size vs title size,the title also names 5x7 (the parent listing's size); the variant actually sold here is 8x8,5x7 with 4x6 Mat | Picture Frame | Grey | Modern - Premium Quality 8x8 / Distressed White,8x8,Picture Frame,00810131993979,,9.99,yes,https://americanflat.com/products/picture-frame-with-mat-wide-frame-shatter-resistant-glass-hanging-hardware-and-easle-included,shopify_US_7302682935366_41103366094918
variant size vs title size,the title also names 5x7 (the parent listing's size); the variant actually sold here is 8x8,5x7 with 4x6 Mat | Picture Frame | Grey | Modern - Premium Quality 8x8 / Gold,8x8,Picture Frame,00810131993955,,10.99,yes,https://americanflat.com/products/picture-frame-with-mat-wide-frame-shatter-resistant-glass-hanging-hardware-and-easle-included,shopify_US_7302682935366_41103366029382
variant size vs title size,the title also names 5x7 (the parent listing's size); the variant actually sold here is 8x8,5x7 with 4x6 Mat | Picture Frame | Grey | Modern - Premium Quality 8x8 / Grey,8x8,Picture Frame,00810131993924,,9.99,yes,https://americanflat.com/products/picture-frame-with-mat-wide-frame-shatter-resistant-glass-hanging-hardware-and-easle-included,shopify_US_7302682935366_41103365963846
variant size vs title size,the title also names 5x7 (the parent listing's size); the variant actually sold here is 8x8,5x7 with 4x6 Mat | Picture Frame | Grey | Modern - Premium Quality 8x8 / Natural Oak,8x8,Picture Frame,00810131993948,,9.99,yes,https://americanflat.com/products/picture-frame-with-mat-wide-frame-shatter-resistant-glass-hanging-hardware-and-easle-included,shopify_US_7302682935366_41103365996614
variant size vs title size,the title also names 5x7 (the parent listing's size); the variant actually sold here is 8x8,5x7 with 4x6 Mat | Picture Frame | Grey | Modern - Premium Quality 8x8 / Silver,8x8,Picture Frame,00810131993962,,10.99,no,https://americanflat.com/products/picture-frame-with-mat-wide-frame-shatter-resistant-glass-hanging-hardware-and-easle-included,shopify_US_7302682935366_41103366062150
variant size vs title size,the title also names 5x7 (the parent listing's size); the variant actually sold here is 9x11,5x7 with 4x6 Mat | Picture Frame | Grey | Modern - Premium Quality 9x11 / Brown,9x11,Picture Frame,00810131994112,,12.99,yes,https://americanflat.com/products/picture-frame-with-mat-wide-frame-shatter-resistant-glass-hanging-hardware-and-easle-included,shopify_US_7302682935366_41103366160454
variant size vs title size,the title also names 5x7 (the parent listing's size); the variant actually sold here is 9x11,5x7 with 4x6 Mat | Picture Frame | Grey | Modern - Premium Quality 9x11 / Distressed Black,9x11,Picture Frame,00810131992194,,11.99,yes,https://americanflat.com/products/picture-frame-with-mat-wide-frame-shatter-resistant-glass-hanging-hardware-and-easle-included,shopify_US_7302682935366_41103366127686
variant size vs title size,the title also names 5x7 (the parent listing's size); the variant actually sold here is 9x11,5x7 with 4x6 Mat | Picture Frame | Grey | Modern - Premium Quality 9x11 / Distressed White,9x11,Picture Frame,00810131994150,,12.99,yes,https://americanflat.com/products/picture-frame-with-mat-wide-frame-shatter-resistant-glass-hanging-hardware-and-easle-included,shopify_US_7302682935366_41103366324294
variant size vs title size,the title also names 5x7 (the parent listing's size); the variant actually sold here is 9x11,5x7 with 4x6 Mat | Picture Frame | Grey | Modern - Premium Quality 9x11 / Gold,9x11,Picture Frame,00810131994136,,12.99,yes,https://americanflat.com/products/picture-frame-with-mat-wide-frame-shatter-resistant-glass-hanging-hardware-and-easle-included,shopify_US_7302682935366_41103366258758
variant size vs title size,the title also names 5x7 (the parent listing's size); the variant actually sold here is 9x11,5x7 with 4x6 Mat | Picture Frame | Grey | Modern - Premium Quality 9x11 / Grey,9x11,Picture Frame,00810131994105,,12.99,yes,https://americanflat.com/products/picture-frame-with-mat-wide-frame-shatter-resistant-glass-hanging-hardware-and-easle-included,shopify_US_7302682935366_41103366225990
variant size vs title size,the title also names 5x7 (the parent listing's size); the variant actually sold here is 9x11,5x7 with 4x6 Mat | Picture Frame | Grey | Modern - Premium Quality 9x11 / Natural Oak,9x11,Picture Frame,00810131994129,,12.99,no,https://americanflat.com/products/picture-frame-with-mat-wide-frame-shatter-resistant-glass-hanging-hardware-and-easle-included,shopify_US_7302682935366_41103366193222
variant size vs title size,the title also names 5x7 (the parent listing's size); the variant actually sold here is 9x11,5x7 with 4x6 Mat | Picture Frame | Grey | Modern - Premium Quality 9x11 / Silver,9x11,Picture Frame,00810131994143,,12.99,no,https://americanflat.com/products/picture-frame-with-mat-wide-frame-shatter-resistant-glass-hanging-hardware-and-easle-included,shopify_US_7302682935366_41103366291526
variant size vs title size,the title also names 5x7 (the parent listing's size); the variant actually sold here is 9x9,5x7 with 4x6 Mat | Picture Frame | Grey | Modern - Premium Quality 9x9 / Brown,9x9,Picture Frame,00810131994051,,11.99,yes,https://americanflat.com/products/picture-frame-with-mat-wide-frame-shatter-resistant-glass-hanging-hardware-and-easle-included,shopify_US_7302682935366_41103366389830
variant size vs title size,the title also names 5x7 (the parent listing's size); the variant actually sold here is 9x9,5x7 with 4x6 Mat | Picture Frame | Grey | Modern - Premium Quality 9x9 / Distressed Black,9x9,Picture Frame,00810131992187,,10.99,yes,https://americanflat.com/products/picture-frame-with-mat-wide-frame-shatter-resistant-glass-hanging-hardware-and-easle-included,shopify_US_7302682935366_41103366357062
variant size vs title size,the title also names 5x7 (the parent listing's size); the variant actually sold here is 9x9,5x7 with 4x6 Mat | Picture Frame | Grey | Modern - Premium Quality 9x9 / Distressed White,9x9,Picture Frame,00810131994099,,11.99,yes,https://americanflat.com/products/picture-frame-with-mat-wide-frame-shatter-resistant-glass-hanging-hardware-and-easle-included,shopify_US_7302682935366_41103366520902
variant size vs title size,the title also names 5x7 (the parent listing's size); the variant actually sold here is 9x9,5x7 with 4x6 Mat | Picture Frame | Grey | Modern - Premium Quality 9x9 / Gold,9x9,Picture Frame,00810131994075,,11.99,yes,https://americanflat.com/products/picture-frame-with-mat-wide-frame-shatter-resistant-glass-hanging-hardware-and-easle-included,shopify_US_7302682935366_41103366553670
variant size vs title size,the title also names 5x7 (the parent listing's size); the variant actually sold here is 9x9,5x7 with 4x6 Mat | Picture Frame | Grey | Modern - Premium Quality 9x9 / Grey,9x9,Picture Frame,00810131994044,,11.99,yes,https://americanflat.com/products/picture-frame-with-mat-wide-frame-shatter-resistant-glass-hanging-hardware-and-easle-included,shopify_US_7302682935366_41103366422598
variant size vs title size,the title also names 5x7 (the parent listing's size); the variant actually sold here is 9x9,5x7 with 4x6 Mat | Picture Frame | Grey | Modern - Premium Quality 9x9 / Natural Oak,9x9,Picture Frame,00810131994068,,11.99,yes,https://americanflat.com/products/picture-frame-with-mat-wide-frame-shatter-resistant-glass-hanging-hardware-and-easle-included,shopify_US_7302682935366_41103366455366
variant size vs title size,the title also names 5x7 (the parent listing's size); the variant actually sold here is 9x9,5x7 with 4x6 Mat | Picture Frame | Grey | Modern - Premium Quality 9x9 / Silver,9x9,Picture Frame,00810131994082,,11.99,no,https://americanflat.com/products/picture-frame-with-mat-wide-frame-shatter-resistant-glass-hanging-hardware-and-easle-included,shopify_US_7302682935366_41103366488134
variant size vs title size,the title also names 5x7 (the parent listing's size); the variant actually sold here is 11x14,5x7 with 4x6 Mat | Shadow Box Frame | Black | Modern - Premium Quality 11x14 / Driftwood,11x14,Shadow Box,,,13.99,no,https://americanflat.com/products/shadow-box-frame-with-mat-and-soft-linen-back-small-shadow-box-frame-with-engineered-wood,shopify_US_7314075091014_45167904686150
variant size vs title size,the title also names 5x7 (the parent listing's size); the variant actually sold here is 12x16,5x7 with 4x6 Mat | Shadow Box Frame | Black | Modern - Premium Quality 12x16 / Mahogany,12x16,Shadow Box,,,14.99,no,https://americanflat.com/products/shadow-box-frame-with-mat-and-soft-linen-back-small-shadow-box-frame-with-engineered-wood,shopify_US_7314075091014_45167904817222
variant size vs title size,the title also names 5x7 (the parent listing's size); the variant actually sold here is 12x16,5x7 with 4x6 Mat | Shadow Box Frame | Black | Modern - Premium Quality 12x16 / White,12x16,Shadow Box,,,13.99,no,https://americanflat.com/products/shadow-box-frame-with-mat-and-soft-linen-back-small-shadow-box-frame-with-engineered-wood,shopify_US_7314075091014_45167904849990
variant size vs title size,the title also names 5x7 (the parent listing's size); the variant actually sold here is 16x20,5x7 with 4x6 Mat | Shadow Box Frame | Black | Modern - Premium Quality 16x20 / Black,16x20,Shadow Box,,,13.99,no,https://americanflat.com/products/shadow-box-frame-with-mat-and-soft-linen-back-small-shadow-box-frame-with-engineered-wood,shopify_US_7314075091014_45167904882758
variant size vs title size,the title also names 5x7 (the parent listing's size); the variant actually sold here is 16x20,5x7 with 4x6 Mat | Shadow Box Frame | Black | Modern - Premium Quality 16x20 / Driftwood,16x20,Shadow Box,00810131997816,,39.99,no,https://americanflat.com/products/shadow-box-frame-with-mat-and-soft-linen-back-small-shadow-box-frame-with-engineered-wood,shopify_US_7314075091014_41134141964358
variant size vs title size,the title also names 5x7 (the parent listing's size); the variant actually sold here is 16x20,5x7 with 4x6 Mat | Shadow Box Frame | Black | Modern - Premium Quality 16x20 / Driftwood,16x20,Shadow Box,,,13.99,no,https://americanflat.com/products/shadow-box-frame-with-mat-and-soft-linen-back-small-shadow-box-frame-with-engineered-wood,shopify_US_7314075091014_45167904915526
variant size vs title size,the title also names 5x7 (the parent listing's size); the variant actually sold here is 8x10,5x7 with 4x6 Mat | Shadow Box Frame | Black | Modern - Premium Quality 8x10 / Driftwood,8x10,Shadow Box,,,13.99,no,https://americanflat.com/products/shadow-box-frame-with-mat-and-soft-linen-back-small-shadow-box-frame-with-engineered-wood,shopify_US_7314075091014_45167904522310
variant size vs title size,the title also names 5x7 (the parent listing's size); the variant actually sold here is 8x10,5x7 with 4x6 Mat | Shadow Box Frame | Black | Modern - Premium Quality 8x10 / Walnut,8x10,Shadow Box,,,13.99,no,https://americanflat.com/products/shadow-box-frame-with-mat-and-soft-linen-back-small-shadow-box-frame-with-engineered-wood,shopify_US_7314075091014_45167905013830
variant size vs title size,the title also names 5x7 (the parent listing's size); the variant actually sold here is 8x10,5x7 with 4x6 Mat | Shadow Box Frame | Black | Modern - Premium Quality 8x10 / White,8x10,Shadow Box,,,13.99,no,https://americanflat.com/products/shadow-box-frame-with-mat-and-soft-linen-back-small-shadow-box-frame-with-engineered-wood,shopify_US_7314075091014_45167904587846
variant size vs title size,the title also names 5x7 (the parent listing's size); the variant actually sold here is 8x8,5x7 with 4x6 Mat | Shadow Box Frame | Black | Modern - Premium Quality 8x8 / Black,8x8,Shadow Box,,,13.99,no,https://americanflat.com/products/shadow-box-frame-with-mat-and-soft-linen-back-small-shadow-box-frame-with-engineered-wood,shopify_US_7314075091014_45167904424006
variant size vs title size,the title also names 5x7 (the parent listing's size); the variant actually sold here is 8x8,5x7 with 4x6 Mat | Shadow Box Frame | Black | Modern - Premium Quality 8x8 / Driftwood,8x8,Shadow Box,00810131997519,,13.99,no,https://americanflat.com/products/shadow-box-frame-with-mat-and-soft-linen-back-small-shadow-box-frame-with-engineered-wood,shopify_US_7314075091014_41134141177926
variant size vs title size,the title also names 5x7 (the parent listing's size); the variant actually sold here is 11x14,5x7 | Floating Picture Frame | Black | Modern - Premium Quality 11x14 / Black,11x14,Picture Frame,00789075280929,,21.99,yes,https://americanflat.com/products/floating-picture-frame-crystal-clear-glass,shopify_US_7975222673478_43881596223558
variant size vs title size,the title also names 5x7 (the parent listing's size); the variant actually sold here is 11x14,5x7 | Floating Picture Frame | Black | Modern - Premium Quality 11x14 / Dark Oak,11x14,Picture Frame,00810029116725,,21.99,yes,https://americanflat.com/products/floating-picture-frame-crystal-clear-glass,shopify_US_7975222673478_43881596256326
variant size vs title size,the title also names 5x7 (the parent listing's size); the variant actually sold here is 11x14,5x7 | Floating Picture Frame | Black | Modern - Premium Quality 11x14 / Polished Brass,11x14,Picture Frame,00810029116718,,21.99,yes,https://americanflat.com/products/floating-picture-frame-crystal-clear-glass,shopify_US_7975222673478_43881596289094
variant size vs title size,the title also names 5x7 (the parent listing's size); the variant actually sold here is 11x14,5x7 | Floating Picture Frame | Black | Modern - Premium Quality 11x14 / White,11x14,Picture Frame,00810029116695,,21.99,yes,https://americanflat.com/products/floating-picture-frame-crystal-clear-glass,shopify_US_7975222673478_43881596321862
variant size vs title size,the title also names 5x7 (the parent listing's size); the variant actually sold here is 12x18,5x7 | Floating Picture Frame | Black | Modern - Premium Quality 12x18 / Black,12x18,Picture Frame,00850038117665,,29.99,no,https://americanflat.com/products/floating-picture-frame-crystal-clear-glass,shopify_US_7975222673478_43881596354630
variant size vs title size,the title also names 5x7 (the parent listing's size); the variant actually sold here is 8.5x11,5x7 | Floating Picture Frame | Black | Modern - Premium Quality 8.5x11 / Black,8.5x11,Picture Frame,00789075281148,,14.99,yes,https://americanflat.com/products/floating-picture-frame-crystal-clear-glass,shopify_US_7975222673478_43881596420166
variant size vs title size,the title also names 5x7 (the parent listing's size); the variant actually sold here is 8.5x11,5x7 | Floating Picture Frame | Black | Modern - Premium Quality 8.5x11 / White,8.5x11,Picture Frame,00810029116749,,14.99,yes,https://americanflat.com/products/floating-picture-frame-crystal-clear-glass,shopify_US_7975222673478_43881596387398
variant size vs title size,the title also names 5x7 (the parent listing's size); the variant actually sold here is 8x10,5x7 | Floating Picture Frame | Black | Modern - Premium Quality 8x10 / Black,8x10,Picture Frame,00789075280899,,14.99,no,https://americanflat.com/products/floating-picture-frame-crystal-clear-glass,shopify_US_7975222673478_43881596158022
variant size vs title size,the title also names 5x7 (the parent listing's size); the variant actually sold here is 8x10,5x7 | Floating Picture Frame | Black | Modern - Premium Quality 8x10 / White,8x10,Picture Frame,00810029116732,,14.99,no,https://americanflat.com/products/floating-picture-frame-crystal-clear-glass,shopify_US_7975222673478_43881596190790
variant size vs title size,the title also names 5x7 (the parent listing's size); the variant actually sold here is 8x10,5x7 | Hinged Picture Frame | Black | Modern - Premium Quality 8x10 / Black,8x10,Picture Frame,00810029110433,,17.99,yes,https://americanflat.com/products/hinged-double-picture-frame-without-mat,shopify_US_7976732819526_43893435039814
variant size vs title size,the title also names 5x7 (the parent listing's size); the variant actually sold here is 8x10,5x7 | Hinged Picture Frame | Black | Modern - Premium Quality 8x10 / Mahogany,8x10,Picture Frame,00810029112017,,19.99,yes,https://americanflat.com/products/hinged-double-picture-frame-without-mat,shopify_US_7976732819526_43893435072582
variant size vs title size,the title also names 5x7 (the parent listing's size); the variant actually sold here is 8x10,5x7 | Hinged Picture Frame | Black | Modern - Premium Quality 8x10 / White,8x10,Picture Frame,00810029112000,,19.99,no,https://americanflat.com/products/hinged-double-picture-frame-without-mat,shopify_US_7976732819526_43893435105350
variant size vs title size,the title also names 5x7 (the parent listing's size); the variant actually sold here is 11x11,5x7 | Picture Frame | Set of 4 | Black | Modern - Premium Quality 11x11 / Black / 2 Pack,11x11,Picture Frame,00850036047520,,19.99,yes,https://americanflat.com/products/picture-frame-with-mat-set-of-4-engineered-wood-photo-frame-with-shatter-resistant-glass,shopify_US_7297082359878_44926550376518
variant size vs title size,the title also names 5x7 (the parent listing's size); the variant actually sold here is 11x13,5x7 | Picture Frame | Set of 4 | Black | Modern - Premium Quality 11x13 / Black / 2 Pack,11x13,Picture Frame,00850036047025,,21.99,no,https://americanflat.com/products/picture-frame-with-mat-set-of-4-engineered-wood-photo-frame-with-shatter-resistant-glass,shopify_US_7297082359878_44926550409286
variant size vs title size,the title also names 5x7 (the parent listing's size); the variant actually sold here is 11x14,5x7 | Picture Frame | Set of 4 | Black | Modern - Premium Quality 11x14 / Black / 2 Pack,11x14,Picture Frame,00758381223807,,22.99,no,https://americanflat.com/products/picture-frame-with-mat-set-of-4-engineered-wood-photo-frame-with-shatter-resistant-glass,shopify_US_7297082359878_45159376683078
variant size vs title size,the title also names 5x7 (the parent listing's size); the variant actually sold here is 11x14,5x7 | Picture Frame | Set of 4 | Black | Modern - Premium Quality 11x14 / Black / 4 Pack,11x14,Picture Frame,00850037537563,,39.99,no,https://americanflat.com/products/picture-frame-with-mat-set-of-4-engineered-wood-photo-frame-with-shatter-resistant-glass,shopify_US_7297082359878_41087682412614
variant size vs title size,the title also names 5x7 (the parent listing's size); the variant actually sold here is 11x14,5x7 | Picture Frame | Set of 4 | Black | Modern - Premium Quality 11x14 / Driftwood / 2 Pack,11x14,Picture Frame,00850037537631,,23.99,no,https://americanflat.com/products/picture-frame-with-mat-set-of-4-engineered-wood-photo-frame-with-shatter-resistant-glass,shopify_US_7297082359878_44926550442054
variant size vs title size,the title also names 5x7 (the parent listing's size); the variant actually sold here is 11x14,5x7 | Picture Frame | Set of 4 | Black | Modern - Premium Quality 11x14 / Gold / 2 Pack,11x14,Picture Frame,00850037537662,,23.99,yes,https://americanflat.com/products/picture-frame-with-mat-set-of-4-engineered-wood-photo-frame-with-shatter-resistant-glass,shopify_US_7297082359878_44926550507590
variant size vs title size,the title also names 5x7 (the parent listing's size); the variant actually sold here is 11x14,5x7 | Picture Frame | Set of 4 | Black | Modern - Premium Quality 11x14 / Lightwood / 2 Pack,11x14,Picture Frame,00850037537648,,23.99,no,https://americanflat.com/products/picture-frame-with-mat-set-of-4-engineered-wood-photo-frame-with-shatter-resistant-glass,shopify_US_7297082359878_44926550474822
variant size vs title size,the title also names 5x7 (the parent listing's size); the variant actually sold here is 11x14,5x7 | Picture Frame | Set of 4 | Black | Modern - Premium Quality 11x14 / Lightwood / 2 Pack,11x14,Picture Frame,00850037537648,,23.99,no,https://americanflat.com/products/picture-frame-with-mat-set-of-4-engineered-wood-photo-frame-with-shatter-resistant-glass,shopify_US_8423987871814_45167841607750
variant size vs title size,the title also names 5x7 (the parent listing's size); the variant actually sold here is 11x14,5x7 | Picture Frame | Set of 4 | Black | Modern - Premium Quality 11x14 / Oak / 2 Pack,11x14,Picture Frame,00850037537655,,23.99,no,https://americanflat.com/products/picture-frame-with-mat-set-of-4-engineered-wood-photo-frame-with-shatter-resistant-glass,shopify_US_7297082359878_45159376781382
variant size vs title size,the title also names 5x7 (the parent listing's size); the variant actually sold here is 11x14,5x7 | Picture Frame | Set of 4 | Black | Modern - Premium Quality 11x14 / Silver / 2 Pack,11x14,Picture Frame,00850037537679,,23.99,no,https://americanflat.com/products/picture-frame-with-mat-set-of-4-engineered-wood-photo-frame-with-shatter-resistant-glass,shopify_US_7297082359878_44926550540358
variant size vs title size,the title also names 5x7 (the parent listing's size); the variant actually sold here is 11x14,5x7 | Picture Frame | Set of 4 | Black | Modern - Premium Quality 11x14 / Walnut / 2 Pack,11x14,Picture Frame,00850037537686,,13.99,yes,https://americanflat.com/products/picture-frame-with-mat-set-of-4-engineered-wood-photo-frame-with-shatter-resistant-glass,shopify_US_7297082359878_44926550573126
variant size vs title size,the title also names 5x7 (the parent listing's size); the variant actually sold here is 11x14,5x7 | Picture Frame | Set of 4 | Black | Modern - Premium Quality 11x14 / White / 1 Pack,11x14,Picture Frame,00659699677989,,12.99,yes,https://americanflat.com/products/picture-frame-with-mat-set-of-4-engineered-wood-photo-frame-with-shatter-resistant-glass,shopify_US_7297082359878_45159376617542
variant size vs title size,the title also names 5x7 (the parent listing's size); the variant actually sold here is 11x14,5x7 | Picture Frame | Set of 4 | Black | Modern - Premium Quality 11x14 / White / 2 Pack,11x14,Picture Frame,00810029119528,,13.99,yes,https://americanflat.com/products/picture-frame-with-mat-set-of-4-engineered-wood-photo-frame-with-shatter-resistant-glass,shopify_US_7297082359878_44926550605894
variant size vs title size,the title also names 5x7 (the parent listing's size); the variant actually sold here is 12x16,5x7 | Picture Frame | Set of 4 | Black | Modern - Premium Quality 12x16 / Black / 2 Pack,12x16,Picture Frame,00850036466413,,29.99,yes,https://americanflat.com/products/picture-frame-with-mat-set-of-4-engineered-wood-photo-frame-with-shatter-resistant-glass,shopify_US_7297082359878_45159376748614
variant size vs title size,the title also names 5x7 (the parent listing's size); the variant actually sold here is 12x16,5x7 | Picture Frame | Set of 4 | Black | Modern - Premium Quality 12x16 / Black / 4 Pack,12x16,Picture Frame,00850037537945,,44.99,no,https://americanflat.com/products/picture-frame-with-mat-set-of-4-engineered-wood-photo-frame-with-shatter-resistant-glass,shopify_US_8423987871814_45167841411142
variant size vs title size,the title also names 5x7 (the parent listing's size); the variant actually sold here is 12x16,5x7 | Picture Frame | Set of 4 | Black | Modern - Premium Quality 12x16 / Black / 4 Pack,12x16,Picture Frame,00850037537945,,44.99,no,https://americanflat.com/products/picture-frame-with-mat-set-of-4-engineered-wood-photo-frame-with-shatter-resistant-glass,shopify_US_7297082359878_41087682379846
variant size vs title size,the title also names 5x7 (the parent listing's size); the variant actually sold here is 6x8,5x7 | Picture Frame | Set of 4 | Black | Modern - Premium Quality 6x8 / Black / 2 Pack,6x8,Picture Frame,00810029119597,,14.99,yes,https://americanflat.com/products/picture-frame-with-mat-set-of-4-engineered-wood-photo-frame-with-shatter-resistant-glass,shopify_US_7297082359878_44926550343750
variant size vs title size,the title also names 5x7 (the parent listing's size); the variant actually sold here is 8x10,5x7 | Picture Frame | Set of 4 | Black | Modern - Premium Quality 8x10 / Black / 1 Pack,8x10,Picture Frame,00791398906363,,9.99,yes,https://americanflat.com/products/picture-frame-with-mat-set-of-4-engineered-wood-photo-frame-with-shatter-resistant-glass,shopify_US_7297082359878_45159376846918
variant size vs title size,the title also names 5x7 (the parent listing's size); the variant actually sold here is 8x10,5x7 | Picture Frame | Set of 4 | Black | Modern - Premium Quality 8x10 / Black / 2 Pack,8x10,Picture Frame,00789075280394,,16.99,yes,https://americanflat.com/products/picture-frame-with-mat-set-of-4-engineered-wood-photo-frame-with-shatter-resistant-glass,shopify_US_7297082359878_45159376715846
variant size vs title size,the title also names 5x7 (the parent listing's size); the variant actually sold here is 8x10,5x7 | Picture Frame | Set of 4 | Black | Modern - Premium Quality 8x10 / Black / 4 Pack,8x10,Picture Frame,00789075280721,,29.99,yes,https://americanflat.com/products/picture-frame-with-mat-set-of-4-engineered-wood-photo-frame-with-shatter-resistant-glass,shopify_US_7297082359878_41087682281542
variant size vs title size,the title also names 5x7 (the parent listing's size); the variant actually sold here is 9x12,5x7 | Picture Frame | Set of 4 | Black | Modern - Premium Quality 9x12 / Black / 2 Pack,9x12,Picture Frame,00850001296038,,12.99,yes,https://americanflat.com/products/picture-frame-with-mat-set-of-4-engineered-wood-photo-frame-with-shatter-resistant-glass,shopify_US_7297082359878_45159376650310
variant size vs title size,the title also names 5x7 (the parent listing's size); the variant actually sold here is 9x12,5x7 | Picture Frame | Set of 4 | Black | Modern - Premium Quality 9x12 / Black / 4 Pack,9x12,Picture Frame,00850037537792,,34.99,yes,https://americanflat.com/products/picture-frame-with-mat-set-of-4-engineered-wood-photo-frame-with-shatter-resistant-glass,shopify_US_7297082359878_41087682347078
variant size vs title size,the title also names 5x7 (the parent listing's size); the variant actually sold here is 11x14,5x7 | Picture Frame | Set of 4 | Black | Modern - Premium Quality Black / 11x14 / 2 Pack,11x14,Picture Frame,00758381223807,,22.99,no,https://americanflat.com/products/picture-frame-with-mat-set-of-4-engineered-wood-photo-frame-with-shatter-resistant-glass,shopify_US_8423987871814_45167841804358
variant size vs title size,the title also names 5x7 (the parent listing's size); the variant actually sold here is 11x14,5x7 | Picture Frame | Set of 4 | Black | Modern - Premium Quality Oak / 11x14 / 2 Pack,11x14,Picture Frame,00850037537655,,23.99,no,https://americanflat.com/products/picture-frame-with-mat-set-of-4-engineered-wood-photo-frame-with-shatter-resistant-glass,shopify_US_8423987871814_45167841902662
variant size vs title size,the title also names 6x14 (the parent listing's size); the variant actually sold here is 12x12,6x14 | Black | Collage Frame | Signature 12x12 / Black,12x12,Picture Frame,00198301010498,,32.99,yes,https://americanflat.com/products/collage-picture-frame-multi-photo-display-with-removable-mat-wall-decor,shopify_US_8398589952070_45047871733830
variant size vs title size,the title also names 6x14 (the parent listing's size); the variant actually sold here is 12x18,6x14 | Black | Collage Frame | Signature 12x18 / Black,12x18,Picture Frame,00198301010597,,37.99,yes,https://americanflat.com/products/collage-picture-frame-multi-photo-display-with-removable-mat-wall-decor,shopify_US_8398589952070_45047871799366
variant size vs title size,the title also names 6x14 (the parent listing's size); the variant actually sold here is 7x16,6x14 | Black | Collage Frame | Signature 7x16 / White,7x16,Picture Frame,00198301010719,,29.99,yes,https://americanflat.com/products/collage-picture-frame-multi-photo-display-with-removable-mat-wall-decor,shopify_US_8398589952070_45047871701062
variant size vs title size,the title also names 8.5x11 (the parent listing's size); the variant actually sold here is 11.5x14,8.5x11 | Black | Document Frame | Signature 11.5x14 / Black,11.5x14,Picture Frame,00810131995645,,17.99,yes,https://americanflat.com/products/8-5x11-diploma-frame-use-as-diploma-frame-or-certificate-frame-with-shatter-resistant-glass-for-wall-and-tabletop,shopify_US_7303993622598_45062625132614
variant size vs title size,the title also names 8.5x11 (the parent listing's size); the variant actually sold here is 10x10,8.5x11 | Walnut | Picture Frame | Streamline 10x10 / Black / 1 Pack,10x10,Picture Frame,00810131993122,,10.99,yes,https://americanflat.com/products/streamline-picture-frame,shopify_US_8432962011206_45207414014022
variant size vs title size,the title also names 8.5x11 (the parent listing's size); the variant actually sold here is 10x12,8.5x11 | Walnut | Picture Frame | Streamline 10x12 / Black / 1 Pack,10x12,Picture Frame,00810131990725,,10.99,no,https://americanflat.com/products/streamline-picture-frame,shopify_US_8432962011206_45207417913414
variant size vs title size,the title also names 8.5x11 (the parent listing's size); the variant actually sold here is 10x13,8.5x11 | Walnut | Picture Frame | Streamline 10x13 / Black / 1 Pack,10x13,Picture Frame,00810131990718,,11.99,yes,https://americanflat.com/products/streamline-picture-frame,shopify_US_8432962011206_45207413686342
variant size vs title size,the title also names 8.5x11 (the parent listing's size); the variant actually sold here is 10x14,8.5x11 | Walnut | Picture Frame | Streamline 10x14 / Black / 1 Pack,10x14,Picture Frame,00810131993139,,11.99,no,https://americanflat.com/products/streamline-picture-frame,shopify_US_8432962011206_45207417946182
variant size vs title size,the title also names 8.5x11 (the parent listing's size); the variant actually sold here is 10x15,8.5x11 | Walnut | Picture Frame | Streamline 10x15 / Black / 1 Pack,10x15,Picture Frame,00810131993528,,13.99,yes,https://americanflat.com/products/streamline-picture-frame,shopify_US_8432962011206_45207415947334
variant size vs title size,the title also names 8.5x11 (the parent listing's size); the variant actually sold here is 10x20,8.5x11 | Walnut | Picture Frame | Streamline 10x20 / Black / 1 Pack,10x20,Picture Frame,00810131993535,,19.99,yes,https://americanflat.com/products/streamline-picture-frame,shopify_US_8432962011206_45207415783494
variant size vs title size,the title also names 8.5x11 (the parent listing's size); the variant actually sold here is 11x13,8.5x11 | Walnut | Picture Frame | Streamline 11x13 / Black / 1 Pack,11x13,Picture Frame,00810131993542,,9.99,yes,https://americanflat.com/products/streamline-picture-frame,shopify_US_8432962011206_45207415685190
variant size vs title size,the title also names 8.5x11 (the parent listing's size); the variant actually sold here is 11x14,8.5x11 | Walnut | Picture Frame | Streamline 11x14 / Black / 1 Pack,11x14,Picture Frame,00810131990626,,11.99,no,https://americanflat.com/products/streamline-picture-frame,shopify_US_8432962011206_45207417651270
variant size vs title size,the title also names 8.5x11 (the parent listing's size); the variant actually sold here is 11x14,8.5x11 | Walnut | Picture Frame | Streamline 11x14 / Black / 2 Pack,11x14,Picture Frame,00198301002349,,21.99,no,https://americanflat.com/products/streamline-picture-frame,shopify_US_8432962011206_45207418273862
variant size vs title size,the title also names 8.5x11 (the parent listing's size); the variant actually sold here is 11x14,8.5x11 | Walnut | Picture Frame | Streamline 11x14 / Natural Oak / 1 Pack,11x14,Picture Frame,00198301197847,,6.65,no,https://americanflat.com/products/streamline-picture-frame,shopify_US_8432962011206_45207417323590
variant size vs title size,the title also names 8.5x11 (the parent listing's size); the variant actually sold here is 11x14,8.5x11 | Walnut | Picture Frame | Streamline 11x14 / White / 1 Pack,11x14,Picture Frame,00198301000253,,9.99,no,https://americanflat.com/products/streamline-picture-frame,shopify_US_8432962011206_45207417782342
variant size vs title size,the title also names 8.5x11 (the parent listing's size); the variant actually sold here is 11x15,8.5x11 | Walnut | Picture Frame | Streamline 11x15 / Black / 1 Pack,11x15,Picture Frame,00810131990701,,12.99,yes,https://americanflat.com/products/streamline-picture-frame,shopify_US_8432962011206_45207415029830
variant size vs title size,the title also names 8.5x11 (the parent listing's size); the variant actually sold here is 11x16,8.5x11 | Walnut | Picture Frame | Streamline 11x16 / Black / 1 Pack,11x16,Picture Frame,00810131993559,,11.99,yes,https://americanflat.com/products/streamline-picture-frame,shopify_US_8432962011206_45207416143942
variant size vs title size,the title also names 8.5x11 (the parent listing's size); the variant actually sold here is 11x17,8.5x11 | Walnut | Picture Frame | Streamline 11x17 / Black / 1 Pack,11x17,Picture Frame,00850038117740,,15.99,yes,https://americanflat.com/products/streamline-picture-frame,shopify_US_8432962011206_45207414276166
variant size vs title size,the title also names 8.5x11 (the parent listing's size); the variant actually sold here is 11x17,8.5x11 | Walnut | Picture Frame | Streamline 11x17 / White / 1 Pack,11x17,Picture Frame,00198301000260,,15.99,no,https://americanflat.com/products/streamline-picture-frame,shopify_US_8432962011206_45207416733766
variant size vs title size,the title also names 8.5x11 (the parent listing's size); the variant actually sold here is 11x20,8.5x11 | Walnut | Picture Frame | Streamline 11x20 / Black / 1 Pack,11x20,Picture Frame,00810131993566,,26.99,yes,https://americanflat.com/products/streamline-picture-frame,shopify_US_8432962011206_45207416176710
variant size vs title size,the title also names 8.5x11 (the parent listing's size); the variant actually sold here is 11x22,8.5x11 | Walnut | Picture Frame | Streamline 11x22 / Black / 1 Pack,11x22,Picture Frame,00810131991005,,18.99,yes,https://americanflat.com/products/streamline-picture-frame,shopify_US_8432962011206_45207415062598
variant size vs title size,the title also names 8.5x11 (the parent listing's size); the variant actually sold here is 12x15,8.5x11 | Walnut | Picture Frame | Streamline 12x15 / Black / 1 Pack,12x15,Picture Frame,00810131990787,,12.99,yes,https://americanflat.com/products/streamline-picture-frame,shopify_US_8432962011206_45207414997062
variant size vs title size,the title also names 8.5x11 (the parent listing's size); the variant actually sold here is 12x16,8.5x11 | Walnut | Picture Frame | Streamline 12x16 / Black / 1 Pack,12x16,Picture Frame,00810131990619,,12.99,yes,https://americanflat.com/products/streamline-picture-frame,shopify_US_8432962011206_45207414964294
variant size vs title size,the title also names 8.5x11 (the parent listing's size); the variant actually sold here is 12x16,8.5x11 | Walnut | Picture Frame | Streamline 12x16 / White / 1 Pack,12x16,Picture Frame,00198301000321,,14.99,no,https://americanflat.com/products/streamline-picture-frame,shopify_US_8432962011206_45207416700998
variant size vs title size,the title also names 8.5x11 (the parent listing's size); the variant actually sold here is 12x17,8.5x11 | Walnut | Picture Frame | Streamline 12x17 / Black / 1 Pack,12x17,Picture Frame,00810131993160,,16.99,yes,https://americanflat.com/products/streamline-picture-frame,shopify_US_8432962011206_45207415488582
variant size vs title size,the title also names 8.5x11 (the parent listing's size); the variant actually sold here is 12x18,8.5x11 | Walnut | Picture Frame | Streamline 12x18 / Black / 1 Pack,12x18,Picture Frame,00850038118686,,17.99,yes,https://americanflat.com/products/streamline-picture-frame,shopify_US_8432962011206_45207414341702
variant size vs title size,the title also names 8.5x11 (the parent listing's size); the variant actually sold here is 12x18,8.5x11 | Walnut | Picture Frame | Streamline 12x18 / Black / 2 Pack,12x18,Picture Frame,00810131998769,,29.99,no,https://americanflat.com/products/streamline-picture-frame,shopify_US_8432962011206_45207418306630
variant size vs title size,the title also names 8.5x11 (the parent listing's size); the variant actually sold here is 12x18,8.5x11 | Walnut | Picture Frame | Streamline 12x18 / Natural Oak / 1 Pack,12x18,Picture Frame,00198301197885,,6.65,no,https://americanflat.com/products/streamline-picture-frame,shopify_US_8432962011206_45207417290822
variant size vs title size,the title also names 8.5x11 (the parent listing's size); the variant actually sold here is 12x18,8.5x11 | Walnut | Picture Frame | Streamline 12x18 / White / 1 Pack,12x18,Picture Frame,00198301000338,,17.99,no,https://americanflat.com/products/streamline-picture-frame,shopify_US_8432962011206_45207416668230
variant size vs title size,the title also names 8.5x11 (the parent listing's size); the variant actually sold here is 12x20,8.5x11 | Walnut | Picture Frame | Streamline 12x20 / Black / 1 Pack,12x20,Picture Frame,00810131993177,,22.99,yes,https://americanflat.com/products/streamline-picture-frame,shopify_US_8432962011206_45207415619654
variant size vs title size,the title also names 8.5x11 (the parent listing's size); the variant actually sold here is 12x24,8.5x11 | Walnut | Picture Frame | Streamline 12x24 / Black / 1 Pack,12x24,Picture Frame,00810131993184,,25.99,yes,https://americanflat.com/products/streamline-picture-frame,shopify_US_8432962011206_45207415357510
variant size vs title size,the title also names 8.5x11 (the parent listing's size); the variant actually sold here is 12x36,8.5x11 | Walnut | Picture Frame | Streamline 12x36 / Black / 1 Pack,12x36,Picture Frame,00810131990992,,27.99,yes,https://americanflat.com/products/streamline-picture-frame,shopify_US_8432962011206_45207414865990
variant size vs title size,the title also names 8.5x11 (the parent listing's size); the variant actually sold here is 13x13,8.5x11 | Walnut | Picture Frame | Streamline 13x13 / Black / 1 Pack,13x13,Picture Frame,00810131990770,,16.99,no,https://americanflat.com/products/streamline-picture-frame,shopify_US_8432962011206_45207417880646
variant size vs title size,the title also names 8.5x11 (the parent listing's size); the variant actually sold here is 13x16,8.5x11 | Walnut | Picture Frame | Streamline 13x16 / Black / 1 Pack,13x16,Picture Frame,00810131993207,,14.99,yes,https://americanflat.com/products/streamline-picture-frame,shopify_US_8432962011206_45207415226438
variant size vs title size,the title also names 8.5x11 (the parent listing's size); the variant actually sold here is 13x17,8.5x11 | Walnut | Picture Frame | Streamline 13x17 / Black / 1 Pack,13x17,Picture Frame,00810131993214,,14.99,yes,https://americanflat.com/products/streamline-picture-frame,shopify_US_8432962011206_45207415324742
variant size vs title size,the title also names 8.5x11 (the parent listing's size); the variant actually sold here is 13x18,8.5x11 | Walnut | Picture Frame | Streamline 13x18 / Black / 1 Pack,13x18,Picture Frame,00810131993856,,19.99,no,https://americanflat.com/products/streamline-picture-frame,shopify_US_8432962011206_45207417618502
variant size vs title size,the title also names 8.5x11 (the parent listing's size); the variant actually sold here is 13x19,8.5x11 | Walnut | Picture Frame | Streamline 13x19 / Black / 1 Pack,13x19,Picture Frame,00810131990855,,18.99,yes,https://americanflat.com/products/streamline-picture-frame,shopify_US_8432962011206_45207414767686
variant size vs title size,the title also names 8.5x11 (the parent listing's size); the variant actually sold here is 13x19,8.5x11 | Walnut | Picture Frame | Streamline 13x19 / White / 1 Pack,13x19,Picture Frame,00198301000369,,18.99,no,https://americanflat.com/products/streamline-picture-frame,shopify_US_8432962011206_45207416635462
variant size vs title size,the title also names 8.5x11 (the parent listing's size); the variant actually sold here is 14x14,8.5x11 | Walnut | Picture Frame | Streamline 14x14 / Black / 1 Pack,14x14,Picture Frame,00810131993573,,18.99,no,https://americanflat.com/products/streamline-picture-frame,shopify_US_8432962011206_45207418044486
variant size vs title size,the title also names 8.5x11 (the parent listing's size); the variant actually sold here is 14x16,8.5x11 | Walnut | Picture Frame | Streamline 14x16 / Black / 1 Pack,14x16,Picture Frame,00810131993221,,19.99,yes,https://americanflat.com/products/streamline-picture-frame,shopify_US_8432962011206_45207415652422
variant size vs title size,the title also names 8.5x11 (the parent listing's size); the variant actually sold here is 14x17,8.5x11 | Walnut | Picture Frame | Streamline 14x17 / Black / 1 Pack,14x17,Picture Frame,00810131990985,,19.99,yes,https://americanflat.com/products/streamline-picture-frame,shopify_US_8432962011206_45207414898758
variant size vs title size,the title also names 8.5x11 (the parent listing's size); the variant actually sold here is 14x18,8.5x11 | Walnut | Picture Frame | Streamline 14x18 / Black / 1 Pack,14x18,Picture Frame,00810131990978,,19.99,yes,https://americanflat.com/products/streamline-picture-frame,shopify_US_8432962011206_45207414931526
variant size vs title size,the title also names 8.5x11 (the parent listing's size); the variant actually sold here is 14x20,8.5x11 | Walnut | Picture Frame | Streamline 14x20 / Black / 1 Pack,14x20,Picture Frame,00810131990961,,20.99,yes,https://americanflat.com/products/streamline-picture-frame,shopify_US_8432962011206_45207414833222
variant size vs title size,the title also names 8.5x11 (the parent listing's size); the variant actually sold here is 14x22,8.5x11 | Walnut | Picture Frame | Streamline 14x22 / Black / 1 Pack,14x22,Picture Frame,00810131990954,,21.99,yes,https://americanflat.com/products/streamline-picture-frame,shopify_US_8432962011206_45207414800454
variant size vs title size,the title also names 8.5x11 (the parent listing's size); the variant actually sold here is 15x15,8.5x11 | Walnut | Picture Frame | Streamline 15x15 / Black / 1 Pack,15x15,Picture Frame,00810131993252,,19.99,no,https://americanflat.com/products/streamline-picture-frame,shopify_US_8432962011206_45207415586886
variant size vs title size,the title also names 8.5x11 (the parent listing's size); the variant actually sold here is 15x20,8.5x11 | Walnut | Picture Frame | Streamline 15x20 / Black / 1 Pack,15x20,Picture Frame,00810131993269,,21.99,yes,https://americanflat.com/products/streamline-picture-frame,shopify_US_8432962011206_45207415554118
variant size vs title size,the title also names 8.5x11 (the parent listing's size); the variant actually sold here is 15x21,8.5x11 | Walnut | Picture Frame | Streamline 15x21 / Black / 1 Pack,15x21,Picture Frame,00810131993276,,21.99,yes,https://americanflat.com/products/streamline-picture-frame,shopify_US_8432962011206_45207415193670
variant size vs title size,the title also names 8.5x11 (the parent listing's size); the variant actually sold here is 16x12,8.5x11 | Walnut | Picture Frame | Streamline 16x12 / Black / 1 Pack,16x12,Picture Frame,00810131993283,,19.99,yes,https://americanflat.com/products/streamline-picture-frame,shopify_US_8432962011206_45207415390278
variant size vs title size,the title also names 8.5x11 (the parent listing's size); the variant actually sold here is 16x16,8.5x11 | Walnut | Picture Frame | Streamline 16x16 / Black / 1 Pack,16x16,Picture Frame,00810131993580,,19.99,no,https://americanflat.com/products/streamline-picture-frame,shopify_US_8432962011206_45207417978950
variant size vs title size,the title also names 8.5x11 (the parent listing's size); the variant actually sold here is 16x20,8.5x11 | Walnut | Picture Frame | Streamline 16x20 / Black / 1 Pack,16x20,Picture Frame,00850038118693,,19.99,yes,https://americanflat.com/products/streamline-picture-frame,shopify_US_8432962011206_45207414243398
variant size vs title size,the title also names 8.5x11 (the parent listing's size); the variant actually sold here is 16x20,8.5x11 | Walnut | Picture Frame | Streamline 16x20 / Black / 2 Pack,16x20,Picture Frame,00198301002356,,34.99,no,https://americanflat.com/products/streamline-picture-frame,shopify_US_8432962011206_45207418339398
variant size vs title size,the title also names 8.5x11 (the parent listing's size); the variant actually sold here is 16x20,8.5x11 | Walnut | Picture Frame | Streamline 16x20 / Natural Oak / 1 Pack,16x20,Picture Frame,00198301197861,,6.65,no,https://americanflat.com/products/streamline-picture-frame,shopify_US_8432962011206_45207417258054
variant size vs title size,the title also names 8.5x11 (the parent listing's size); the variant actually sold here is 16x20,8.5x11 | Walnut | Picture Frame | Streamline 16x20 / White / 1 Pack,16x20,Picture Frame,00198301000406,,19.99,no,https://americanflat.com/products/streamline-picture-frame,shopify_US_8432962011206_45207416602694
variant size vs title size,the title also names 8.5x11 (the parent listing's size); the variant actually sold here is 16x21,8.5x11 | Walnut | Picture Frame | Streamline 16x21 / Black / 1 Pack,16x21,Picture Frame,00810131993290,,24.99,yes,https://americanflat.com/products/streamline-picture-frame,shopify_US_8432962011206_45207415521350
variant size vs title size,the title also names 8.5x11 (the parent listing's size); the variant actually sold here is 16x22,8.5x11 | Walnut | Picture Frame | Streamline 16x22 / Black / 1 Pack,16x22,Picture Frame,00810131993306,,23.99,yes,https://americanflat.com/products/streamline-picture-frame,shopify_US_8432962011206_45207415291974
variant size vs title size,the title also names 8.5x11 (the parent listing's size); the variant actually sold here is 16x24,8.5x11 | Walnut | Picture Frame | Streamline 16x24 / Black / 1 Pack,16x24,Picture Frame,00810131991012,,23.99,yes,https://americanflat.com/products/streamline-picture-frame,shopify_US_8432962011206_45207414702150
variant size vs title size,the title also names 8.5x11 (the parent listing's size); the variant actually sold here is 17x11,8.5x11 | Walnut | Picture Frame | Streamline 17x11 / Black / 1 Pack,17x11,Picture Frame,00810131993597,,12.99,yes,https://americanflat.com/products/streamline-picture-frame,shopify_US_8432962011206_45207416209478
variant size vs title size,the title also names 8.5x11 (the parent listing's size); the variant actually sold here is 17x17,8.5x11 | Walnut | Picture Frame | Streamline 17x17 / Black / 1 Pack,17x17,Picture Frame,00810131990947,,24.99,yes,https://americanflat.com/products/streamline-picture-frame,shopify_US_8432962011206_45207414407238
variant size vs title size,the title also names 8.5x11 (the parent listing's size); the variant actually sold here is 17x21,8.5x11 | Walnut | Picture Frame | Streamline 17x21 / Black / 1 Pack,17x21,Picture Frame,00810131993610,,27.99,no,https://americanflat.com/products/streamline-picture-frame,shopify_US_8432962011206_45207417815110
variant size vs title size,the title also names 8.5x11 (the parent listing's size); the variant actually sold here is 17x22,8.5x11 | Walnut | Picture Frame | Streamline 17x22 / Black / 1 Pack,17x22,Picture Frame,00810131990930,,27.99,yes,https://americanflat.com/products/streamline-picture-frame,shopify_US_8432962011206_45207414374470
variant size vs title size,the title also names 8.5x11 (the parent listing's size); the variant actually sold here is 17x22,8.5x11 | Walnut | Picture Frame | Streamline 17x22 / White / 1 Pack,17x22,Picture Frame,00198301386111,,29.99,no,https://americanflat.com/products/streamline-picture-frame,shopify_US_8432962011206_45207417585734
variant size vs title size,the title also names 8.5x11 (the parent listing's size); the variant actually sold here is 17x24,8.5x11 | Walnut | Picture Frame | Streamline 17x24 / Black / 1 Pack,17x24,Picture Frame,00810131993313,,27.99,yes,https://americanflat.com/products/streamline-picture-frame,shopify_US_8432962011206_45207415455814
variant size vs title size,the title also names 8.5x11 (the parent listing's size); the variant actually sold here is 18x12,8.5x11 | Walnut | Picture Frame | Streamline 18x12 / Black / 1 Pack,18x12,Picture Frame,00810131993320,,18.99,yes,https://americanflat.com/products/streamline-picture-frame,shopify_US_8432962011206_45207415423046
variant size vs title size,the title also names 8.5x11 (the parent listing's size); the variant actually sold here is 18x12,8.5x11 | Walnut | Picture Frame | Streamline 18x12 / White / 1 Pack,18x12,Picture Frame,00198301000437,,19.99,no,https://americanflat.com/products/streamline-picture-frame,shopify_US_8432962011206_45207416569926
variant size vs title size,the title also names 8.5x11 (the parent listing's size); the variant actually sold here is 18x18,8.5x11 | Walnut | Picture Frame | Streamline 18x18 / Black / 1 Pack,18x18,Picture Frame,00810131990923,,23.99,yes,https://americanflat.com/products/streamline-picture-frame,shopify_US_8432962011206_45207414472774
variant size vs title size,the title also names 8.5x11 (the parent listing's size); the variant actually sold here is 18x20,8.5x11 | Walnut | Picture Frame | Streamline 18x20 / Black / 1 Pack,18x20,Picture Frame,00810131993337,,25.99,yes,https://americanflat.com/products/streamline-picture-frame,shopify_US_8432962011206_45207415160902
variant size vs title size,the title also names 8.5x11 (the parent listing's size); the variant actually sold here is 18x22,8.5x11 | Walnut | Picture Frame | Streamline 18x22 / Black / 1 Pack,18x22,Picture Frame,00810131993344,,19.99,yes,https://americanflat.com/products/streamline-picture-frame,shopify_US_8432962011206_45207415259206
variant size vs title size,the title also names 8.5x11 (the parent listing's size); the variant actually sold here is 18x24,8.5x11 | Walnut | Picture Frame | Streamline 18x24 / Black / 1 Pack,18x24,Picture Frame,00850038118709,,24.99,yes,https://americanflat.com/products/streamline-picture-frame,shopify_US_8432962011206_45207414210630
variant size vs title size,the title also names 8.5x11 (the parent listing's size); the variant actually sold here is 18x24,8.5x11 | Walnut | Picture Frame | Streamline 18x24 / Black / 2 Pack,18x24,Picture Frame,00198301002363,,31.99,no,https://americanflat.com/products/streamline-picture-frame,shopify_US_8432962011206_45207418372166
variant size vs title size,the title also names 8.5x11 (the parent listing's size); the variant actually sold here is 18x24,8.5x11 | Walnut | Picture Frame | Streamline 18x24 / White / 1 Pack,18x24,Picture Frame,00198301000451,,24.99,no,https://americanflat.com/products/streamline-picture-frame,shopify_US_8432962011206_45207417684038
variant size vs title size,the title also names 8.5x11 (the parent listing's size); the variant actually sold here is 18x26,8.5x11 | Walnut | Picture Frame | Streamline 18x26 / Black / 1 Pack,18x26,Picture Frame,00810131993627,,21.99,yes,https://americanflat.com/products/streamline-picture-frame,shopify_US_8432962011206_45207415750726
variant size vs title size,the title also names 8.5x11 (the parent listing's size); the variant actually sold here is 18x36,8.5x11 | Walnut | Picture Frame | Streamline 18x36 / Black / 1 Pack,18x36,Picture Frame,00810131993634,,34.99,yes,https://americanflat.com/products/streamline-picture-frame,shopify_US_8432962011206_45207416242246
variant size vs title size,the title also names 8.5x11 (the parent listing's size); the variant actually sold here is 19x25,8.5x11 | Walnut | Picture Frame | Streamline 19x25 / Black / 1 Pack,19x25,Picture Frame,00810131993641,,29.99,yes,https://americanflat.com/products/streamline-picture-frame,shopify_US_8432962011206_45207416275014
variant size vs title size,the title also names 8.5x11 (the parent listing's size); the variant actually sold here is 19x27,8.5x11 | Walnut | Picture Frame | Streamline 19x27 / Black / 1 Pack,19x27,Picture Frame,00810131990916,,29.99,yes,https://americanflat.com/products/streamline-picture-frame,shopify_US_8432962011206_45207414669382
variant size vs title size,the title also names 8.5x11 (the parent listing's size); the variant actually sold here is 19x27,8.5x11 | Walnut | Picture Frame | Streamline 19x27 / White / 1 Pack,19x27,Picture Frame,00198301386128,,35.99,no,https://americanflat.com/products/streamline-picture-frame,shopify_US_8432962011206_45207417520198
variant size vs title size,the title also names 8.5x11 (the parent listing's size); the variant actually sold here is 20x20,8.5x11 | Walnut | Picture Frame | Streamline 20x20 / Black / 1 Pack,20x20,Picture Frame,00810131990909,,24.99,yes,https://americanflat.com/products/streamline-picture-frame,shopify_US_8432962011206_45207414734918
variant size vs title size,the title also names 8.5x11 (the parent listing's size); the variant actually sold here is 20x24,8.5x11 | Walnut | Picture Frame | Streamline 20x24 / Black / 1 Pack,20x24,Picture Frame,00850038118716,,26.99,yes,https://americanflat.com/products/streamline-picture-frame,shopify_US_8432962011206_45207414177862
variant size vs title size,the title also names 8.5x11 (the parent listing's size); the variant actually sold here is 20x26,8.5x11 | Walnut | Picture Frame | Streamline 20x26 / Black / 1 Pack,20x26,Picture Frame,00810131993658,,29.99,no,https://americanflat.com/products/streamline-picture-frame,shopify_US_8432962011206_45207417716806
variant size vs title size,the title also names 8.5x11 (the parent listing's size); the variant actually sold here is 20x27,8.5x11 | Walnut | Picture Frame | Streamline 20x27 / Black / 1 Pack,20x27,Picture Frame,00810131993665,,27.99,yes,https://americanflat.com/products/streamline-picture-frame,shopify_US_8432962011206_45207416307782
variant size vs title size,the title also names 8.5x11 (the parent listing's size); the variant actually sold here is 20x28,8.5x11 | Walnut | Picture Frame | Streamline 20x28 / Black / 1 Pack,20x28,Picture Frame,00810131991043,,29.99,no,https://americanflat.com/products/streamline-picture-frame,shopify_US_8432962011206_45207417847878
variant size vs title size,the title also names 8.5x11 (the parent listing's size); the variant actually sold here is 20x30,8.5x11 | Walnut | Picture Frame | Streamline 20x30 / Black / 1 Pack,20x30,Picture Frame,00850038118723,,25.99,no,https://americanflat.com/products/streamline-picture-frame,shopify_US_8432962011206_45207417749574
variant size vs title size,the title also names 8.5x11 (the parent listing's size); the variant actually sold here is 20x30,8.5x11 | Walnut | Picture Frame | Streamline 20x30 / White / 1 Pack,20x30,Picture Frame,00198301000499,,29.99,no,https://americanflat.com/products/streamline-picture-frame,shopify_US_8432962011206_45207416537158
variant size vs title size,the title also names 8.5x11 (the parent listing's size); the variant actually sold here is 22.5x34,8.5x11 | Walnut | Picture Frame | Streamline 22.5x34 / Black / 1 Pack,22.5x34,Picture Frame,00198301386135,,19.99,no,https://americanflat.com/products/streamline-picture-frame,shopify_US_8432962011206_45207417552966
variant size vs title size,the title also names 8.5x11 (the parent listing's size); the variant actually sold here is 22x22,8.5x11 | Walnut | Picture Frame | Streamline 22x22 / Black / 1 Pack,22x22,Picture Frame,00810131995669,,32.99,no,https://americanflat.com/products/streamline-picture-frame,shopify_US_8432962011206_45207418011718
variant size vs title size,the title also names 8.5x11 (the parent listing's size); the variant actually sold here is 22x28,8.5x11 | Walnut | Picture Frame | Streamline 22x28 / Black / 1 Pack,22x28,Picture Frame,00850038118730,,29.99,yes,https://americanflat.com/products/streamline-picture-frame,shopify_US_8432962011206_45207414308934
variant size vs title size,the title also names 8.5x11 (the parent listing's size); the variant actually sold here is 22x28,8.5x11 | Walnut | Picture Frame | Streamline 22x28 / White / 1 Pack,22x28,Picture Frame,00198301000512,,29.99,no,https://americanflat.com/products/streamline-picture-frame,shopify_US_8432962011206_45207416504390
variant size vs title size,the title also names 8.5x11 (the parent listing's size); the variant actually sold here is 22x34,8.5x11 | Walnut | Picture Frame | Streamline 22x34 / Black / 1 Pack,22x34,Picture Frame,00810131990893,,36.99,yes,https://americanflat.com/products/streamline-picture-frame,shopify_US_8432962011206_45207414505542
variant size vs title size,the title also names 8.5x11 (the parent listing's size); the variant actually sold here is 24x24,8.5x11 | Walnut | Picture Frame | Streamline 24x24 / Black / 1 Pack,24x24,Picture Frame,00810131993696,,29.99,no,https://americanflat.com/products/streamline-picture-frame,shopify_US_8432962011206_45207416340550
variant size vs title size,the title also names 8.5x11 (the parent listing's size); the variant actually sold here is 24x30,8.5x11 | Walnut | Picture Frame | Streamline 24x30 / Black / 1 Pack,24x30,Picture Frame,00810131991036,,33.99,yes,https://americanflat.com/products/streamline-picture-frame,shopify_US_8432962011206_45207414538310
variant size vs title size,the title also names 8.5x11 (the parent listing's size); the variant actually sold here is 24x32,8.5x11 | Walnut | Picture Frame | Streamline 24x32 / Black / 1 Pack,24x32,Picture Frame,00810131990886,,34.99,yes,https://americanflat.com/products/streamline-picture-frame,shopify_US_8432962011206_45207414636614
variant size vs title size,the title also names 8.5x11 (the parent listing's size); the variant actually sold here is 24x36,8.5x11 | Walnut | Picture Frame | Streamline 24x36 / Black / 1 Pack,24x36,Picture Frame,00850038118747,,36.99,yes,https://americanflat.com/products/streamline-picture-frame,shopify_US_8432962011206_45207414145094
variant size vs title size,the title also names 8.5x11 (the parent listing's size); the variant actually sold here is 24x36,8.5x11 | Walnut | Picture Frame | Streamline 24x36 / Natural Oak / 1 Pack,24x36,Picture Frame,00198301197687,,6.99,no,https://americanflat.com/products/streamline-picture-frame,shopify_US_8432962011206_45207416406086
variant size vs title size,the title also names 8.5x11 (the parent listing's size); the variant actually sold here is 24x36,8.5x11 | Walnut | Picture Frame | Streamline 24x36 / White / 1 Pack,24x36,Picture Frame,00198301000550,,36.99,no,https://americanflat.com/products/streamline-picture-frame,shopify_US_8432962011206_45207416471622
variant size vs title size,the title also names 8.5x11 (the parent listing's size); the variant actually sold here is 25x25,8.5x11 | Walnut | Picture Frame | Streamline 25x25 / Black / 1 Pack,25x25,Picture Frame,00810131993702,,44.99,yes,https://americanflat.com/products/streamline-picture-frame,shopify_US_8432962011206_45207415816262
variant size vs title size,the title also names 8.5x11 (the parent listing's size); the variant actually sold here is 27x38,8.5x11 | Walnut | Picture Frame | Streamline 27x38 / Black / 1 Pack,27x38,Picture Frame,00810131993719,,62.99,no,https://americanflat.com/products/streamline-picture-frame,shopify_US_8432962011206_45207415914566
variant size vs title size,the title also names 8.5x11 (the parent listing's size); the variant actually sold here is 27x40,8.5x11 | Walnut | Picture Frame | Streamline 27x40 / Black / 1 Pack,27x40,Picture Frame,00810131991029,,47.99,no,https://americanflat.com/products/streamline-picture-frame,shopify_US_8432962011206_45207414603846
variant size vs title size,the title also names 8.5x11 (the parent listing's size); the variant actually sold here is 2x3,8.5x11 | Walnut | Picture Frame | Streamline 2x3 / Black / 1 Pack,2x3,Picture Frame,00810131993450,,5.99,yes,https://americanflat.com/products/streamline-picture-frame,shopify_US_8432962011206_45207415717958
variant size vs title size,the title also names 8.5x11 (the parent listing's size); the variant actually sold here is 3.5x5,8.5x11 | Walnut | Picture Frame | Streamline 3.5x5 / Black / 1 Pack,3.5x5,Picture Frame,00810131995706,,6.99,yes,https://americanflat.com/products/streamline-picture-frame,shopify_US_8432962011206_45207416373318
variant size vs title size,the title also names 8.5x11 (the parent listing's size); the variant actually sold here is 30x30,8.5x11 | Walnut | Picture Frame | Streamline 30x30 / Black / 1 Pack,30x30,Picture Frame,00810131990879,,52.99,no,https://americanflat.com/products/streamline-picture-frame,shopify_US_8432962011206_45207414440006
variant size vs title size,the title also names 8.5x11 (the parent listing's size); the variant actually sold here is 30x40,8.5x11 | Walnut | Picture Frame | Streamline 30x40 / Black / 1 Pack,30x40,Picture Frame,00810131990862,,59.99,yes,https://americanflat.com/products/streamline-picture-frame,shopify_US_8432962011206_45207414571078
variant size vs title size,the title also names 8.5x11 (the parent listing's size); the variant actually sold here is 36x36,8.5x11 | Walnut | Picture Frame | Streamline 36x36 / Black / 1 Pack,36x36,Picture Frame,00810131998776,,89.99,no,https://americanflat.com/products/streamline-picture-frame,shopify_US_8432962011206_45207416438854
variant size vs title size,the title also names 8.5x11 (the parent listing's size); the variant actually sold here is 3x3,8.5x11 | Walnut | Picture Frame | Streamline 3x3 / Black / 1 Pack,3x3,Picture Frame,00810131993467,,7.99,yes,https://americanflat.com/products/streamline-picture-frame,shopify_US_8432962011206_45207416045638
variant size vs title size,the title also names 8.5x11 (the parent listing's size); the variant actually sold here is 3x4,8.5x11 | Walnut | Picture Frame | Streamline 3x4 / Black / 1 Pack,3x4,Picture Frame,00810131993474,,7.99,yes,https://americanflat.com/products/streamline-picture-frame,shopify_US_8432962011206_45207415849030
variant size vs title size,the title also names 8.5x11 (the parent listing's size); the variant actually sold here is 3x5,8.5x11 | Walnut | Picture Frame | Streamline 3x5 / Black / 1 Pack,3x5,Picture Frame,00810131993481,,7.99,yes,https://americanflat.com/products/streamline-picture-frame,shopify_US_8432962011206_45207416012870
variant size vs title size,the title also names 8.5x11 (the parent listing's size); the variant actually sold here is 40x40,8.5x11 | Walnut | Picture Frame | Streamline 40x40 / Black / 1 Pack,40x40,Picture Frame,00810131993726,,79.99,yes,https://americanflat.com/products/streamline-picture-frame,shopify_US_8432962011206_45207415881798
variant size vs title size,the title also names 8.5x11 (the parent listing's size); the variant actually sold here is 4x4,8.5x11 | Walnut | Picture Frame | Streamline 4x4 / Black / 1 Pack,4x4,Picture Frame,00198301000017,,6.49,no,https://americanflat.com/products/streamline-picture-frame,shopify_US_8432962011206_45207417094214
variant size vs title size,the title also names 8.5x11 (the parent listing's size); the variant actually sold here is 4x4,8.5x11 | Walnut | Picture Frame | Streamline 4x4 / Black / 2 Pack,4x4,Picture Frame,00810029117616,,7.99,no,https://americanflat.com/products/streamline-picture-frame,shopify_US_8432962011206_45207418077254
variant size vs title size,the title also names 8.5x11 (the parent listing's size); the variant actually sold here is 4x4,8.5x11 | Walnut | Picture Frame | Streamline 4x4 / White / 1 Pack,4x4,Picture Frame,00198301000024,,6.99,no,https://americanflat.com/products/streamline-picture-frame,shopify_US_8432962011206_45207417061446
variant size vs title size,the title also names 8.5x11 (the parent listing's size); the variant actually sold here is 4x5,8.5x11 | Walnut | Picture Frame | Streamline 4x5 / Black / 1 Pack,4x5,Picture Frame,00810131993498,,6.99,yes,https://americanflat.com/products/streamline-picture-frame,shopify_US_8432962011206_45207416078406
variant size vs title size,the title also names 8.5x11 (the parent listing's size); the variant actually sold here is 4x6,8.5x11 | Walnut | Picture Frame | Streamline 4x6 / Black / 1 Pack,4x6,Picture Frame,00850001296533,,6.99,yes,https://americanflat.com/products/streamline-picture-frame,shopify_US_8432962011206_45207413325894
variant size vs title size,the title also names 8.5x11 (the parent listing's size); the variant actually sold here is 4x6,8.5x11 | Walnut | Picture Frame | Streamline 4x6 / Black / 2 Pack,4x6,Picture Frame,00850038117702,,9.99,no,https://americanflat.com/products/streamline-picture-frame,shopify_US_8432962011206_45207418110022
variant size vs title size,the title also names 8.5x11 (the parent listing's size); the variant actually sold here is 4x6,8.5x11 | Walnut | Picture Frame | Streamline 4x6 / Distressed Brown / 1 Pack,4x6,Picture Frame,00850001296885,,10.43,no,https://americanflat.com/products/streamline-picture-frame,shopify_US_8432962011206_45207413555270
variant size vs title size,the title also names 8.5x11 (the parent listing's size); the variant actually sold here is 4x6,8.5x11 | Walnut | Picture Frame | Streamline 4x6 / Gold / 1 Pack,4x6,Picture Frame,00850001296632,,7.99,yes,https://americanflat.com/products/streamline-picture-frame,shopify_US_8432962011206_45207413424198
variant size vs title size,the title also names 8.5x11 (the parent listing's size); the variant actually sold here is 4x6,8.5x11 | Walnut | Picture Frame | Streamline 4x6 / Grey / 1 Pack,4x6,Picture Frame,00850001296830,,7.99,no,https://americanflat.com/products/streamline-picture-frame,shopify_US_8432962011206_45207413293126
variant size vs title size,the title also names 8.5x11 (the parent listing's size); the variant actually sold here is 4x6,8.5x11 | Walnut | Picture Frame | Streamline 4x6 / Mahogany / 1 Pack,4x6,Picture Frame,00850001296731,,7.99,no,https://americanflat.com/products/streamline-picture-frame,shopify_US_8432962011206_45207413456966
variant size vs title size,the title also names 8.5x11 (the parent listing's size); the variant actually sold here is 4x6,8.5x11 | Walnut | Picture Frame | Streamline 4x6 / Silver / 1 Pack,4x6,Picture Frame,00850001296687,,7.99,no,https://americanflat.com/products/streamline-picture-frame,shopify_US_8432962011206_45207413391430
variant size vs title size,the title also names 8.5x11 (the parent listing's size); the variant actually sold here is 4x6,8.5x11 | Walnut | Picture Frame | Streamline 4x6 / Walnut / 1 Pack,4x6,Picture Frame,00850001296786,,7.99,no,https://americanflat.com/products/streamline-picture-frame,shopify_US_8432962011206_45207413358662
variant size vs title size,the title also names 8.5x11 (the parent listing's size); the variant actually sold here is 4x6,8.5x11 | Walnut | Picture Frame | Streamline 4x6 / White / 1 Pack,4x6,Picture Frame,00850001296588,,6.99,yes,https://americanflat.com/products/streamline-picture-frame,shopify_US_8432962011206_45207413260358
variant size vs title size,the title also names 8.5x11 (the parent listing's size); the variant actually sold here is 5x5,8.5x11 | Walnut | Picture Frame | Streamline 5x5 / Black / 1 Pack,5x5,Picture Frame,00198301000031,,6.99,no,https://americanflat.com/products/streamline-picture-frame,shopify_US_8432962011206_45207417028678
variant size vs title size,the title also names 8.5x11 (the parent listing's size); the variant actually sold here is 5x5,8.5x11 | Walnut | Picture Frame | Streamline 5x5 / Black / 2 Pack,5x5,Picture Frame,00810029117609,,14.99,no,https://americanflat.com/products/streamline-picture-frame,shopify_US_8432962011206_45207418142790
variant size vs title size,the title also names 8.5x11 (the parent listing's size); the variant actually sold here is 5x5,8.5x11 | Walnut | Picture Frame | Streamline 5x5 / White / 1 Pack,5x5,Picture Frame,00198301000048,,7.99,no,https://americanflat.com/products/streamline-picture-frame,shopify_US_8432962011206_45207416995910
variant size vs title size,the title also names 8.5x11 (the parent listing's size); the variant actually sold here is 5x7,8.5x11 | Walnut | Picture Frame | Streamline 5x7 / Black / 1 Pack,5x7,Picture Frame,00810131990671,,7.99,yes,https://americanflat.com/products/streamline-picture-frame,shopify_US_8432962011206_45207413588038
variant size vs title size,the title also names 8.5x11 (the parent listing's size); the variant actually sold here is 5x7,8.5x11 | Walnut | Picture Frame | Streamline 5x7 / Gold / 1 Pack,5x7,Picture Frame,00198301197304,,6.65,no,https://americanflat.com/products/streamline-picture-frame,shopify_US_8432962011206_45207417126982
variant size vs title size,the title also names 8.5x11 (the parent listing's size); the variant actually sold here is 5x7,8.5x11 | Walnut | Picture Frame | Streamline 5x7 / Natural Oak / 1 Pack,5x7,Picture Frame,00198301197281,,6.65,no,https://americanflat.com/products/streamline-picture-frame,shopify_US_8432962011206_45207417159750
variant size vs title size,the title also names 8.5x11 (the parent listing's size); the variant actually sold here is 5x7,8.5x11 | Walnut | Picture Frame | Streamline 5x7 / Walnut / 1 Pack,5x7,Picture Frame,00198301197922,,6.65,no,https://americanflat.com/products/streamline-picture-frame,shopify_US_8432962011206_45207417192518
variant size vs title size,the title also names 8.5x11 (the parent listing's size); the variant actually sold here is 5x7,8.5x11 | Walnut | Picture Frame | Streamline 5x7 / White / 1 Pack,5x7,Picture Frame,00198301000055,,7.99,no,https://americanflat.com/products/streamline-picture-frame,shopify_US_8432962011206_45207416963142
variant size vs title size,the title also names 8.5x11 (the parent listing's size); the variant actually sold here is 6x10,8.5x11 | Walnut | Picture Frame | Streamline 6x10 / Black / 1 Pack,6x10,Picture Frame,00810131993085,,8.99,yes,https://americanflat.com/products/streamline-picture-frame,shopify_US_8432962011206_45207413948486
variant size vs title size,the title also names 8.5x11 (the parent listing's size); the variant actually sold here is 6x6,8.5x11 | Walnut | Picture Frame | Streamline 6x6 / Black / 1 Pack,6x6,Picture Frame,00810131993504,,7.99,yes,https://americanflat.com/products/streamline-picture-frame,shopify_US_8432962011206_45207415980102
variant size vs title size,the title also names 8.5x11 (the parent listing's size); the variant actually sold here is 6x6,8.5x11 | Walnut | Picture Frame | Streamline 6x6 / White / 1 Pack,6x6,Picture Frame,00198301000079,,8.99,no,https://americanflat.com/products/streamline-picture-frame,shopify_US_8432962011206_45207416930374
variant size vs title size,the title also names 8.5x11 (the parent listing's size); the variant actually sold here is 6x8,8.5x11 | Walnut | Picture Frame | Streamline 6x8 / Black / 1 Pack,6x8,Picture Frame,00810131990664,,7.99,yes,https://americanflat.com/products/streamline-picture-frame,shopify_US_8432962011206_45207413882950
variant size vs title size,the title also names 8.5x11 (the parent listing's size); the variant actually sold here is 6x8,8.5x11 | Walnut | Picture Frame | Streamline 6x8 / White / 1 Pack,6x8,Picture Frame,00198301000123,,8.99,no,https://americanflat.com/products/streamline-picture-frame,shopify_US_8432962011206_45207416897606
variant size vs title size,the title also names 8.5x11 (the parent listing's size); the variant actually sold here is 6x9,8.5x11 | Walnut | Picture Frame | Streamline 6x9 / Black / 1 Pack,6x9,Picture Frame,00810131993078,,8.99,yes,https://americanflat.com/products/streamline-picture-frame,shopify_US_8432962011206_45207413981254
variant size vs title size,the title also names 8.5x11 (the parent listing's size); the variant actually sold here is 7x10,8.5x11 | Walnut | Picture Frame | Streamline 7x10 / Black / 1 Pack,7x10,Picture Frame,00810131990756,,7.99,yes,https://americanflat.com/products/streamline-picture-frame,shopify_US_8432962011206_45207413850182
variant size vs title size,the title also names 8.5x11 (the parent listing's size); the variant actually sold here is 7x7,8.5x11 | Walnut | Picture Frame | Streamline 7x7 / Black / 1 Pack,7x7,Picture Frame,00810131990763,,7.99,yes,https://americanflat.com/products/streamline-picture-frame,shopify_US_8432962011206_45207413817414
variant size vs title size,the title also names 8.5x11 (the parent listing's size); the variant actually sold here is 7x8,8.5x11 | Walnut | Picture Frame | Streamline 7x8 / Black / 1 Pack,7x8,Picture Frame,00810131993511,,8.99,yes,https://americanflat.com/products/streamline-picture-frame,shopify_US_8432962011206_45207416111174
variant size vs title size,the title also names 8.5x11 (the parent listing's size); the variant actually sold here is 7x9,8.5x11 | Walnut | Picture Frame | Streamline 7x9 / Black / 1 Pack,7x9,Picture Frame,00810131993092,,7.99,yes,https://americanflat.com/products/streamline-picture-frame,shopify_US_8432962011206_45207414112326
variant size vs title size,the title also names 8.5x11 (the parent listing's size); the variant actually sold here is 8.5x14,8.5x11 | Walnut | Picture Frame | Streamline 8.5x14 / Black / 1 Pack,8.5x14,Picture Frame,00810131990657,,10.99,yes,https://americanflat.com/products/streamline-picture-frame,shopify_US_8432962011206_45207413620806
variant size vs title size,the title also names 8.5x11 (the parent listing's size); the variant actually sold here is 8x10,8.5x11 | Walnut | Picture Frame | Streamline 8x10 / Black / 1 Pack,8x10,Picture Frame,00810131990640,,8.99,yes,https://americanflat.com/products/streamline-picture-frame,shopify_US_8432962011206_45207413784646
variant size vs title size,the title also names 8.5x11 (the parent listing's size); the variant actually sold here is 8x10,8.5x11 | Walnut | Picture Frame | Streamline 8x10 / Black / 2 Pack,8x10,Picture Frame,00198301002370,,14.99,no,https://americanflat.com/products/streamline-picture-frame,shopify_US_8432962011206_45207418404934
variant size vs title size,the title also names 8.5x11 (the parent listing's size); the variant actually sold here is 8x10,8.5x11 | Walnut | Picture Frame | Streamline 8x10 / Gold / 1 Pack,8x10,Picture Frame,00198301197755,,6.65,no,https://americanflat.com/products/streamline-picture-frame,shopify_US_8432962011206_45207417454662
variant size vs title size,the title also names 8.5x11 (the parent listing's size); the variant actually sold here is 8x10,8.5x11 | Walnut | Picture Frame | Streamline 8x10 / Mahogany / 1 Pack,8x10,Picture Frame,00198301197779,,6.65,no,https://americanflat.com/products/streamline-picture-frame,shopify_US_8432962011206_45207417225286
variant size vs title size,the title also names 8.5x11 (the parent listing's size); the variant actually sold here is 8x10,8.5x11 | Walnut | Picture Frame | Streamline 8x10 / Natural Oak / 1 Pack,8x10,Picture Frame,00198301197373,,6.65,no,https://americanflat.com/products/streamline-picture-frame,shopify_US_8432962011206_45207417487430
variant size vs title size,the title also names 8.5x11 (the parent listing's size); the variant actually sold here is 8x10,8.5x11 | Walnut | Picture Frame | Streamline 8x10 / Silver / 1 Pack,8x10,Picture Frame,00198301197892,,6.65,no,https://americanflat.com/products/streamline-picture-frame,shopify_US_8432962011206_45207417421894
variant size vs title size,the title also names 8.5x11 (the parent listing's size); the variant actually sold here is 8x10,8.5x11 | Walnut | Picture Frame | Streamline 8x10 / Walnut / 1 Pack,8x10,Picture Frame,00198301197915,,6.65,no,https://americanflat.com/products/streamline-picture-frame,shopify_US_8432962011206_45207417389126
variant size vs title size,the title also names 8.5x11 (the parent listing's size); the variant actually sold here is 8x10,8.5x11 | Walnut | Picture Frame | Streamline 8x10 / White / 1 Pack,8x10,Picture Frame,00198301000161,,8.99,no,https://americanflat.com/products/streamline-picture-frame,shopify_US_8432962011206_45207416864838
variant size vs title size,the title also names 8.5x11 (the parent listing's size); the variant actually sold here is 8x11,8.5x11 | Walnut | Picture Frame | Streamline 8x11 / Black / 1 Pack,8x11,Picture Frame,00198301000178,,9.99,no,https://americanflat.com/products/streamline-picture-frame,shopify_US_8432962011206_45207416832070
variant size vs title size,the title also names 8.5x11 (the parent listing's size); the variant actually sold here is 8x11,8.5x11 | Walnut | Picture Frame | Streamline 8x11 / Black / 2 Pack,8x11,Picture Frame,00810029117562,,14.99,no,https://americanflat.com/products/streamline-picture-frame,shopify_US_8432962011206_45207418175558
variant size vs title size,the title also names 8.5x11 (the parent listing's size); the variant actually sold here is 8x11,8.5x11 | Walnut | Picture Frame | Streamline 8x11 / White / 1 Pack,8x11,Picture Frame,00198301000185,,9.99,no,https://americanflat.com/products/streamline-picture-frame,shopify_US_8432962011206_45207416799302
variant size vs title size,the title also names 8.5x11 (the parent listing's size); the variant actually sold here is 8x12,8.5x11 | Walnut | Picture Frame | Streamline 8x12 / Black / 2 Pack,8x12,Picture Frame,00810029117555,,17.99,no,https://americanflat.com/products/streamline-picture-frame,shopify_US_8432962011206_45207418208326
variant size vs title size,the title also names 8.5x11 (the parent listing's size); the variant actually sold here is 8x16,8.5x11 | Walnut | Picture Frame | Streamline 8x16 / Black / 1 Pack,8x16,Picture Frame,00810131990800,,10.99,yes,https://americanflat.com/products/streamline-picture-frame,shopify_US_8432962011206_45207413915718
variant size vs title size,the title also names 8.5x11 (the parent listing's size); the variant actually sold here is 8x20,8.5x11 | Walnut | Picture Frame | Streamline 8x20 / Black / 1 Pack,8x20,Picture Frame,00810131990794,,16.49,yes,https://americanflat.com/products/streamline-picture-frame,shopify_US_8432962011206_45207415128134
variant size vs title size,the title also names 8.5x11 (the parent listing's size); the variant actually sold here is 8x24,8.5x11 | Walnut | Picture Frame | Streamline 8x24 / Black / 1 Pack,8x24,Picture Frame,00810131990831,,17.99,yes,https://americanflat.com/products/streamline-picture-frame,shopify_US_8432962011206_45207415095366
variant size vs title size,the title also names 8.5x11 (the parent listing's size); the variant actually sold here is 8x8,8.5x11 | Walnut | Picture Frame | Streamline 8x8 / Black / 1 Pack,8x8,Picture Frame,00810131990749,,8.49,yes,https://americanflat.com/products/streamline-picture-frame,shopify_US_8432962011206_45207413751878
variant size vs title size,the title also names 8.5x11 (the parent listing's size); the variant actually sold here is 9x11,8.5x11 | Walnut | Picture Frame | Streamline 9x11 / Black / 1 Pack,9x11,Picture Frame,00810131993108,,10.99,yes,https://americanflat.com/products/streamline-picture-frame,shopify_US_8432962011206_45207414046790
variant size vs title size,the title also names 8.5x11 (the parent listing's size); the variant actually sold here is 9x12,8.5x11 | Walnut | Picture Frame | Streamline 9x12 / Black / 1 Pack,9x12,Picture Frame,00810131990633,,10.99,yes,https://americanflat.com/products/streamline-picture-frame,shopify_US_8432962011206_45207413719110
variant size vs title size,the title also names 8.5x11 (the parent listing's size); the variant actually sold here is 9x12,8.5x11 | Walnut | Picture Frame | Streamline 9x12 / White / 1 Pack,9x12,Picture Frame,00198301000208,,10.99,no,https://americanflat.com/products/streamline-picture-frame,shopify_US_8432962011206_45207416766534
variant size vs title size,the title also names 8.5x11 (the parent listing's size); the variant actually sold here is 9x13,8.5x11 | Walnut | Picture Frame | Streamline 9x13 / Black / 1 Pack,9x13,Picture Frame,00810131993115,,12.99,yes,https://americanflat.com/products/streamline-picture-frame,shopify_US_8432962011206_45207414079558
variant size vs title size,the title also names 8.5x11 (the parent listing's size); the variant actually sold here is 9x9,8.5x11 | Walnut | Picture Frame | Streamline 9x9 / Black / 1 Pack,9x9,Picture Frame,00810131990732,,9.99,yes,https://americanflat.com/products/streamline-picture-frame,shopify_US_8432962011206_45207413653574
variant size vs title size,the title also names 8x20 (the parent listing's size); the variant actually sold here is 10x10,8x20 | Black | Picture Frame | Signature 10x10 / Walnut,10x10,Picture Frame,00850038117368,,12.99,yes,https://americanflat.com/products/collage-picture-frame-displays-four-4x6-or-4x4-pictures-engineered-wood-shatter-resistant-glass,shopify_US_7303471595590_41107059540038
variant size vs title size,the title also names 8x8 (the parent listing's size); the variant actually sold here is 11x14,8x8 | Picture Frame | Set of 12 | Black | Modern - Premium Quality 11x14 / Black,11x14,Picture Frame,00810131995508,,59.99,yes,https://americanflat.com/products/gallery-wall-picture-frames-set-of-12,shopify_US_7975222575174_43881595666502
variant size vs title size,the title also names 8x8 (the parent listing's size); the variant actually sold here is 4x4,8x8 | Picture Frame | Set of 12 | Black | Modern - Premium Quality 4x4 / Black,4x4,Picture Frame,00810131995423,,20.99,no,https://americanflat.com/products/gallery-wall-picture-frames-set-of-12,shopify_US_7975222575174_43881595437126
variant size vs title size,the title also names 8x8 (the parent listing's size); the variant actually sold here is 4x6,8x8 | Picture Frame | Set of 12 | Black | Modern - Premium Quality 4x6 / Black,4x6,Picture Frame,00829375657226,,24.99,yes,https://americanflat.com/products/gallery-wall-picture-frames-set-of-12,shopify_US_7975222575174_43881595469894
variant size vs title size,the title also names 8x8 (the parent listing's size); the variant actually sold here is 5x5,8x8 | Picture Frame | Set of 12 | Black | Modern - Premium Quality 5x5 / Black,5x5,Picture Frame,00810131995430,,23.99,yes,https://americanflat.com/products/gallery-wall-picture-frames-set-of-12,shopify_US_7975222575174_43881595502662
variant size vs title size,the title also names 8x8 (the parent listing's size); the variant actually sold here is 5x7,8x8 | Picture Frame | Set of 12 | Black | Modern - Premium Quality 5x7 / Black,5x7,Picture Frame,00829375657202,,29.99,yes,https://americanflat.com/products/gallery-wall-picture-frames-set-of-12,shopify_US_7975222575174_43881595535430
variant size vs title size,the title also names 8x8 (the parent listing's size); the variant actually sold here is 6x6,8x8 | Picture Frame | Set of 12 | Black | Modern - Premium Quality 6x6 / Black,6x6,Picture Frame,00810131995447,,26.99,yes,https://americanflat.com/products/gallery-wall-picture-frames-set-of-12,shopify_US_7975222575174_43881595371590
variant size vs title size,the title also names 8x8 (the parent listing's size); the variant actually sold here is 6x8,8x8 | Picture Frame | Set of 12 | Black | Modern - Premium Quality 6x8 / Black,6x8,Picture Frame,00810131995454,,30.99,no,https://americanflat.com/products/gallery-wall-picture-frames-set-of-12,shopify_US_7975222575174_43881595404358
variant size vs title size,the title also names 8x8 (the parent listing's size); the variant actually sold here is 8.5x11,8x8 | Picture Frame | Set of 12 | Black | Modern - Premium Quality 8.5x11 / Black,8.5x11,Picture Frame,00810131995515,,44.99,yes,https://americanflat.com/products/gallery-wall-picture-frames-set-of-12,shopify_US_7975222575174_43881595699270
variant size vs title size,the title also names 8x8 (the parent listing's size); the variant actually sold here is 8x10,8x8 | Picture Frame | Set of 12 | Black | Modern - Premium Quality 8x10 / Black,8x10,Picture Frame,00850036466710,,39.99,yes,https://americanflat.com/products/gallery-wall-picture-frames-set-of-12,shopify_US_7975222575174_43881595338822
variant size vs title size,the title also names 8x8 (the parent listing's size); the variant actually sold here is 8x11,8x8 | Picture Frame | Set of 12 | Black | Modern - Premium Quality 8x11 / Black,8x11,Picture Frame,00810131995478,,41.99,yes,https://americanflat.com/products/gallery-wall-picture-frames-set-of-12,shopify_US_7975222575174_43881595568198
variant size vs title size,the title also names 8x8 (the parent listing's size); the variant actually sold here is 8x12,8x8 | Picture Frame | Set of 12 | Black | Modern - Premium Quality 8x12 / Black,8x12,Picture Frame,00810131995485,,47.99,yes,https://americanflat.com/products/gallery-wall-picture-frames-set-of-12,shopify_US_7975222575174_43881595600966
variant size vs title size,the title also names 8x8 (the parent listing's size); the variant actually sold here is 9x12,8x8 | Picture Frame | Set of 12 | Black | Modern - Premium Quality 9x12 / Black,9x12,Picture Frame,00810131995492,,49.99,no,https://americanflat.com/products/gallery-wall-picture-frames-set-of-12,shopify_US_7975222575174_43881595633734
